job_id,company_name,title,description,max_salary,pay_period,location,company_id,views,med_salary,min_salary,formatted_work_type,applies,original_listed_time,remote_allowed,job_posting_url,application_url,application_type,expiry,closed_time,formatted_experience_level,skills_desc,listed_time,posting_domain,sponsored,work_type,currency,compensation_type,normalized_salary,zip_code,fips
3872787865,Radiant Systems Inc,eCommerce Data Analyst,"Job Description: JOB SUMMARY:Responsible for cleaning, analyzing, interpreting, and displaying data using different approaches and business intelligence tools known as data analysis. Responsible for supporting a select group of digital tools and solutions and managing the implementation, business process modifications, project management, training, and communications of those technologies across the organization and targeted user base. Lead the demonstration of solutions and training for users on digital technology, provide collateral and updated training documents, and serve as an escalation point to troubleshoot non-common issues and user onboarding.DETAILED DESCRIPTION:• Responsible for supporting a selected group of digital tools and solutions and managed the implementation, business process modifications, project management, training, and communications of those technologies across the organization and targeted user base• Leads the demonstration of solutions and training for users on our internally grown digital technology, provides collateral and updated training documents and serves as an escalation point to troubleshoot non-common issues and user onboarding• Assists with the development, planning, organizing, and executing of all administrative tasks for a project• Monitors project execution aspects to ensure contribution by team members• Performs incidental project management, including planning, research, analysis and implementation of deliverables and action items• Acts as project sub-task lead on small projects• Assigning numerical value to essential business functions to assess and compare performance over time• Preparing reports for the management stating trends, patterns, and predictions using relevant data• Preparing final analysis reports for the stakeholders to understand the data-analysis steps, enabling them to make crucial decisions based on various facts and trends
REQUIREMENTS AND SKILLS:• Experience analyzing data sets to find ways to solve problems relating to a business's customers• Familiarity with the eCommerce industry is a plus• Experience using data analyst tools• Experience presenting to peers, management, and other stakeholders• Excellent communication and problem-solving skills• Outstanding organizational skills• Multi-tasking abilities• Detailed oriented• Self-starter• Critical Thinking• Exceptional teamwork and leadership skills to help other technical support workers• Ability to learn new technologies and implement them• Personable and attentive – excellent customer service skills• Strong interpersonal skills• Performs incidental project management, including planning, research, analysis and implementation of deliverables and action items• Manage daily tasks
",,,United States,3342169.0,102.0,,,Contract,,1713277624000.0,1.0,https://www.linkedin.com/jobs/view/3872787865/?trk=jobs_biz_prem_srch,,ComplexOnsiteApply,1715869624000.0,1713278609000.0,,,1713277624000.0,,0,CONTRACT,,,,,
3884428490,Advaana Inc,Digital Analyst (Google Analytics),"Job Title: Digital Analytics Specialist
Location: Weehawken, NJ
Company: Advaana Inc.
About Advaana Inc.
Advaana Inc., a premier Digital Analytics consulting firm, stands as a martech ally for agencies and marketing teams. We excel in Google Analytics 4, mParticle, Firebase, Branch/Braze, among other technologies, driving optimization in digital marketing strategies through superior analytics implementations. Our proficiency extends to Google Tag Manager, Adobe Analytics, Adobe Experience Platform, Looker Studio, Tableau, Power BI, and cloud technologies including AWS, GCP, and Azure.
Position Overview:
Advaana Inc. is on the lookout for a skilled Digital Analytics Specialist for our NJ location. This pivotal role is designed for individuals eager to push the boundaries of digital marketing through insightful data analysis and technological integrations. The ideal candidate will be deeply versed in Google Analytics 4, supplemented by familiarity with mParticle, Firebase, and Branch/Braze.
Responsibilities:
- Mastery of Google Analytics 4 is essential, with valuable knowledge in mParticle, Firebase, Branch/Braze. Applicants should be proficient in tagging and ready to engage in design and architecture discussions.- Identify and integrate the optimal marketing automation software and technological solutions into clients' frameworks, ensuring alignment with their strategic objectives.- Utilize robust problem-solving capabilities to decipher metrics such as conversion rates, cost-per-lead, and click-through rates, extracting insights for progressive enhancements.- Play an instrumental role in refining marketing campaigns, elevating customer engagement, and bolstering overall business metrics through detailed data analysis and the strategic use of marketing technology tools.- Collaborate intimately with marketing teams, digital marketing professionals, data analysts, and developers to uncover opportunities, evaluate performance, and devise strategies for marketing optimization.- Engage in rigorous data analysis and reporting, adeptly employing marketing technology tools like Braze, mParticle, Branch, Snowflake, Google Analytics, and Google Tag Management for strategic decision-making.- Design, execute, and analyze A/B or multivariate tests, reporting on outcomes to guide marketing tactics.- Gather, track, and scrutinize data via KPIs such as click-through rate, conversion rate, and cost-per-lead, proposing methods to amplify customer acquisition, demand generation, and revenue.- Demonstrate intermediate expertise in new technology solutions, including project management software, digital advertising platforms, and database management and analytics.
Qualifications:
- Proficient in Google Analytics 4, with a keen understanding of mParticle, Firebase, Branch/Braze.- Hands-on experience with tagging, data analysis, and the application of marketing technology tools.- Strong analytical skills with the capacity to interpret complex data for business insights.- Collaborative spirit, able to work across teams and with client stakeholders.- Knowledge in conducting A/B testing, multivariate testing, and proficiency in reporting.- Intermediate level skills in project management software, digital advertising platforms, and database management and analytics.
Why Join Us?
Advaana Inc. offers a stimulating environment where innovation and growth are not just encouraged but are part of our DNA. Being at the forefront of digital analytics and marketing technology, we provide a collaborative culture where your contributions will have a direct impact on our success and that of our clients. If you are passionate about leveraging data to drive marketing success, your place is here with us.
Apply Now
Step into the future of digital marketing analytics with Advaana Inc. Submit your application today through LinkedIn or visit our website.
---
Advaana Inc. is committed to creating a diverse environment and is proud to be an equal opportunity employer. All qualified applicants will receive consideration for employment without regard to race, color, religion, gender, gender identity or expression, sexual orientation, national origin, genetics, disability, age, or veteran status.",,,United States,68239505.0,128.0,,,Full-time,37.0,1712350881000.0,1.0,https://www.linkedin.com/jobs/view/3884428490/?trk=jobs_biz_prem_srch,,ComplexOnsiteApply,1714942881000.0,,,,1712350881000.0,,0,FULL_TIME,,,,,
3884434978,Outlier,"Senior Data Analyst - AI Training (Remote, Contract)","Job Type: Contract

We don’t sponsor work visas as part of this role. 

Are you interested in helping to train AI models to better understand data?

Calling all data analysts, data scientists, and data engineers! Our team is seeking highly experienced SQL experts to be part of the artificial intelligence (AI) revolution.

If you have 2+ years of recent work experience in SQL, this may be the perfect opportunity for you.

Join our team in training AI models to excel at coding generation! We're seeking talented data engineers to work remotely on exciting projects. As part of this opportunity, you'll contribute to training generative artificial intelligence models, helping them become proficient data analysts.

Responsibilities

We have partnered with organizations to train AI large language models, helping cutting-edge generative AI models write better SQL code. Projects typically include discrete, highly variable problems that involve engaging with these models as they learn.

Your responsibilities might include:

Solving complex multi-faceted SQL problems including multiple CTEs, partitioning/window functions, and advanced joinsOptimizing SQL queries to maximize efficiency and readability.Code review SQL queries to ensure accuracy against specific customer requirements.Lead training sessions to build cross team SQL knowledge and share advanced SQL concepts.Assess the SQL level of new team members and identify promising new candidates to join our quickly growing team.Serve as the team Subject Matter Expert on all things SQL.

No previous experience with AI is necessary! You will receive detailed instructions on what is expected of you after you complete the application and verification process.

Qualifications:

Required qualifications: 

Bachelor's degree in Data Science, Computer Science, or a related field AND 2+ years of experience in a data analysis or data science roleComplete fluency in the English languageAbility to articulate complex scientific concepts in a clear and engaging mannerExcellent attention to detail and ability to maintain consistency in writingSolid understanding of grammar, punctuation, and style guidelinesExpert proficiency in working with SQL 2+ years of recent work experience in SQL with a primary focus on building advanced dashboards

Why work on Outlier?

Cutting-Edge Projects: Work on challenging projects that push the boundaries of AI coding abilitiesFlexibility: Set your own hours and work remotely from anywhereWeekly payouts: Get paid conveniently on a weekly basisCollaborative environment: Join a team of talented professionals who share your passion for AI and programming

Pay: $55 per hour

PLEASE NOTE : We collect, retain and use personal data for our professional business purposes, including notifying you of job opportunities that may be of interest and sharing with our affiliates. We limit the personal data we collect to that which we believe is appropriate and necessary to manage applicants’ needs, provide our services, and comply with applicable laws. Any information we collect in connection with your application will be treated in accordance with our internal policies and programs designed to protect personal data.",,HOURLY,United States,92583550.0,258.0,55.0,,Contract,61.0,1712349342000.0,1.0,https://www.linkedin.com/jobs/view/3884434978/?trk=jobs_biz_prem_srch,https://boards.greenhouse.io/outlier/jobs/4372072005?gh_src=e2e12c345us&source=LinkedIn,OffsiteApply,1714942061000.0,,Mid-Senior level,,1712350061000.0,boards.greenhouse.io,0,CONTRACT,USD,BASE_SALARY,114400.0,,
3884439171,EquiLend,Graduate Business Analyst,"Company Overview

As a leading global FinTech company focused on Securities Finance, we provide a comprehensive suite of products and services such as our advanced securities lending trading platform NGT, EquiLend Spire, post-trade solutions, regulatory technology, invaluable securities market data and more.

Our deep insights into the securities lending market allow us to offer state-of-the-art technology and services that cater to clients across the globe, driving efficiency and optimizing their operations.

Are you ready to contribute to the evolution of securities finance? Join EquiLend and be at the forefront of fostering innovation and excellence in products that have a worldwide impact.

What’s On Offer

We are seeking a Graduate Business Analyst to join us on a one-year graduate program based in our Berkeley Heights New Jersey Office, starting 8th July 2024.

Does the idea of working with cutting-edge financial technology products excite you?

In this role, you work as part of the team responsible for working with developers, testers and other technical internal teams to ensure clients can get maximum use and efficiency from our EquiLend Spire product. You will build your skills within building product roadmaps, sprint planning, agile methodology, client communication and more!

If working closely with external clients as well as with internal teams to integrate client's data into our EquiLend Spire product sounds appealing, then this Graduate Business Analyst specialized route is ideal for you.

The best bit? Top performers have the chance to secure a permanent position having already gained a solid foundation in your desired specialty.

Role Requirements

We are seeking students expecting to graduate in May 2024 with a Bachelor's degree in Information Management or a related business field and a minimum cumulative GPA of 3.2 on a 4.0 scale.

A degree in a relevant or transferable subject, ideally around Information Management or Data. A cumulative GPA of 3.2 at the time of graduation. Excellent communication and presentation skills, with the ability to tailor your style to meet the needs of different audiences in a clear and concise manner. Technical and data aptitude with the ability to understand technical problems and find solutions Detail oriented and able to ensure high accuracy in your work. Able to demonstrate knowledge of Excel Knowledge and experience of SQL would be highly beneficial The ability to quickly build relationships with clients and internal teams Excellent analytical skills, along with strong written and verbal communication skills An aptitude for working with data and an understanding of how it can be used in decision making 


We’d also like to see

Engaging communication and interpersonal skills – we value great teamwork and collaboration A genuine interest in building a career in financial technology (FinTech) Solid analytical and problem-solving skills; you’ll need to be comfortable handling complex information with accuracy and great attention to detail A passion for continued learning! 


Please note, EquiLend does not provide sponsorship for this position.

Role Location & Benefits

Discretionary annual cash bonus Hybrid working – 100 days per annum to work remotely Generous vacation allowance Health and dental insurance coverage from day one 401(k) employer matching contribution plan available from day one 


Diversity & Inclusion

We value diversity and inclusion across all of our teams globally. We recognise that varied perspectives and skills fuel innovation and excellence and we're committed to fostering a workplace where everyone feels valued and can thrive. If you require any accommodations during the application process please let us know.

",,,"New Jersey, United States",58930.0,114.0,,,Full-time,38.0,1712275200000.0,,https://www.linkedin.com/jobs/view/3884439171/?trk=jobs_biz_prem_srch,https://equilend.com/careers/current-vacancies/?gh_jid=4341953007&gh_src=85e57a357us,OffsiteApply,1714940749000.0,,Mid-Senior level,,1712348749000.0,equilend.com,0,FULL_TIME,,,,,
3884441939,24 Seven Talent,Marketing Analyst,"Our client has an immediate need for a Marketing Analyst to start as soon as next week. This is a 4–6-week assignment that is fully remote with potential to extend. Must be US based. $40-$50/hr.
We are seeking an experienced analyst to develop a comprehensive marketing analytics dashboard to track the performance of our marketing campaigns from initial touchpoints to enrollment. The dashboard will integrate data from multiple sources across all marketing channels to provide actionable insights for optimizing our marketing strategies and maximizing enrollment conversions.
Objective: The primary objective of this project is to build a centralized platform that consolidates data from various marketing channels, allowing for a holistic view of our marketing efforts. By tracking key metrics from the initial touchpoint through to enrollment, we aim to identify opportunities for improving campaign effectiveness, enhancing customer journey experiences, and ultimately driving higher enrollment rates.
Scope of Work:• Collaborate with stakeholders to understand business requirements and key performance indicators (KPIs).• Identify and integrate data sources from all marketing channels including but not limited to: social media, email marketing, paid advertising, website analytics, and CRM systems.• Design and develop a user-friendly dashboard interface that provides real-time insights into marketing performance metrics.• Implement data visualization techniques to present complex data in a clear and understandable manner.• Utilize advanced analytics techniques such as attribution modeling, cohort analysis, and funnel analysis to extract actionable insights.• Ensure data accuracy, integrity, and security throughout the dashboard development process.• Conduct thorough testing to validate the functionality and accuracy of the dashboard.• Provide documentation and training materials to enable stakeholders to effectively utilize the dashboard for decision-making purposes.
Deliverables:• Fully functional marketing analytics dashboard with intuitive user interface• Documentation outlining data sources, dashboard functionalities, and maintenance procedures• Training materials to educate stakeholders on how to use the dashboard effectively

Qualifications:• Proven experience in building marketing analytics dashboards, preferably in an educational or enrollment-focused setting.• Proficiency in data integration, analysis, and visualization tools such as Tableau, Power BI, or Google Data Studio.• Strong analytical and problem-solving skills, with the ability to translate complex data into actionable insights.• Excellent communication and collaboration skills to work effectively with cross-functional teams and stakeholders.",50.0,HOURLY,United States,17937.0,200.0,,40.0,Contract,74.0,1712351150000.0,1.0,https://www.linkedin.com/jobs/view/3884441939/?trk=jobs_biz_prem_srch,,ComplexOnsiteApply,1714943150000.0,,,,1712351150000.0,,0,CONTRACT,USD,BASE_SALARY,93600.0,,
3884847999,Lightcast,Data Analyst (Korean),"Lightcast is looking for data driven individuals with specific language skills in order to help us expand our global features. This individual will be integral in ensuring we are able to deliver high quality data to our customers.

Please note that this contract term up to 9 months.

Major Responsibilities

Analyze and improve data quality of multilingual text classifiers.Work with linguistics and engineering teams to build out new parsers across languages.Translate various taxonomies such as Skills, Titles, and Occupations.

Skills/Abilities

Competency in reading and writing KoreanUnderstanding of syntax and structural analysis of languagesMicrosoft Excel experience (including vlookups, data cleanup, and functions)Knowledge of query languages such as SQLStrong knowledge of rule writing using RegExKnowledge of text analysis or machine learning principlesExperience with data analysis using tools such as Excel or Python

Education And Experience

Bachelor’s degree in Linguistics, Data Analytics, NLP or similar (preferred)Knowledge of other languages. 

Lightcast is a global leader in labor market insights with headquarters in Moscow (ID) with offices in the United Kingdom, Europe, and India. We work with partners across six continents to help drive economic prosperity and mobility by providing the insights needed to build and develop our people, our institutions and companies, and our communities. Lightcast is proud to be an equal opportunity workplace and is committed to equal employment opportunity regardless of race, color, ancestry, religion, sex, national origin, sexual orientation, age, citizenship, marital status, disability, gender identity or Veteran status. Lightcast has always been, and always will be, committed to diversity, equity and inclusion. We seek dynamic professionals from all backgrounds to join our teams, and we encourage our employees to bring their authentic, original, and best selves to work.

",,,United States,345589.0,44.0,,,Contract,7.0,1712377010000.0,1.0,https://www.linkedin.com/jobs/view/3884847999/?trk=jobs_biz_prem_srch,https://jobs.lever.co/economicmodeling/5afca0d6-2c94-418e-b33b-3a7c0a7f1f81/apply,OffsiteApply,1714969751000.0,,Entry level,,1712377751000.0,jobs.lever.co,0,CONTRACT,,,,,
3884850836,Lightcast,Data Analyst (Chinese),"Lightcast is looking for data driven individuals with specific language skills in order to help us expand our global features. This individual will be integral in ensuring we are able to deliver high quality data to our customers.

Please note that this contract term up to 9 months.

Major Responsibilities

Analyze and improve data quality of multilingual text classifiers.Work with linguistics and engineering teams to build out new parsers across languages.Translate various taxonomies such as Skills, Titles, and Occupations.

Skills/Abilities

Competency in reading and writing ChineseUnderstanding of syntax and structural analysis of languagesMicrosoft Excel experience (including vlookups, data cleanup, and functions)Knowledge of query languages such as SQLStrong knowledge of rule writing using RegExKnowledge of text analysis or machine learning principlesExperience with data analysis using tools such as Excel or Python

Education And Experience

Bachelor’s degree in Linguistics, Data Analytics, NLP or similar (preferred)Knowledge of other languages. 

Lightcast is a global leader in labor market insights with headquarters in Moscow (ID) with offices in the United Kingdom, Europe, and India. We work with partners across six continents to help drive economic prosperity and mobility by providing the insights needed to build and develop our people, our institutions and companies, and our communities. Lightcast is proud to be an equal opportunity workplace and is committed to equal employment opportunity regardless of race, color, ancestry, religion, sex, national origin, sexual orientation, age, citizenship, marital status, disability, gender identity or Veteran status. Lightcast has always been, and always will be, committed to diversity, equity and inclusion. We seek dynamic professionals from all backgrounds to join our teams, and we encourage our employees to bring their authentic, original, and best selves to work.

",,,United States,345589.0,15.0,,,Contract,1.0,1712376992000.0,1.0,https://www.linkedin.com/jobs/view/3884850836/?trk=jobs_biz_prem_srch,https://jobs.lever.co/economicmodeling/8161bd07-193d-4c71-bf94-ba46c68f3ff1/apply,OffsiteApply,1714969751000.0,,Entry level,,1712377751000.0,jobs.lever.co,0,CONTRACT,,,,,
3884850852,Lightcast,Data Analyst (Japanese),"Lightcast is looking for data driven individuals with specific language skills in order to help us expand our global features. This individual will be integral in ensuring we are able to deliver high quality data to our customers.

Please note that this contract term up to 9 months.

Major Responsibilities

Analyze and improve data quality of multilingual text classifiers.Work with linguistics and engineering teams to build out new parsers across languages.Translate various taxonomies such as Skills, Titles, and Occupations.

Skills/Abilities

Competency in reading and writing JapaneseUnderstanding of syntax and structural analysis of languagesMicrosoft Excel experience (including vlookups, data cleanup, and functions)Knowledge of query languages such as SQLStrong knowledge of rule writing using RegExKnowledge of text analysis or machine learning principlesExperience with data analysis using tools such as Excel or Python

Education And Experience

Bachelor’s degree in Linguistics, Data Analytics, NLP or similar (preferred)Knowledge of other languages. 

Lightcast is a global leader in labor market insights with headquarters in Moscow (ID) with offices in the United Kingdom, Europe, and India. We work with partners across six continents to help drive economic prosperity and mobility by providing the insights needed to build and develop our people, our institutions and companies, and our communities. Lightcast is proud to be an equal opportunity workplace and is committed to equal employment opportunity regardless of race, color, ancestry, religion, sex, national origin, sexual orientation, age, citizenship, marital status, disability, gender identity or Veteran status. Lightcast has always been, and always will be, committed to diversity, equity and inclusion. We seek dynamic professionals from all backgrounds to join our teams, and we encourage our employees to bring their authentic, original, and best selves to work.

",,,United States,345589.0,5.0,,,Contract,,1712377053000.0,1.0,https://www.linkedin.com/jobs/view/3884850852/?trk=jobs_biz_prem_srch,https://jobs.lever.co/economicmodeling/f1152501-eb1d-471b-8098-888b4527b35a/apply,OffsiteApply,1714969751000.0,,Entry level,,1712377751000.0,jobs.lever.co,0,CONTRACT,,,,,
3884915254,Light & Wonder,ServiceMax/Salesforce Business Analyst,"Gaming:

Welcome to the world of land-based gaming. At Light & Wonder, it’s all about the games, and our Gaming team builds cutting-edge technology, products, and content for the most iconic casinos and operators across the globe.

Position Summary

The Business Systems Analysis focus specializes in the evaluation of business problems and potential for automated solutions. Assists in identifying, evaluating and specification development for systems and procedures that are cost effective and meet requirements. Executes unit, integration and acceptance testing for systems that meet business needs.

Analyzes complex business problems to be solved with automated systems. Identifies gaps and provides technical expertise in business requirements for system functional specifications and scales new and current systems, processes, and procedures in a cost-effective manner. Configures system settings and options; plans and executes unit, integration and acceptance testing to meet business requirements. Designs details of automated systems. May provide consultation to users around automated systems. May lead cross-functional linked teams to address business or systems issues. May be client-focused, working in conjunction with Professional Services and Outsourcing functions. May include company-wide, web-enabled solutions.

Knowledge, Skills, and Abilities: 

Experience in creating ServiceMax functionality such as SFM Transactions, SFM buttons, SFM wizard associations etc.Experience in managing role hierarchy, profiles, OWD settings, sharing rules, permission sets, public groups, queues and usersExperience in creating ServiceMax functionality such as SFM Transactions, SFM buttons, SFM Wizard etc.Experience in configuring Dispatch Console and/or Service BoardExperience in performing root cause analysis on ServiceMax related issuesExperience in ServiceMax customization, custom apps, objects, fields, record types, workflows, approvals processes, validation rules, process builders, flows, page layouts, custom report types, email templates etc.Experience in querying Salesforce.com database using SOQL queries.Experience in understanding programming languages such as Apex, Visual Force, and Aura Components.Experience with managing data integrity through the appropriate use of duplicate rules, importing and exporting data using Data Loader.Experience in developing custom reports and dashboards using Salesforce reporting and embedded tableau reports for both management and individual users.Experience in preparing test strategies ensuring the efficacy of development mitigating production issues.Proven ability to identify and gather requirements, translating into best practice, scalable solutions with a focus on an exceptional user experienceIdentify unused or underutilized platform featuresSupport all aspects of user and license management including new user setup/deactivation, roles, profiles, permissions, public groups, OWD, sharing rulesPerform ServiceMax configuration changes, including (but not limited to): SFM’s, Wizards, Flows, assignment rules, approval processes, fields, page layouts, record types, dynamic layouts, apps, actions, custom settings, GO app mobile administration etc.Sandbox environment managementPerform proactive system maintenance including security reviews, release updates, health check, and optimizerDrive the timely completion of cases and user stories


Work with integrated applications such as Oracle ERP and others

Qualifications

Qualifications:

Required

Certified ServiceMax Administrator: 3 years’ experienceCertified Salesforce AdministratorStrong Salesforce product knowledge including hands-on experience with Sales Cloud


Desired

Additional Salesforce certifications, such as Advanced Administrator, Platform App Builder, etc.Familiarity with WalkMe technology is a plus but not required


Education: 

Bachelor’s/Postgraduate degree, or professional qualification

Work Conditions: The working conditions are representative and typical of similar jobs in comparable organizations.

Light & Wonder Corporation and its affiliates are engaged in highly regulated gaming and lottery businesses. As a result, certain Light & Wonder may, among other things, be required to obtain a gaming or other license(s), undergo background investigations or security checks, or meet certain standards dictated by law, regulation or contracts. In order to ensure L&W complies with its regulatory and contractual commitments, as a condition to hiring and continuing to employ its employees, L&W requires all of its employees to meet those requirements that are necessary to fulfill their individual roles. As a prerequisite to employment with L&W (to the extent permitted by law), you shall be asked to consent to L&W conducting a due diligence/background investigation on you. 

This job description should not be interpreted as all-inclusive; it is intended to identify major responsibilities and requirements of the job. The employee in this position may be requested to perform other job-related tasks and responsibilities than those stated above. 

Light & Wonder is an Equal Opportunity Employer and does not discriminate against applicants due to race, color, sex, age, national origin, religion, sexual orientation, gender identity, status as a veteran, and basis of disability or any other federal, state or local protected class. If you’d like more information about your equal employment opportunity rights as an applicant under the law, please click here for EEOC Poster.

",,,"Nevada, United States",79153265.0,6.0,,,Full-time,,1712345916000.0,,https://www.linkedin.com/jobs/view/3884915254/?trk=jobs_biz_prem_srch,https://lnw.wd5.myworkdayjobs.com/LightWonderExternalCareers/job/Nevada-US/ServiceMax-Salesforce-Business-Analyst_R315439?source=LinkedIn_Auto_Source,OffsiteApply,1714938642000.0,,Mid-Senior level,,1712346642000.0,lnw.wd5.myworkdayjobs.com,0,FULL_TIME,,,,,
3884936121,Zoom,Partner Automation Business Analyst,"As a Partner Automation Specialist at Zoom, you will be responsible for the seamless implementation of technology solutions, both internally within Zoom and externally with our network of distributors, resellers, and referral partners. Your primary focus will be on API integration, managing upgrades, developing deal registration tools, implementing NFR (not for resale) solutions, and overseeing the implementation of the tools and systems to support the ZoomUp 2.0 program. The ideal candidate will have project management experience, exceptional attention to detail, technical acumen, and the ability to work collaboratively across various departments within Zoom and with partner employees of all levels.

Key Responsibilities

Collaborate with internal teams to implement and manage technology solutions, including API integrations, system upgrades, and new feature rollouts.Own and define to-be channel business processes, work with internal teams to articulate these into technology solutions.Be the liaison between systems team and channels team to develop and maintain systems, tools and processes to support partner enablement and growth.Serve as the primary point of contact for technical support and guidance for our external partners, ensuring smooth integration and utilization of Zoom's technology solutions.Work cross-functionally with Sales, Marketing, Product Development, and Customer Success teams to align partner automation initiatives with company goals and objectives.Provide regular updates and reports on partner automation projects, including status updates, key metrics, and areas for improvement.Stay informed about industry trends, competitor offerings, and emerging technologies to identify opportunities for innovation and differentiation.Act as a liaison between Zoom and external partners and distributors, fostering strong relationships and ensuring alignment on strategic initiatives.Represent Zoom at partner events, conferences, and meetings as needed, showcasing our technology solutions and capabilities.

Qualifications

Bachelor's degree in Computer Science, Engineering, Business, or a related fieldProven experience in project management, preferably in a technology or software development environmentStrong technical aptitude with a deep understanding of API integration, software architecture, and cloud-based solution, with a track record of successful deployments.In-depth understanding of lead-to-revenue processes and experience in optimizing these workflows through automation.Excellent communication and interpersonal skills, with the ability to effectively engage with both technical and non-technical stakeholders at all levelsProficiency in business analysis techniques and requirements gathering methodologies.Knowledge of contact center and UCaaS technologies, with the ability to translate business needs into technical solutions.Excellent attention to detail and organizational skills, with the ability to manage multiple projects simultaneously.Experience working with distributors, resellers, and referral partners is highly desirableFamiliarity with the Zoom platform and its ecosystem is a plusAbility to thrive in a fast-paced, dynamic environment and adapt quickly to changing prioritiesWillingness to travel occasionally for partner meetings and events.

Minimum

Salary Range or On Target Earnings:

$65,200.00

Maximum

$158,900.00

At Zoom, we offer a window of at least 5 days for you to apply because we believe in giving you every opportunity. Below is the potential closing date, just in case you want to mark it on your calendar. We look forward to receiving your application!

Anticipated Position Close Date

04/12/24

In addition to the base salary and/or OTE listed Zoom has a Total Direct Compensation philosophy that takes into consideration; base salary, bonus and equity value.

Information about Zoom’s benefits is on our careers page here.

Note: Starting pay will be based on a number of factors and commensurate with qualifications & experience.

We also have a location based compensation structure; there may be a different range for candidates in this and other locations.

Ways of Working

Our structured hybrid approach is centered around our offices and remote work environments. The work style of each role, Hybrid, Remote, or In-Person is indicated in the job description/posting.

Benefits

As part of our award-winning workplace culture and commitment to delivering happiness, our benefits program offers a variety of perks, benefits, and options to help employees maintain their physical, mental, emotional, and financial health; support work-life balance; and contribute to their community in meaningful ways. Click Learn for more information.

About Us

Zoomies help people stay connected so they can get more done together. We set out to build the best collaboration platform for the enterprise, and today help people communicate better with products like Zoom Contact Center, Zoom Phone, Zoom Events, Zoom Apps, Zoom Rooms, and Zoom Webinars.

We’re problem-solvers, working at a fast pace to design solutions with our customers and users in mind. Here, you’ll work across teams to deliver impactful projects that are changing the way people communicate and enjoy opportunities to advance your career in a diverse, inclusive environment.

Our Commitment 

We believe that the unique contributions of all Zoomies is the driver of our success. To make sure that our products and culture continue to incorporate everyone's perspectives and experience we never discriminate on the basis of race, religion, national origin, gender identity or expression, sexual orientation, age, or marital, veteran, or disability status. Zoom is proud to be an equal opportunity workplace and is an affirmative action employer. All your information will be kept confidential according to EEO guidelines.

We welcome people of different backgrounds, experiences, abilities and perspectives including qualified applicants with arrest and conviction records and any qualified applicants requiring reasonable accommodations in accordance with the law. If you need any assistance or accommodations due to a medical condition, or if you need assistance accessing our website or completing the application process, please let us know by emailing us at careers@zoom.us.

",,,United States,2532259.0,127.0,,,Full-time,25.0,1712349868000.0,1.0,https://www.linkedin.com/jobs/view/3884936121/?trk=jobs_biz_prem_srch,https://zoom.wd5.myworkdayjobs.com/Zoom/job/Remote--US/Partner-Automation-Business-Analyst_R13742-1?source=linkedin,OffsiteApply,1714942587000.0,,,,1712350587000.0,zoom.wd5.myworkdayjobs.com,0,FULL_TIME,,,,,
3884989889,Amazon,"Sr Business Analyst, Amazon Fresh Selection & Merchandising","Description

The Business Analyst (BA) will be responsible for Amazon Fresh Selection & Merchandising tool and dashboard creation, enhancement, and maintenance. The BA will work across multiple stakeholders to gather requirements, prioritize functionality and launch reporting that provides insight into Selection & Merchandising decision-making and overall selection quality in building phase and at the shelf.

The ideal candidate will be highly analytical, have a strong understanding of technical concepts, be comfortable with ambiguity, and is customer-focused. You will have a proven track record taking on end-to-end ownership and successfully delivering results in a fast-paced and dynamic business environment. You should have deep expertise in working with large complex datasets, writing complex SQLs, deriving insights from data, bringing data from disparate sources together, and developing visualizations. You should have excellent business acumen and communication skills to be able to work with stakeholders to define business requirements and develop business metrics.

Key job responsibilities

 Lead design, development, improvement and maintenance of ongoing and ad-hoc Selection & Merchandising reports and analyses Enable effective decision making by retrieving and aggregating data from multiple sources and compiling it into a digestible and actionable format Scale automated solutions and collect stakeholder feedback to drive improvement over time Engage business stakeholders in constructive dialogues to convert business problems into logic problems that can be solved with data and visualizations Expand repository of sample analyses methods to build cross-team knowledge of common ad-hoc analysis workflows

We are open to hiring candidates to work out of one of the following locations:

Arlington, VA, USA | New York, NY, USA | Seattle, WA, USA

Basic Qualifications

 Bachelor's degree Experience defining requirements and using data and metrics to draw business insights 6+ years of Excel or Tableau (data manipulation, macros, charts and pivot tables) experience 3+ years of writing SQL queries and creating business intelligence reports using Tableau, Power BI experience Experience making business recommendations and influencing stakeholders Experience with QuickSight dashboard and visual creation

Preferred Qualifications

 MBA Master's degree in business or analytical discipline 5+ years of business analyst, data analyst or similar role experience 5+ years of business or financial analysis experience 5+ years of Excel or Tableau (data manipulation, macros, charts and pivot tables) experience Prior experience in Retail, Consumables, and/or Supply Chain Management industry

Amazon is committed to a diverse and inclusive workplace. Amazon is an equal opportunity employer and does not discriminate on the basis of race, national origin, gender, gender identity, sexual orientation, protected veteran status, disability, age, or other legally protected status. For individuals with disabilities who would like to request an accommodation, please visit https://www.amazon.jobs/en/disability/us.

Our compensation reflects the cost of labor across several US geographic markets. The base pay for this position ranges from $94,600/year in our lowest geographic market up to $185,000/year in our highest geographic market. Pay is based on a number of factors including market location and may vary depending on job-related knowledge, skills, and experience. Amazon is a total compensation company. Dependent on the position offered, equity, sign-on payments, and other forms of compensation may be provided as part of a total compensation package, in addition to a full range of medical, financial, and/or other benefits. For more information, please visit https://www.aboutamazon.com/workplace/employee-benefits. This position will remain posted until filled. Applicants should apply via our internal or external career site.



Company - Amazon.com Services LLC

Job ID: A2605383",,,"New York, United States",1586.0,12.0,,,Full-time,,1711929600000.0,,https://www.linkedin.com/jobs/view/3884989889/?trk=jobs_biz_prem_srch,https://www.amazon.jobs/jobs/2605383/sr-business-analyst-amazon-fresh-selection--merchandising?cmpid=SPLICX0248M&utm_source=linkedin.com&utm_source=linkedin.com&utm_campaign=cxro&utm_campaign=cxro&utm_medium=social_media&utm_medium=social_media&utm_content=job_posting&utm_content=job_posting&ss=paid&ss=paid,OffsiteApply,1714954504000.0,,Mid-Senior level,,1712362504000.0,www.amazon.jobs,0,FULL_TIME,,,,,
3885102764,ATC,Data Analyst-VA,"Job Title: Entry Level Business Analyst / Product Owner U.S. Citizens and those authorized to work in the U.S. are encouraged to apply. We are able to sponsor at this time.We are a US equal employment opportunity employer. Job Description:Entry Level expertise in gathering, analyzing, and documenting business requirements. If you do not have experience as a Business Analyst or Product Owner, you will be put through a training & Internship program.Experience in Requirement Gathering, Agile methodology, writing user stories, and building and planning roadmaps.Experience in preparing functional and detailed system design documentsDemonstrate expertise with SDLC methodologyAbility to communicate effectively across multiple levels of the organization, including with leadership.Demonstrated leadership, initiative, analytical skills, and sound business acumen, including the ability to understand and analyze recommendationsExperience with all phases of testing (i.e., system, integration, user acceptance), including creating use cases, test conditions, and review of output.Must be able to adjust and work effectively in a dynamic, changing environmentOther:Master’s Degree.We sponsor H1B or related work visas for eligible candidates on F1/OPT/CPT.We offer health insurance 100% paid.We follow equal employment opportunity.",,,"Virginia, United States",2736308.0,2.0,,,Full-time,,1712403354000.0,,https://www.linkedin.com/jobs/view/3885102764/?trk=jobs_biz_prem_srch,,SimpleOnsiteApply,1714995354000.0,,Entry level,,1712403354000.0,,0,FULL_TIME,,,,,
3885103769,ATC,Data Analyst-WA,"Job Title: Entry Level Business Analyst / Product Owner U.S. Citizens and those authorized to work in the U.S. are encouraged to apply. We are able to sponsor at this time.We are a US equal employment opportunity employer. Job Description:Entry Level expertise in gathering, analyzing, and documenting business requirements. If you do not have experience as a Business Analyst or Product Owner, you will be put through a training & Internship program.Experience in Requirement Gathering, Agile methodology, writing user stories, and building and planning roadmaps.Experience in preparing functional and detailed system design documentsDemonstrate expertise with SDLC methodologyAbility to communicate effectively across multiple levels of the organization, including with leadership.Demonstrated leadership, initiative, analytical skills, and sound business acumen, including the ability to understand and analyze recommendationsExperience with all phases of testing (i.e., system, integration, user acceptance), including creating use cases, test conditions, and review of output.Must be able to adjust and work effectively in a dynamic, changing environmentOther:Master’s Degree.We sponsor H1B or related work visas for eligible candidates on F1/OPT/CPT.We offer health insurance 100% paid.We follow equal employment opportunity.",,,"Washington, United States",2736308.0,2.0,,,Full-time,,1712403284000.0,,https://www.linkedin.com/jobs/view/3885103769/?trk=jobs_biz_prem_srch,,SimpleOnsiteApply,1714995283000.0,,Entry level,,1712403284000.0,,0,FULL_TIME,,,,,
3885104536,ATC,Business Analyst-Tx,"Job Title: Entry Level Business Analyst / Product Owner U.S. Citizens and those authorized to work in the U.S. are encouraged to apply. We are able to sponsor at this time.We are a US equal employment opportunity employer. Job Description:Entry Level expertise in gathering, analyzing, and documenting business requirements. If you do not have experience as a Business Analyst or Product Owner, you will be put through a training & Internship program.Experience in Requirement Gathering, Agile methodology, writing user stories, and building and planning roadmaps.Experience in preparing functional and detailed system design documentsDemonstrate expertise with SDLC methodologyAbility to communicate effectively across multiple levels of the organization, including with leadership.Demonstrated leadership, initiative, analytical skills, and sound business acumen, including the ability to understand and analyze recommendationsExperience with all phases of testing (i.e., system, integration, user acceptance), including creating use cases, test conditions, and review of output.Must be able to adjust and work effectively in a dynamic, changing environmentOther:Master’s Degree.We sponsor H1B or related work visas for eligible candidates on F1/OPT/CPT.We offer health insurance 100% paid.We follow equal employment opportunity.",,,"Texas, United States",2736308.0,2.0,,,Full-time,,1712403240000.0,,https://www.linkedin.com/jobs/view/3885104536/?trk=jobs_biz_prem_srch,,SimpleOnsiteApply,1714995240000.0,,Entry level,,1712403240000.0,,0,FULL_TIME,,,,,
3885104538,ATC,Data Analyst-IL,"Job Title: Entry Level Business Analyst / Product Owner U.S. Citizens and those authorized to work in the U.S. are encouraged to apply. We are able to sponsor at this time.We are a US equal employment opportunity employer. Job Description:Entry Level expertise in gathering, analyzing, and documenting business requirements. If you do not have experience as a Business Analyst or Product Owner, you will be put through a training & Internship program.Experience in Requirement Gathering, Agile methodology, writing user stories, and building and planning roadmaps.Experience in preparing functional and detailed system design documentsDemonstrate expertise with SDLC methodologyAbility to communicate effectively across multiple levels of the organization, including with leadership.Demonstrated leadership, initiative, analytical skills, and sound business acumen, including the ability to understand and analyze recommendationsExperience with all phases of testing (i.e., system, integration, user acceptance), including creating use cases, test conditions, and review of output.Must be able to adjust and work effectively in a dynamic, changing environmentOther:Master’s Degree.We sponsor H1B or related work visas for eligible candidates on F1/OPT/CPT.We offer health insurance 100% paid.We follow equal employment opportunity.",,,"Illinois, United States",2736308.0,2.0,,,Full-time,,1712403310000.0,,https://www.linkedin.com/jobs/view/3885104538/?trk=jobs_biz_prem_srch,,SimpleOnsiteApply,1714995310000.0,,Entry level,,1712403310000.0,,0,FULL_TIME,,,,,
3885106434,ATC,Data Analyst-CA,"Job Title: Entry Level Business Analyst / Product Owner U.S. Citizens and those authorized to work in the U.S. are encouraged to apply. We are able to sponsor at this time.We are a US equal employment opportunity employer. Job Description:Entry Level expertise in gathering, analyzing, and documenting business requirements. If you do not have experience as a Business Analyst or Product Owner, you will be put through a training & Internship program.Experience in Requirement Gathering, Agile methodology, writing user stories, and building and planning roadmaps.Experience in preparing functional and detailed system design documentsDemonstrate expertise with SDLC methodologyAbility to communicate effectively across multiple levels of the organization, including with leadership.Demonstrated leadership, initiative, analytical skills, and sound business acumen, including the ability to understand and analyze recommendationsExperience with all phases of testing (i.e., system, integration, user acceptance), including creating use cases, test conditions, and review of output.Must be able to adjust and work effectively in a dynamic, changing environmentOther:Master’s Degree.We sponsor H1B or related work visas for eligible candidates on F1/OPT/CPT.We offer health insurance 100% paid.We follow equal employment opportunity.",,,"California, United States",2736308.0,3.0,,,Full-time,,1712403262000.0,,https://www.linkedin.com/jobs/view/3885106434/?trk=jobs_biz_prem_srch,,SimpleOnsiteApply,1714995262000.0,,Entry level,,1712403262000.0,,0,FULL_TIME,,,,,
3885106436,ATC,Data Analyst-Tx,"Job Title: Entry Level Business Analyst / Product Owner U.S. Citizens and those authorized to work in the U.S. are encouraged to apply. We are able to sponsor at this time.We are a US equal employment opportunity employer. Job Description:Entry Level expertise in gathering, analyzing, and documenting business requirements. If you do not have experience as a Business Analyst or Product Owner, you will be put through a training & Internship program.Experience in Requirement Gathering, Agile methodology, writing user stories, and building and planning roadmaps.Experience in preparing functional and detailed system design documentsDemonstrate expertise with SDLC methodologyAbility to communicate effectively across multiple levels of the organization, including with leadership.Demonstrated leadership, initiative, analytical skills, and sound business acumen, including the ability to understand and analyze recommendationsExperience with all phases of testing (i.e., system, integration, user acceptance), including creating use cases, test conditions, and review of output.Must be able to adjust and work effectively in a dynamic, changing environmentOther:Master’s Degree.We sponsor H1B or related work visas for eligible candidates on F1/OPT/CPT.We offer health insurance 100% paid.We follow equal employment opportunity.",,,"Texas, United States",2736308.0,2.0,,,Full-time,,1712403382000.0,,https://www.linkedin.com/jobs/view/3885106436/?trk=jobs_biz_prem_srch,,SimpleOnsiteApply,1714995382000.0,,Entry level,,1712403382000.0,,0,FULL_TIME,,,,,
3885107270,,Cyber Security Business Analyst-CA,"Job Title: Cyber Security Analyst / Business Analyst

We are looking for a skilled Business Analyst to join our team. As a Business Analyst, you will be responsible for analyzing business performance, identifying areas for improvement, and generating detailed reports to present to management.Conduct thorough assessments of cyber risks, identifying vulnerabilities and potential threats to our systems and data.Collaborate with cross-functional teams to understand business processes and assess their impact on cybersecurity.Develop and implement robust security policies, procedures, and controls to mitigate identified risks.Ensure compliance with relevant industry standards and regulatory requirements.Monitor security incidents and alerts, responding promptly to mitigate potential threats.Investigate and analyze security incidents, providing insights for continuous improvement.Engage with stakeholders across the organization to promote a security-aware culture.Develop and deliver security awareness training to employees, enhancing overall cybersecurity resilience.Analyze and interpret security data to provide actionable insights and recommendations.Regularly review security metrics and reports to measure the effectiveness of security controls.Work closely with IT, development, and business teams to integrate security measures seamlessly into operational processes.Communicate complex cybersecurity concepts to non-technical stakeholders, fostering a shared understanding of security priorities.Stay abreast of cybersecurity trends, emerging threats, and industry best practices.Proactively recommend and implement security solutions to address evolving challenges.

Requirements:
Masters in STEM Program or Masters in Cyber Security.Minimum of 3 years of experience in a cyber security/business analyst roleStrong analytical and critical thinking skillsProficiency in Microsoft Office Suite, specifically Excel and PowerPointExcellent communication and interpersonal skillsAbility to manage multiple projects simultaneouslyExperience with Agile methodology is a plus
If you are a self-starter with a passion for finding trends and developing actionable insights, we encourage you to apply. This is an exciting opportunity to join a growing team and help shape the future of our organization. We offer competitive compensation, comprehensive benefits, and the chance to work with a dynamic group of professionals.",,,"California, United States",,2.0,,,Full-time,,1712403430000.0,,https://www.linkedin.com/jobs/view/3885107270/?trk=jobs_biz_prem_srch,,SimpleOnsiteApply,1714995430000.0,,Entry level,,1712403430000.0,,0,FULL_TIME,,,,,
3885109052,ATC,Data Analyst-NY,"Job Title: Entry Level Business Analyst / Product Owner U.S. Citizens and those authorized to work in the U.S. are encouraged to apply. We are able to sponsor at this time.We are a US equal employment opportunity employer. Job Description:Entry Level expertise in gathering, analyzing, and documenting business requirements. If you do not have experience as a Business Analyst or Product Owner, you will be put through a training & Internship program.Experience in Requirement Gathering, Agile methodology, writing user stories, and building and planning roadmaps.Experience in preparing functional and detailed system design documentsDemonstrate expertise with SDLC methodologyAbility to communicate effectively across multiple levels of the organization, including with leadership.Demonstrated leadership, initiative, analytical skills, and sound business acumen, including the ability to understand and analyze recommendationsExperience with all phases of testing (i.e., system, integration, user acceptance), including creating use cases, test conditions, and review of output.Must be able to adjust and work effectively in a dynamic, changing environmentOther:Master’s Degree.We sponsor H1B or related work visas for eligible candidates on F1/OPT/CPT.We offer health insurance 100% paid.We follow equal employment opportunity.",,,"New York, United States",2736308.0,2.0,,,Full-time,,1712403406000.0,,https://www.linkedin.com/jobs/view/3885109052/?trk=jobs_biz_prem_srch,,SimpleOnsiteApply,1714995406000.0,,Entry level,,1712403406000.0,,0,FULL_TIME,,,,,
3885109955,Data Glacier,Data Analyst/Data Science/NLP (Intern apr 30) DIN01,"The ideal candidate will use their passion for big data and analytics to provide insights to the business covering a range of topics. They will be responsible for conducting both recurring and ad hoc analysis for business users.  ResponsibilitiesUnderstand the day-to-day issues that our business faces, which can be better understood with data Compile and analyze data related to business' issues Develop clear visualizations to convey complicated data in a straightforward fashion
QualificationsBachelor's or Master's degree in Statistics or Applied Mathematics or equivalent experience 1 - 2 years' Data Analysis experience Proficient in SQL",,,United States,69739391.0,23.0,,,Internship,6.0,1712458504000.0,1.0,https://www.linkedin.com/jobs/view/3885109955/?trk=jobs_biz_prem_srch,https://forms.office.com/r/UAVrY128aW,OffsiteApply,1715050504000.0,,,,1712458504000.0,,0,INTERNSHIP,,,,,
3885112244,,Business Analyst,"Business Analyst will be part of a core central project execution team within Front Office, that ensures the timely execution of Project deliverables across workstreams.
Responsibilities of this role:Set up and facilitate meetings with Stakeholders to understand business processes, pain points, and project requirements.Understand program needs and document clear and detailed business requirements, including the creation of process flows.Acts as a translator between the stakeholder and other team members to help the business team understand the client’s vision.Operate in both an Agile and traditional Waterfall environments while actively supporting deliverable creation and delivery.Routinely record and send out meeting minutes, decisions, and action items to team membersQualifications2+ years of experience as a Business Analyst or relevant professional experience in a variety of backgrounds and industriesExperience working in and utilizing various business analysis techniques with Agile and or traditional project management principlesExperience working as part of a multi-function project team, including interacting and following-up with multiple stakeholders including but not limited to program leaders, SMEs, process owners, IT staff, etc.Skills Required:Strong analytical, planning, and organization skillsDemonstrates strong time management skills and is able to manage competing demandsExcellent presentation and written communication skills with experience interacting at all levels including at the executive levelSolid understanding of and demonstrated experience in using project management tools such as PowerPoint, Excel, Microsoft Project, Visio, and all Office toolsWillingness to learn new skills and dedicated to self-growth
",100000.0,YEARLY,United States,,10.0,,80000.0,Full-time,2.0,1712441167000.0,1.0,https://www.linkedin.com/jobs/view/3885112244/?trk=jobs_biz_prem_srch,,ComplexOnsiteApply,1727992913000.0,,,,1712441167000.0,,0,FULL_TIME,USD,BASE_SALARY,90000.0,,
3886208780,Techsara Solutions,Business Analyst,"USC, GC, GCEAD, H1B, OPTEAD, F1, CPT and all work authorization status can apply on this job.
Job Description:Receive, process, present data, and information regarding our weekly Service Requests (Infrastructure Service Requests).Responsible for gathering business and technical requirements during the client kick-off meetings.Consult SMEs (Subject Matter Experts) on tasks required to complete integrated projects for all Telecommunication services, such as, WAN, WLAN, MLAN, Security, Contact/Call Centers, Telephony, and Video.Manage multiple projects based on Agency assignments.Facilitate meetings with clients to gather requirements for all IT solutions and to identify impacted business processes and determine best process and IT solution integration.Ability to obtain and report business and technical requirements.Facilitate review sessions to discuss projects.Excellent customer and communication service skills.Work with multiple network platforms, such as, WAN, MLAN, WLAN, Security, Voice, and Videoconferencing.Disseminate information effectively to all technical teams, customers, and technical managers.Understand a large (enterprise) and complex network environment.
Skills, Experience and Education:Bachelor’s Degree, required.Organization and Prioritization skills are mandatory.Communication and Interpersonal skills are mandatory.Minimum 1-3 years experience with Clarity is preferred.Minimum 3-5 years experience with Microsoft Project and Excel is required.Minimum 2-3 years’ experience with Devops is preferred.Minimum 3-5 years experience with Remedy is required.Minimum 3-5 years working within a Telecommunications environment is required.Minimum 3-5 years experience in a large Enterprise setting is required.Minimum 3-5 years work experience with multiple network platforms is required.Minimum 3-5 years working with multiple network lines of service is required.Minimum 5+ years dealing with customers is required.",55.0,HOURLY,United States,89501984.0,63.0,,50.0,Full-time,18.0,1712429352000.0,1.0,https://www.linkedin.com/jobs/view/3886208780/?trk=jobs_biz_prem_srch,,ComplexOnsiteApply,1727981352000.0,,,,1712429352000.0,,0,FULL_TIME,USD,BASE_SALARY,109200.0,,
3886468635,Oracle,Senior Business Analyst,"Job Description

Public Cloud SaaS, PaaS Services and/or related technology experience, Cloud Engineering Infrastructure Development

Job Description:

At Oracle Cloud Infrastructure (OCI), we build the future of the cloud for Enterprises. We act with the speed and attitude of a start-up along with the scale and customer-focus of the leading enterprise software company in the world.

The Infrastructure Delivery team is one of the most critical teams at OCI. We are introducing revolutionary SAAS, IAAS and PAAS products to the marketplace and because many of these products are being built new, we are experiencing tremendous growth in our Data Engineering and Analytics team.

Work is non-routine and very complex, involving the application of advanced technical/business skills in the area of data analytics.If you are ready to drive consistently great customer outcomes and accelerate the growth of our business, come join the Oracle Cloud Infrastructure (OCI) organization.

As a Business Analyst, you will develop and implement ideas that drive continuous improvement by simplifying processes and driving automation. This position provides opportunities to influence one of the high visibility/high impact areas in the organization.

Qualifications

3+ years of analyzing and interpreting data with Oracle, NoSQL etc. experienceA BS or MS degree in a quantitative field (Engineering, Data Science, Operations Research, Applied Math, Statistics, Analytics) or equivalent experience relevant to the functional area is desired.Skills in data visualization (Oracle Analytics Cloud, Tableau, Power BI, or similar)Experience with data modeling, warehousing and building ETL pipelinesExperience writing complex SQL queriesExperience in Statistical Analysis packages such as R, SAS and MatlabExperience using SQL to pull data from a database or data warehouse and scripting experience (Python) to process data for modelingExperience in data mining, ETL, etc. and using databases in a business environment with large-scale, complex datasets


Provides programs to improve operational efficiency, consistency, and compliance in support of the organization's financial and tactical business objectives. Provides business practices and processes. Develops, communicates, and trains the organization on business practices and processes.

 Responsibilities 

Responsibilities:

 Public Cloud SaaS, PaaS Services and/or related technology experience, Cloud Engineering Infrastructure Development Use analytical and statistical rigor to solve complex problems and drive business decisionsMine data from database tables (ex. Redshift, MySQL, Oracle) using SQL and log files by writing scripts (ex. PERL, Python, R, UNIX)Learn and use the latest data analytics techniques, Cloud Analytics tools including Oracle Analytics Cloud and their associated AI/Machine learning capabilities to deliver reports, visualizations and dashboards for the business stakeholders. Develop deep-dive tools, UIs, metrics, and dashboardsServe as liaison between the business and technical teams to achieve the goal of providing actionable insights into current business performance. This will require data gathering and manipulation, synthesis and modeling, running simulations, problem solving, and communication of insights and recommendations.


 Qualifications 

Disclaimer:

Certain US customer or client-facing roles may be required to comply with applicable requirements, such as immunization and occupational health mandates.

Range and benefit information provided in this posting are specific to the stated locations only

US: Hiring Range: from $27.79 - $60.63 per hour; from $57,800 - $126,100 per year. May be eligible for equity.

Oracle maintains broad salary ranges for its roles in order to account for variations in knowledge, skills, experience, market conditions and locations, as well as reflect Oracle’s differing products, industries and lines of business.

Candidates are typically placed into the range based on the preceding factors as well as internal peer equity.

Oracle US offers a comprehensive benefits package which includes the following:

 Medical, dental, and vision insurance, including expert medical opinion Short term disability and long term disability Life insurance and AD&D Supplemental life insurance (Employee/Spouse/Child) Health care and dependent care Flexible Spending Accounts Pre-tax commuter and parking benefits 401(k) Savings and Investment Plan with company match Paid time off: Flexible Vacation is provided to all eligible employees assigned to a salaried (non-overtime eligible) position. Accrued Vacation is provided to all other employees eligible for vacation benefits. For employees working at least 35 hours per week, the vacation accrual rate is 13 days annually for the first three years of employment and 18 days annually for subsequent years of employment. Vacation accrual is prorated for employees working between 20 and 34 hours per week. Employees working fewer than 20 hours per week are not eligible for vacation. 11 paid holidays Paid sick leave: 72 hours of paid sick leave upon date of hire. Refreshes each calendar year. Unused balance will carry over each year up to a maximum cap of 112 hours. Paid parental leave Adoption assistance Employee Stock Purchase Plan Financial planning and group legal Voluntary benefits including auto, homeowner and pet insurance


About Us

As a world leader in cloud solutions, Oracle uses tomorrow’s technology to tackle today’s problems. True innovation starts with diverse perspectives and various abilities and backgrounds.

When everyone’s voice is heard, we’re inspired to go beyond what’s been done before. It’s why we’re committed to expanding our inclusive workforce that promotes diverse insights and perspectives.

We’ve partnered with industry-leaders in almost every sector—and continue to thrive after 40+ years of change by operating with integrity.

Oracle careers open the door to global opportunities where work-life balance flourishes. We offer a highly competitive suite of employee benefits designed on the principles of parity and consistency. We put our people first with flexible medical, life insurance and retirement options. We also encourage employees to give back to their communities through our volunteer programs.

We’re committed to including people with disabilities at all stages of the employment process. If you require accessibility assistance or accommodation for a disability at any point, let us know by calling +1 888 404 2494, option one.

Disclaimer:

Oracle is an Equal Employment Opportunity Employer*. All qualified applicants will receive consideration for employment without regard to race, color, religion, sex, national origin, sexual orientation, gender identity, disability and protected veterans’ status, or any other characteristic protected by law. Oracle will consider for employment qualified applicants with arrest and conviction records pursuant to applicable law.

 Which includes being a United States Affirmative Action Employer",60.63,HOURLY,United States,1028.0,57.0,,27.79,Full-time,10.0,1710475851000.0,1.0,https://www.linkedin.com/jobs/view/3886468635/?trk=jobs_biz_prem_srch,https://eeho.fa.us2.oraclecloud.com/hcmUI/CandidateExperience/en/job/228668/?utm_medium=jobboard&utm_source=LinkedIn,OffsiteApply,1715228764000.0,,Mid-Senior level,,1712636764000.0,eeho.fa.us2.oraclecloud.com,0,FULL_TIME,USD,BASE_SALARY,91956.8,,
3886877947,ATC,Data Analyst-CA,"Job Title: Entry Level Business Analyst / Product Owner U.S. Citizens and those authorized to work in the U.S. are encouraged to apply. We are able to sponsor at this time.We are a US equal employment opportunity employer. Job Description:Entry Level expertise in gathering, analyzing, and documenting business requirements. If you do not have experience as a Business Analyst or Product Owner, you will be put through a training & Internship program.Experience in Requirement Gathering, Agile methodology, writing user stories, and building and planning roadmaps.Experience in preparing functional and detailed system design documentsDemonstrate expertise with SDLC methodologyAbility to communicate effectively across multiple levels of the organization, including with leadership.Demonstrated leadership, initiative, analytical skills, and sound business acumen, including the ability to understand and analyze recommendationsExperience with all phases of testing (i.e., system, integration, user acceptance), including creating use cases, test conditions, and review of output.Must be able to adjust and work effectively in a dynamic, changing environmentOther:Master’s Degree.We sponsor H1B or related work visas for eligible candidates on F1/OPT/CPT.We offer health insurance 100% paid.We follow equal employment opportunity.",,,"California, United States",2736308.0,74.0,,,Full-time,47.0,1712662752000.0,,https://www.linkedin.com/jobs/view/3886877947/?trk=jobs_biz_prem_srch,,SimpleOnsiteApply,1715254752000.0,,Entry level,,1712662752000.0,,0,FULL_TIME,,,,,
3886877951,ATC,Data Analyst-IL,"Job Title: Entry Level Business Analyst / Product Owner U.S. Citizens and those authorized to work in the U.S. are encouraged to apply. We are able to sponsor at this time.We are a US equal employment opportunity employer. Job Description:Entry Level expertise in gathering, analyzing, and documenting business requirements. If you do not have experience as a Business Analyst or Product Owner, you will be put through a training & Internship program.Experience in Requirement Gathering, Agile methodology, writing user stories, and building and planning roadmaps.Experience in preparing functional and detailed system design documentsDemonstrate expertise with SDLC methodologyAbility to communicate effectively across multiple levels of the organization, including with leadership.Demonstrated leadership, initiative, analytical skills, and sound business acumen, including the ability to understand and analyze recommendationsExperience with all phases of testing (i.e., system, integration, user acceptance), including creating use cases, test conditions, and review of output.Must be able to adjust and work effectively in a dynamic, changing environmentOther:Master’s Degree.We sponsor H1B or related work visas for eligible candidates on F1/OPT/CPT.We offer health insurance 100% paid.We follow equal employment opportunity.",,,"Illinois, United States",2736308.0,87.0,,,Full-time,56.0,1712662794000.0,,https://www.linkedin.com/jobs/view/3886877951/?trk=jobs_biz_prem_srch,,SimpleOnsiteApply,1715254794000.0,,Entry level,,1712662794000.0,,0,FULL_TIME,,,,,
3886879480,ATC,Data Analyst-VA,"Job Title: Entry Level Business Analyst / Product Owner U.S. Citizens and those authorized to work in the U.S. are encouraged to apply. We are able to sponsor at this time.We are a US equal employment opportunity employer. Job Description:Entry Level expertise in gathering, analyzing, and documenting business requirements. If you do not have experience as a Business Analyst or Product Owner, you will be put through a training & Internship program.Experience in Requirement Gathering, Agile methodology, writing user stories, and building and planning roadmaps.Experience in preparing functional and detailed system design documentsDemonstrate expertise with SDLC methodologyAbility to communicate effectively across multiple levels of the organization, including with leadership.Demonstrated leadership, initiative, analytical skills, and sound business acumen, including the ability to understand and analyze recommendationsExperience with all phases of testing (i.e., system, integration, user acceptance), including creating use cases, test conditions, and review of output.Must be able to adjust and work effectively in a dynamic, changing environmentOther:Master’s Degree.We sponsor H1B or related work visas for eligible candidates on F1/OPT/CPT.We offer health insurance 100% paid.We follow equal employment opportunity.",,,"Virginia, United States",2736308.0,110.0,,,Full-time,60.0,1712662822000.0,,https://www.linkedin.com/jobs/view/3886879480/?trk=jobs_biz_prem_srch,,SimpleOnsiteApply,1715254822000.0,,Entry level,,1712662822000.0,,0,FULL_TIME,,,,,
3886879484,ATC,Data Analyst-NY,"Job Title: Entry Level Business Analyst / Product Owner U.S. Citizens and those authorized to work in the U.S. are encouraged to apply. We are able to sponsor at this time.We are a US equal employment opportunity employer. Job Description:Entry Level expertise in gathering, analyzing, and documenting business requirements. If you do not have experience as a Business Analyst or Product Owner, you will be put through a training & Internship program.Experience in Requirement Gathering, Agile methodology, writing user stories, and building and planning roadmaps.Experience in preparing functional and detailed system design documentsDemonstrate expertise with SDLC methodologyAbility to communicate effectively across multiple levels of the organization, including with leadership.Demonstrated leadership, initiative, analytical skills, and sound business acumen, including the ability to understand and analyze recommendationsExperience with all phases of testing (i.e., system, integration, user acceptance), including creating use cases, test conditions, and review of output.Must be able to adjust and work effectively in a dynamic, changing environmentOther:Master’s Degree.We sponsor H1B or related work visas for eligible candidates on F1/OPT/CPT.We offer health insurance 100% paid.We follow equal employment opportunity.",,,"New York, United States",2736308.0,92.0,,,Full-time,48.0,1712662866000.0,,https://www.linkedin.com/jobs/view/3886879484/?trk=jobs_biz_prem_srch,,SimpleOnsiteApply,1715254866000.0,,Entry level,,1712662866000.0,,0,FULL_TIME,,,,,
3886880750,Photon,Business Analyst,"We are Photon, one of the world's largest Digital Platform Engineering companies providing a unique combination of Strategy Consulting, Creative Design and Technology Services to a wide range of customers.
We are a high growth organization serving over 40% of Fortune 100 companies and truly believe that our people make the world of difference for our clients and our business. With Photon, you get the opportunity to learn and grow, build deep digital/technical expertise, and achieve your professional and personal aspirations.
We are actively hiring and found your profile very interesting! We’d love the opportunity to connect with you and explore possibilities to build an exciting future together!
Looking forward to making a connection!https://youtu.be/uJWBWQZEA6o.
Job Details:Job Role: Business AnalystLocation: Virginia Beach, VA
What will you do? Implements computer system requirements by defining and analyzing system problems; designing and testing standards and solutions. Defines application problem by conferring with clients; evaluating procedures and processes. Develops solution by preparing and evaluating alternative workflow solutions. Controls solution by establishing specifications and coordinating production with programmers. Validates results by testing programs. Ensures operation by training client personnel and providing support. Provides reference by writing documentation. 
What do we need? Bachelor’s degree in computer science Total Exp of 7-10 years 3+ years of experience working in a scaled agile framework development environment preferred Require minimum 2+ years of experience in Healthcare domain. Experience in APIs implementation project, knowledge of FHIR APIs. Experience in Broker/Employer/Provider Portal Project implementation. Prior B2C or direct to consumer experience in mobile/web is preferred. Understands technical solution design and can communicate solution details to both business and technical peers Demonstrated leadership, communication and problem solving skills Confident and able to multi-task and manage expectations in a fast-paced environment with competing priorities",,,"Virginia, United States",165464.0,240.0,,,Full-time,82.0,1712664941000.0,,https://www.linkedin.com/jobs/view/3886880750/?trk=jobs_biz_prem_srch,,ComplexOnsiteApply,1715256941000.0,,Mid-Senior level,,1712664941000.0,,0,FULL_TIME,,,,,
3886881386,ATC,Business Analyst-Tx,"Job Title: Entry Level Business Analyst / Product Owner U.S. Citizens and those authorized to work in the U.S. are encouraged to apply. We are able to sponsor at this time.We are a US equal employment opportunity employer. Job Description:Entry Level expertise in gathering, analyzing, and documenting business requirements. If you do not have experience as a Business Analyst or Product Owner, you will be put through a training & Internship program.Experience in Requirement Gathering, Agile methodology, writing user stories, and building and planning roadmaps.Experience in preparing functional and detailed system design documentsDemonstrate expertise with SDLC methodologyAbility to communicate effectively across multiple levels of the organization, including with leadership.Demonstrated leadership, initiative, analytical skills, and sound business acumen, including the ability to understand and analyze recommendationsExperience with all phases of testing (i.e., system, integration, user acceptance), including creating use cases, test conditions, and review of output.Must be able to adjust and work effectively in a dynamic, changing environmentOther:Master’s Degree.We sponsor H1B or related work visas for eligible candidates on F1/OPT/CPT.We offer health insurance 100% paid.We follow equal employment opportunity.",,,"Texas, United States",2736308.0,56.0,,,Full-time,37.0,1712662729000.0,,https://www.linkedin.com/jobs/view/3886881386/?trk=jobs_biz_prem_srch,,SimpleOnsiteApply,1715254729000.0,,Entry level,,1712662729000.0,,0,FULL_TIME,,,,,
3886881408,,Cyber Security Business Analyst-CA,"Job Title: Cyber Security Analyst / Business Analyst

We are looking for a skilled Business Analyst to join our team. As a Business Analyst, you will be responsible for analyzing business performance, identifying areas for improvement, and generating detailed reports to present to management.Conduct thorough assessments of cyber risks, identifying vulnerabilities and potential threats to our systems and data.Collaborate with cross-functional teams to understand business processes and assess their impact on cybersecurity.Develop and implement robust security policies, procedures, and controls to mitigate identified risks.Ensure compliance with relevant industry standards and regulatory requirements.Monitor security incidents and alerts, responding promptly to mitigate potential threats.Investigate and analyze security incidents, providing insights for continuous improvement.Engage with stakeholders across the organization to promote a security-aware culture.Develop and deliver security awareness training to employees, enhancing overall cybersecurity resilience.Analyze and interpret security data to provide actionable insights and recommendations.Regularly review security metrics and reports to measure the effectiveness of security controls.Work closely with IT, development, and business teams to integrate security measures seamlessly into operational processes.Communicate complex cybersecurity concepts to non-technical stakeholders, fostering a shared understanding of security priorities.Stay abreast of cybersecurity trends, emerging threats, and industry best practices.Proactively recommend and implement security solutions to address evolving challenges.

Requirements:
Masters in STEM Program or Masters in Cyber Security.Minimum of 3 years of experience in a cyber security/business analyst roleStrong analytical and critical thinking skillsProficiency in Microsoft Office Suite, specifically Excel and PowerPointExcellent communication and interpersonal skillsAbility to manage multiple projects simultaneouslyExperience with Agile methodology is a plus
If you are a self-starter with a passion for finding trends and developing actionable insights, we encourage you to apply. This is an exciting opportunity to join a growing team and help shape the future of our organization. We offer competitive compensation, comprehensive benefits, and the chance to work with a dynamic group of professionals.",,,"California, United States",,24.0,,,Full-time,8.0,1712662887000.0,,https://www.linkedin.com/jobs/view/3886881408/?trk=jobs_biz_prem_srch,,SimpleOnsiteApply,1715254887000.0,,Entry level,,1712662887000.0,,0,FULL_TIME,,,,,
3886882309,ATC,Data Analyst-Tx,"Job Title: Entry Level Business Analyst / Product Owner U.S. Citizens and those authorized to work in the U.S. are encouraged to apply. We are able to sponsor at this time.We are a US equal employment opportunity employer. Job Description:Entry Level expertise in gathering, analyzing, and documenting business requirements. If you do not have experience as a Business Analyst or Product Owner, you will be put through a training & Internship program.Experience in Requirement Gathering, Agile methodology, writing user stories, and building and planning roadmaps.Experience in preparing functional and detailed system design documentsDemonstrate expertise with SDLC methodologyAbility to communicate effectively across multiple levels of the organization, including with leadership.Demonstrated leadership, initiative, analytical skills, and sound business acumen, including the ability to understand and analyze recommendationsExperience with all phases of testing (i.e., system, integration, user acceptance), including creating use cases, test conditions, and review of output.Must be able to adjust and work effectively in a dynamic, changing environmentOther:Master’s Degree.We sponsor H1B or related work visas for eligible candidates on F1/OPT/CPT.We offer health insurance 100% paid.We follow equal employment opportunity.",,,"Texas, United States",2736308.0,97.0,,,Full-time,55.0,1712662845000.0,,https://www.linkedin.com/jobs/view/3886882309/?trk=jobs_biz_prem_srch,,SimpleOnsiteApply,1715254845000.0,,Entry level,,1712662845000.0,,0,FULL_TIME,,,,,
3886882681,"Sunrise Systems, Inc.",Business Analyst,"Job Title: Product Owner/ Product managerLocation: Remote (United States)Duration: 09 monthsPosition Type: Hourly contract Position (W2 only)
Job Description:
Top Skills:• Minimum of 5 years' experience in Product Management delivering successful and innovative products• Leadership and communication. Proven ability to work collaboratively with technical and non-technical team members, including the executive level• Proficient in JIRA• Experience in Figma, Adobe Xd• Experience with data infrastructure / platform / back-end / data engineering
RoleThe primary focus of this role will be shepherding new programs and features from start to finish by partnering closely with end users, Engineers, and Executive Stakeholders. The ideal candidate will have a strong background in Product Management (Product Owner, Business Analyst, etc.), User Experience & User Research, Computer Science, or related fields, with demonstrated experience shipping new products from conception to launch.
You will support the development of Client's Data Commons by applying Product Management best practices to delight your customers in the most efficient way possible. You will leverage design thinking while collaborating cross functionally to improve the problem areas (data search, data consumption, etc.) of your program's customers. Ultimately, you will have both tactical and strategic responsibilities, using your willingness to roll up your sleeves to achieve the company's objectives.
What you'll do• Deeply understand core problem spaces, data use cases, pain points, and processes within the Research space• Develop an overarching multi-year enterprise level roadmap with associated milestones and objectives that informs and aligns product stakeholders (IT, Executives, etc.)• Deeply understand the Data Platform's architecture and technology to drive from current to expected future state in a timely manner• Act as Agile Product Owner for your remit, breaking down epics into consumable user stories/tasks, continuously grooming the backlog, and partnering with other Product Managers to prioritize against all platform feature development• Partner with the development team to understand technical constraints, level of effort, remove blockers, and guide feature development to completion• Utilize user research and user experience best practices to iteratively develop delightful mockups/prototypes that are consumable by end users and engineers alike• Balance tradeoffs nimbly across experience, top/bottom line, regulatory risk, and concurrent programs• Establish working relationships with project Stakeholders to gather input, review milestones, and provide progress reports• Partner with internal stakeholders to socialize and gather feedback on new prototypes and features• Present readouts to department and broader organization to evangelize and socialize the platforms' capabilities (current and future state)• Utilize product metrics and OKRs to make informed decisions and align quarterly goals with the department/company goals• Explore new data platform use cases and inform product strategy and roadmap for data, search, and AI/Client features• Strive to for continuous self-improvement as a Product Manager, sharing best practices with the team regularly
You'll Love This Job If You• Love working on internal platforms• Love advancing science for patient benefit• Love being an expert in the behind-the-scenes platform / data engineering / infrastructure• Love digging into the problem space and use case details• Thrive in environments of high complexity and high impact• Thrive in working with technical teams and leadership
Minimum Qualifications:• Minimum of 5 years' experience in Product Management delivering successful and innovative products• Academic background (bachelor's degree) or equivalent work experience in computer science, data science, statistics, economics, or engineering• Experience with data infrastructure / platform / back-end / data engineering• Experience working with agile development teams• Experience defining product requirements and using data and metrics to determine outcomes
Preferred Qualifications:
• Multiple years of pharmaceutical and/or bio-tech industry experience• Strong customer empathy, with an ability to transform complex data and customer insights into a prioritized roadmap• Leadership and communication. Proven ability to work collaboratively with technical and non-technical team members, including the executive level• Strong communication and partnership skills – this will be an extremely cross-functional role, with more than a handful of stakeholder teams• Entrepreneurial spirit and growth mindset• Data Engineering experience is a plus",,,United States,1247220.0,211.0,,,Contract,50.0,1712665817000.0,1.0,https://www.linkedin.com/jobs/view/3886882681/?trk=jobs_biz_prem_srch,,SimpleOnsiteApply,1715257817000.0,,,,1712665817000.0,,0,CONTRACT,,,,,
3886883127,ATC,Data Analyst-WA,"Job Title: Entry Level Business Analyst / Product Owner U.S. Citizens and those authorized to work in the U.S. are encouraged to apply. We are able to sponsor at this time.We are a US equal employment opportunity employer. Job Description:Entry Level expertise in gathering, analyzing, and documenting business requirements. If you do not have experience as a Business Analyst or Product Owner, you will be put through a training & Internship program.Experience in Requirement Gathering, Agile methodology, writing user stories, and building and planning roadmaps.Experience in preparing functional and detailed system design documentsDemonstrate expertise with SDLC methodologyAbility to communicate effectively across multiple levels of the organization, including with leadership.Demonstrated leadership, initiative, analytical skills, and sound business acumen, including the ability to understand and analyze recommendationsExperience with all phases of testing (i.e., system, integration, user acceptance), including creating use cases, test conditions, and review of output.Must be able to adjust and work effectively in a dynamic, changing environmentOther:Master’s Degree.We sponsor H1B or related work visas for eligible candidates on F1/OPT/CPT.We offer health insurance 100% paid.We follow equal employment opportunity.",,,"Washington, United States",2736308.0,104.0,,,Full-time,63.0,1712662774000.0,,https://www.linkedin.com/jobs/view/3886883127/?trk=jobs_biz_prem_srch,,SimpleOnsiteApply,1715254773000.0,,Entry level,,1712662774000.0,,0,FULL_TIME,,,,,
3886885615,Insight Global,Data Analyst,"A Fortune 50 Retail Pharmacy Company is seeking 1-2 Data Analysts to support the growing Rx Modernization team. This is an exciting opportunity to further your career and help drive decision making for key business initiatives. Additional responsibilities include:  * Getting the answers to the questions from Stakeholders * Diving into the data and the system * Data analytics support - immediate needs * Conducting complex quantitative analyses * Building models using advanced analytical tools and platforms * Managing and prioritize multiple assignments and deadlines * Pharmacy Ops liaison/SME * Supporting technical development and testing. 
This would be a completely remote position and the expert on this project needs to be able to work within EST hours. We are looking for someone who can start immediately and support the organization through the end of the year.
Qualifications: Data Engineering backgroundExperience with SQL, Teradata, PowerPoint, Snowflake (all of these required) This expert needs to be a ""doer"", comfortable getting in the weeds and able to take directions and run with themAbility to develop and execute an analysis plan to answer business questions
Plusses:Experience in Pharmacy Operations liaison/SME",,,United States,11056.0,488.0,,,Contract,179.0,1712666189000.0,1.0,https://www.linkedin.com/jobs/view/3886885615/?trk=jobs_biz_prem_srch,,ComplexOnsiteApply,1715258189000.0,,Associate,,1712666189000.0,,0,CONTRACT,,,,,
3886895303,Insight Global,Data Analyst,"Position: Remote Data Analyst Location: Remote EST hoursDuration: Contract thru 2024 
Required Skills and Experience ** Experience with SQL, Teradata, PowerPoint, Snowflake (all of these required)* This expert needs to be a ""doer"", comfortable getting in the weeds and able to take directions and run with them* Ability to develop and execute an analysis plan to answer business questions
Nice to Have Skills and Experience- Experience in Pharmacy Operations liaison/SME
Job Description *A Fortune 50 Retail Pharmacy Company is seeking 1-2 Data Analysts to support the growing Rx Modernization team. This is an exciting opportunity to further your career and help drive decision making for key business initiatives. Additional responsibilities include:* Getting the answers to the questions from Stakeholders* Diving into the data and the system* Data analytics support - immediate needs* Conducting complex quantitative analyses* Building models using advanced analytical tools and platforms* Managing and prioritize multiple assignments and deadlines* Pharmacy Ops liaison/SME* Supporting technical development and testing.
This would be a completely remote position and the expert on this project needs to be able to work within EST hours. We are looking for someone who can start immediately and support the organization through the end of the year.",,,United States,11056.0,457.0,,,Contract,195.0,1712667663000.0,1.0,https://www.linkedin.com/jobs/view/3886895303/?trk=jobs_biz_prem_srch,,ComplexOnsiteApply,1715259663000.0,,Associate,,1712667663000.0,,0,CONTRACT,,,,,
3887101270,Aequor,Business Analyst,"Location: Remote
Job Description: Top Skills: Minimum of 5 years experience in Product Management delivering successful and innovative products Leadership and communication. Proven ability to work collaboratively with technical and non-technical team members, including the executive-level Proficient in JIRA Experience in Figma, Adobe Xd Experience with data infrastructure/platform/backend/data engineering 
RoleThe primary focus of this role will be shepherding new programs and features from start to finish by partnering closely with end users, Engineers, and Executive Stakeholders. The ideal candidate will have a strong background in Product Management (Product Owner, Business Analyst, etc.), User Experience & User Research, Computer Science, or related fields, with demonstrated experience shipping new products from conception to launch.
You will support the development of the Client's Data Commons by applying Product Management best practices to delight your customers in the most efficient way possible. You will leverage design thinking while collaborating cross-functionally to improve the problem areas (data search, data consumption, etc.) of your program's customers. Ultimately, you will have both tactical and strategic responsibilities, using your willingness to roll up your sleeves to achieve the company's objectives.
What you'll do Deeply understand core problem spaces, data use cases, pain points, and processes within the Research space Develop an overarching multi-year enterprise-level roadmap with associated milestones and objectives that inform and align product stakeholders (IT, Executives, etc.) Deeply understand the Data Platform's architecture and technology to drive from current to expected future state in a timely manner Act as Agile Product Owner for your remit, breaking down epics into consumable user stories/tasks, continuously grooming the backlog, and partnering with other Product Managers to prioritize against all platform feature development Partner with the development team to understand technical constraints, and level of effort, remove blockers, and guide feature development to completion Utilize user research and user experience best practices to iteratively develop delightful mockups/prototypes that are consumable by end users and engineers alike Balance tradeoffs nimbly across experience, top/bottom line, regulatory risk, and concurrent programs Establish working relationships with project Stakeholders to gather input, review milestones, and provide progress reports Partner with internal stakeholders to socialize and gather feedback on new prototypes and features Present readouts to the department and the broader organization to evangelize and socialize the platforms' capabilities (current and future state) Utilize product metrics and OKRs to make informed decisions and align quarterly goals with the department/company goals Explore new data platform use cases and inform product strategy and roadmap for data, search, and AI/Client features Strive to for continuous self-improvement as a Product Manager, sharing best practices with the team regularly 
You'll Love This Job If You Love working on internal platforms Love advancing science for patient benefit Love being an expert in the behind-the-scenes platform/data engineering/infrastructure Love digging into the problem space and using case details Thrive in environments of high complexity and high impact Thrive in working with technical teams and leadership 
Minimum Qualifications: Minimum of 5 years experience in Product Management delivering successful and innovative products Academic background (bachelor's degree) or equivalent work experience in computer science, data science, statistics, economics, or engineering Experience with data infrastructure/platform/backend/data engineering Experience working with agile development teams Experience defining product requirements and using data and metrics to determine outcomes 
Preferred Qualifications: Multiple years of pharmaceutical and/or biotech industry experience Strong customer empathy, with an ability to transform complex data and customer insights into a prioritized roadmap Leadership and communication. Proven ability to work collaboratively with technical and non-technical team members, including the executive-level Strong communication and partnership skills – this will be an extremely cross-functional role, with more than a handful of stakeholder teams Entrepreneurial spirit and growth mindset Data Engineering experience is a plus",70.83,HOURLY,United States,87599.0,633.0,,70.83,Contract,254.0,1712669157000.0,1.0,https://www.linkedin.com/jobs/view/3887101270/?trk=jobs_biz_prem_srch,,ComplexOnsiteApply,1715261157000.0,,Mid-Senior level,,1712669157000.0,,0,CONTRACT,USD,BASE_SALARY,147326.4,,
3887719397,Talentify.io,Domo Data Analyst (REMOTE),"Employer Industry: Solar Energy

Why Consider This Job Opportunity

 Salary up to $100,000 Opportunity for career advancement and growth within the organization Work remotely from home Health, dental, vision, and life insurance benefits Paid time off, sick leave, and holidays Dynamic and fast-paced work environment

What To Expect (Job Responsibilities)

 Work with large amounts of data to draw meaningful conclusions Develop and implement data collection systems and strategies Provide regular reporting and analysis to the team Collaborate with cross-functional teams to identify areas for improvement Provide training and support to team members on data analysis techniques

What Is Required (Qualifications)

 Minimum two years of experience with DOMO MajorDOMO Certification Required 3+ years experience in data analysis, reporting, business intelligence or financial analysis Bachelor’s Degree in Business, Statistics, Mathematics, Analytics, Computer Sciences or related field Experience with SQL, and DOMO

How To Stand Out (Preferred Qualifications)

 2 years experience in providing people analytics reporting to organizations

#SolarEnergy #DataAnalysis #RemoteWork #CareerGrowth #CompetitivePay

At Talentify, we prioritize candidate privacy and champion equal-opportunity employment. Central to our mission is our partnership with companies that share this commitment. We aim to foster a fair, transparent, and secure hiring environment for all. If you encounter any employer not adhering to these principles, please bring it to our attention immediately.

Talentify is not the EOR (Employer of Record) for this position. Our role in this specific opportunity is to connect outstanding candidates with a top-tier employer.

Talentify helps candidates around the world to discover and stay focused on the jobs they want until they can complete a full application in the hiring company career page/ATS.",,YEARLY,United States,2204084.0,60.0,100000.0,,Full-time,7.0,1712275200000.0,1.0,https://www.linkedin.com/jobs/view/3887719397/?trk=jobs_biz_prem_srch,https://tfy.io/jo/_js9q9m?utm_campaign=booc-linkedin&tdd=dDEsaDEsamw4aDE2LHI0LGVwcm82NjEwNTg0YzI3ZDM3NDExMDAxMTA4&utm_medium=Xml&personalized=true&utm_source=linkedin,OffsiteApply,1714943546000.0,,Entry level,,1712351546000.0,tfy.io,0,FULL_TIME,USD,BASE_SALARY,100000.0,,
3887909422,ADT,D365 Finance Business Analyst,"3010758

Company Overview:

The next generation of ADT Commercial is here. At Everon, we truly believe that our people are the difference – for our organization, the customers we serve and the communities we protect. When you’re a part of Everon, you’ll have the opportunity to be a part of that difference every day. With more than 100 locations, a deep national presence, and comprehensive portfolio of solutions and services, our employees are always poised for career advancement and growth. For more information, visit www.everonsolutions.com or follow us on LinkedIn.

Position Summary:

Microsoft Dynamics 365 Finance Business Analyst will work closely with business stakeholders, system integrators and other functional workstreams to understand the organization’s business requirements and drive implementation of those requirements in the Microsoft Dynamics 365 Finance and Supply Chain (F&SC) platform. This position will also be responsible for ensuring that the Microsoft Dynamics 365 solution is designed and implemented to meet the needs of EverOn Solutions.

The candidate will have a strong foundation in Finance business areas such as GL, AP, AR, Cash and Bank Management, Fixed Assets and Project Management & Accounting. They will also possess an in-depth understanding of business processes and possess the ability to translate business requirements into functional specifications, as well as the ability to ascertain the day-to-day operational needs of business and identify areas for improvement in business processes and propose solutions.

Essential Functions and Responsibilities:

Liaise with business users to understand business processes and identify effective ways of improving process efficiency and boosting organizational productivity. The responsibilities of the Microsoft Dynamics 365 Finance Business Analyst include:

Analyze business requirements and translate them into functional specifications for the Microsoft Dynamics 365 F&SC platform. Collaborate with business stakeholders to ensure that the Microsoft Dynamics 365 solution meets the unique needs of EverOn Solutions. Strong understanding of the Dynamics 365 F&SC data structure, entities, relationships, fields, and data types. Strong understanding of integration methodologies to provide functional support for integration Dynamics 365 F&SC to other systemsIdentify reports to meet business needs of stakeholders and provide functional support to build reports and analytical dashboards using Power BI. Develop and maintain documentation for Microsoft Dynamics 365 F&SC configurations, customizations, and integrations. Perform testing and validation of Microsoft Dynamics 365 F&SC solutions. Participate in design and review sessions with development teams to ensure that the Microsoft Dynamics 365 F&SC solution is designed to meet business requirements Participate in developing project plans, scoping, and costing to ensure successful implementation.Ensure adherence to project timelines and budgets.Communicate progress and status of the implementation to the project team and business stakeholders.Configure flows and workflows to automate business processes. Provide training and support to end-users of the Microsoft Dynamics 365 F&SC solution. Identify and recommend opportunities for improving business processes using the Microsoft Dynamics 365 F&SC solution.

Experience, Skills, and Qualities:

4+ years of experience as a Microsoft Dynamics 365 F&SC Business Analyst/Finance Consultant. Experience with 2-3 full life cycle Microsoft Dynamics 365 F&SC implementations.Experience with Microsoft Dynamics 365 F&SC modules such GL, AP, AR, Cash and Bank Management, Fixed Assets and Project Management & AccountingExperience or knowledge of D365 F&SC security (security roles, duties, permissions, segregation of duties) is a plus Experience with Microsoft Dynamics 365 reporting tools.Strong analytical skills and the ability to troubleshoot issues and identify solutions. Excellent communication skills and the ability to communicate effectively with a wide variety of technical and non-technical audiences Effective time management and problem-solving skills Desire to stay current with new technologies and solutions Ability to work independently and across multidisciplinary teams Detail-oriented and able to use good judgment when making decisions Demonstrated commitment to the importance of collaboration, teamwork, and a positive and strong organizational culture.Advanced in Microsoft Office 365 Suite of products (e.g., Word, Excel, and PowerPoint). Experience with or knowledge of any D365 CE tools such as Sales, Customer Insights – Journey, Customer Service, Field Service and Project Operations and Power Platform tools such as Power Apps, Power Automate or Power BI is a plus.Microsoft Dynamics 365 certifications are a plus.CPA certification is a plus

Pay And Benefits Disclosure

The salary range for this role is $120,000 - $140,000 and is based on experience and qualifications. Certain roles are eligible for annual bonus. These awards are allocated based on company and individual performance. We offer employees access to healthcare benefits, a 401(k) plan and company match, short term and long term disability coverage, life insurance, wellbeing benefits and paid time off among others. Employees accrue up to 120 hours in their first year. Your accrual rate increases after your first year. We also offer 6 paid holidays.

ADT Commercial is an Equal Opportunity/Affirmative Action employer. We provide equal employment opportunities to applicants and existing employees and evaluate qualified candidates without regard to race, gender, national origin, ancestry, age, color, religion, marital status, genetic information, sexual orientation, gender identity, gender expression, sex (including pregnancy, breastfeeding, and related medical conditions), mental or physical disability, medical condition, military and veteran status, or any other status or condition protected by law. View the EEO poster here. View the Pay Transparency Nondiscrimination Provision here. View the E-Verify Posting here.

ADT Commercial is committed to providing reasonable accommodations to individuals with disabilities. If you need a reasonable accommodation because of a disability to search and apply for a career opportunity, please send an e-mail to commercialrecruiting@adt.com and let us know your contact information and the nature of your request.

ADT Commercial is an Equal Opportunity/Affirmative Action employer. We provide equal employment opportunities to applicants and existing employees and evaluate qualified candidates without regard to race, gender, national origin, ancestry, age, color, religion, marital status, genetic information, sexual orientation, gender identity, gender expression, sex (including pregnancy, breastfeeding, and related medical conditions), mental or physical disability, medical condition, military and veteran status, or any other status or condition protected by law. View the EEO poster here. View the Pay Transparency Nondiscrimination Provision here. View the E-Verify Posting here.

ADT Commercial is committed to providing reasonable accommodations to individuals with disabilities. If you need a reasonable accommodation because of a disability to search and apply for a career opportunity, please send an e-mail to commercialrecruiting@adt.com and let us know your contact information and the nature of your request.",,,United States,162293.0,35.0,,,Full-time,6.0,1710476424000.0,1.0,https://www.linkedin.com/jobs/view/3887909422/?trk=jobs_biz_prem_srch,https://jobs.adt.com/job/19969995/d365-finance-business-analyst-us-nationwide/,OffsiteApply,1715229095000.0,,,,1712637095000.0,adt.contacthr.com,0,FULL_TIME,,,,,
3888036167,Lemon Tek,Data Analyst,"Company Description
 Lemon Tek is an IT services company dedicated to crafting cutting-edge solutions that harness the power of AI and modern data solutions. We seamlessly integrate AI into our services, evolving the way businesses leverage intelligence for enhanced productivity and strategic decision-making. Our expertise in harnessing legacy systems and the latest trends ensures that your organization stays ahead in the competitive landscape. Join us on this journey as we navigate the dynamic IT world, where our commitment to quality, efficiency, and innovation transforms challenges into opportunities.
 Role Description
 This is a full-time remote role for a Data Analyst at Lemon Tek. The Data Analyst will be responsible for conducting data analysis and modeling, utilizing statistical techniques, and communicating insights to stakeholders. The role will involve performing day-to-day data analysis tasks, working with large datasets, and identifying patterns and trends. The Data Analyst will also play a key role in driving data-driven decision-making and assisting in the development and improvement of data analytical processes and systems.
 Qualifications
 Analytical Skills, Data Analytics, and StatisticsStrong communication skills to effectively convey complex data insightsData Modeling skills to organize and structure data for analysisExperience in working with large datasets and applying statistical techniquesProficiency in programming languages such as Python, R, or SQLExperience with data visualization tools and techniquesAttention to detail and ability to work independently and remotelyBachelor's degree in a quantitative field such as Mathematics, Statistics, or Computer Science",,,United States,102801165.0,8.0,,,Full-time,2.0,1712459927000.0,1.0,https://www.linkedin.com/jobs/view/3888036167/?trk=jobs_biz_prem_srch,,SimpleOnsiteApply,1715051927000.0,,,,1712459927000.0,,0,FULL_TIME,,,,,
3888037023,HireMinds,Search Engine Marketing Analyst,"Pack up your SEM expertise and passion for travel because your next stop is a fantastic career opportunity! Our client is on a mission to make global, sustainable travel easily accessible to everyone. As the SEM Analyst on this growing team, you'll play an integral part in extending their global reach and engaging with new audiences ready to travel.  Key Requirements: 3+ years' experience managing SEM campaigns with in-depth reporting and analytics capabilities.Demonstrated improvements in key metrics including: Conversion Rate, ROAS, Quality Score, Ad Position, and ROIIn-depth understanding of SEM principles, strategies, and best practices.Experience in digital advertising platforms, including Google Ads, Bing Ads, etc.Keyword Research and identification Experience designing and interpreting A/B TestsLanding page optimizationExperience creating compelling and concise ad copy.Excellent communication skills and a collaborative approachBachelor's degree in Marketing, Business, or a related fieldExperience in travel or the tech industry highly preferred. Responsibilities include:Regularly analyze campaign data to identify trends, opportunities, and areas for improvement. Provide actionable insights to enhance performance. Develop and execute SEM strategies aligned with business goals, targeting specific customer segments, destinations, and products.Conduct comprehensive keyword research to identify high-potential search terms and create keyword lists that align with campaign objectives. Write engaging and relevant ad copy that resonates with target audiences while adhering to platform best practices. Set, monitor, and adjust keyword bids to achieve desired ad positions and maximize return on ad spend. Collaborate with cross-functional teams to ensure landing pages are relevant, user-friendly, and optimized for conversions. Plan and execute A/B tests for ad copy, landing pages, and other campaign elements to continuously improve performance. Stay updated on industry trends, monitor competitor campaigns, and adjust strategies to maintain a competitive edge. Prepare and present comprehensive performance reports, showcasing key metrics, insights, and recommendations to stakeholders. How you can impress us  Our client is excited to talk to candidates who are local to Boston and offers a remote work environment, fantastic benefits, complimentary travel perks, and a collaborative environment that promotes ownership and growth.  Make this your next stop, and apply today!",,,"Massachusetts, United States",59084.0,29.0,,,Full-time,6.0,1712454210000.0,,https://www.linkedin.com/jobs/view/3888037023/?trk=jobs_biz_prem_srch,,ComplexOnsiteApply,1715046210000.0,,Associate,,1712454210000.0,,0,FULL_TIME,,,,,
3888824308,HomeTrust Bank,IT Business Analyst III,"Job SummaryThe Business Intelligence Analyst III routinely interacts with executives, managers, and supervisors from all lines of business to analyze requirements and create solutions for process automation, reports, queries, and productivity applications. This position serves as a liaison between the business units and IT development staff and is responsible for developing detailed project specifications, communicating effectively and consistently with all parties, and ensuring final deliverables are accurate and meet department standards. Key Responsibilities / Essential FunctionsReasonable accommodations may be made to enable individuals with disabilities to perform the essential functions. Conceptualize and document requirements and solutions for reports, process automation, APIs, and productivity applications.Create test cases and provides quality review and quality control across all project types.Ensure that developers write, translate, and code projects according to specifications.Verify that reports (Power BI/SSIS) are accurate, meet design standardizations, and contain appropriate processing options (parameters).Lead identification of business processes that can be positively impacted using automation tools like UI Path/FoxTrot or other middleware.Oversee the creation of bug-free automation routines. (Currently using UiPath)Ensure timely completion of all deliverables. Consistently communicate project status to all involved stakeholders and communicate effectively with programmer staff to achieve high quality results on projects.Complete accurate and consistent documentation across all development platforms and projects.Mentor Level I and II Analysts.Maintain confidentiality and security of sensitive information.Adhere to all corporate policies and procedures, Federal and State regulations, and laws.Complete all mandatory annual compliance training.Follow regulatory requirements, including those pertaining to the Bank Secrecy Act (BSA), Anti-Money Laundering (AML), Customer Identification Program (CIP), and OFAC to assist in the identifications, detection and determent of money laundering and other unlawful activities, as well a regulations pertaining to lending and consumer compliance to include fair lending laws. Perform other duties and special projects as assigned.  Job RequirementsEducation:Bachelor’s degree in business or computer information systems required, with a focus on system analysis and/or project management.Required:5+ years of work experience in analysis and problem resolution.Ability to run basic SQL queries for data research, production support, and quality checking reports. Familiarity with gathering requirements, quality assurance/quality control, system testing methodologies, and business documentation concepts.Ability to communicate well with technical resources and follow group processes related to project lifecycle.Highly self-motivated, detail-oriented, and possess an intellectual curiosity for learning new processes and technologies.Ability to deal with frequent change and manage competing demands with little to no direction.Understand and use bank policies and procedures to ensure operational efficiency and regulatory compliance.Understand and/or convey detailed or important instructions or ideas accurately and quickly if necessary.Proficient in Microsoft Office products.Preferred:Banking or financial services experience.Power BI and Snowflake experience. About HomeTrust BankHomeTrust Bank, founded in 1926, is a North Carolina chartered, community-focused financial institution committed to providing value-added community banking through online/mobile channels and multiple locations in Virginia, North Carolina, South Carolina, Tennessee, and Georgia. Learn more at www.htb.com. Apply today to take your first steps towards joining this talented population of employees within a growing organization.  Work Environment, Physical Requirements  The physical demands described here are representative of those that must be met by an associate to successfully perform the essential functions of this job. HomeTrust Bank promotes an equal employment opportunity workplace which includes reasonable accommodation of qualified applicants and employees.This job operates in a professional office environment and routinely uses standard office equipment such as computers, phones, photocopiers, and fax machines.Specific vision abilities required by this position include close vision, distance vision, and the ability to adjust focus.Physical activity requiring reaching, sifting, lifting to 25 lbs., finger dexterity, grasping, feeling, repetitive motions, talking and hearing are required.The employee will frequently communicate and must be able to exchange accurate information with others.The employee may need to move around their office to attend meetings and to access files, machinery, or other job-related tools.DISCLAIMER: HomeTrust Bank is an evolving company. As such this job description is not necessarily an exhaustive list of all responsibilities, duties, skills, efforts, requirements or working conditions associated with the job. While this is intended to be an accurate reflection of the current job, management reserves the right to revise the job or to require that other or different tasks be performed as assigned.HomeTrust Bank values and promotes diversity and inclusion in every aspect of our business and at every level within the company. We recruit, hire, and promote employees based on their individual ability and experience and in accordance with Affirmative Action and Equal Employment Opportunity laws and regulations. Our policy is that we do not discriminate on the basis of race, color, gender, national origin, religion, age, sexual orientation, gender identity, gender expression, genetic information, physical or mental disability, pregnancy, marital status, status as a protected veteran, or any other status protected by federal, state, or local law.
Equal Opportunity Employer/Protected Veterans/Individuals with Disabilities

The contractor will not discharge or in any other manner discriminate against employees or applicants because they have inquired about, discussed, or disclosed their own pay or the pay of another employee or applicant. However, employees who have access to the compensation information of other employees or applicants as a part of their essential job functions cannot disclose the pay of other employees or applicants to individuals who do not otherwise have access to compensation information, unless the disclosure is (a) in response to a formal complaint or charge, (b) in furtherance of an investigation, proceeding, hearing, or action, including an investigation conducted by the employer, or (c) consistent with the contractor’s legal duty to furnish information. 41 CFR 60-1.35(c)",,,"North Carolina, United States",143442.0,21.0,,,Full-time,5.0,1712668576000.0,,https://www.linkedin.com/jobs/view/3888824308/?trk=jobs_biz_prem_srch,https://recruiting.ultipro.com/HOM1010HTRUS/JobBoard/34494d97-1ed8-4977-b8ee-604128132b1e/Opportunity/OpportunityDetail?opportunityId=133b8761-331b-48d7-968d-d7885b3d71cf,OffsiteApply,1715260541000.0,,Mid-Senior level,,1712668576000.0,recruiting.ultipro.com,0,FULL_TIME,,,,,
3888938289,AHEAD,ServiceNow Business Analyst,"AHEAD builds platforms for digital business. By weaving together advances in cloud infrastructure, automation and analytics, and software delivery, we help enterprises deliver on the promise of digital transformation.

At AHEAD, we prioritize creating a culture of belonging, where all perspectives and voices are represented, valued, respected, and heard. We create spaces to empower everyone to speak up, make change, and drive the culture at AHEAD.

We are an equal opportunity employer, and do not discriminate based on an individual's race, national origin, color, gender, gender identity, gender expression, sexual orientation, religion, age, disability, marital status, or any other protected characteristic under applicable law, whether actual or perceived.

We embrace all candidates that will contribute to the diversification and enrichment of ideas and perspectives at AHEAD. 

As a ServiceNow Senior Business Process Consultant (internally known as Senior Analyst), you will utilize your extensive business process expertise and experience to define and design customer solutions utilizing the ServiceNow platform. You ensure development efforts are well documented and delivered with quality, owning the overall outcome of your projects.

Responsibilities

Coordinate with stakeholders to gather requirementsTranslate business requirements into technical specificationsAssist with client demos, working sessions, and workshopsMaintain documentation s and Knowledge articlesContribute to projects/programs that may address future concepts, products, and technologiesServes as the single point of contact for all sprint work for the other BA/BPCs on the teamHelp to direct more junior members of the teamAssist with managing SDLC related ceremonies

Qualifications

Business process experience on multiple suites and process areas outside of that suite within the ServiceNow platformStrong functional knowledge of multiple ServiceNow suites in addition to ITSMAble to discuss business requirements on integrations between ServiceNow and third party toolsCertified System Administrator preferredPrior development and/or architecture experience strongly preferredStrong presentation skillsStrong project and situational awarenessStrong communication skillsStrong attention to detailStrong customer service skillsSelf-starter

Why AHEAD

Through our daily work and internal groups like Moving Women AHEAD and RISE AHEAD, we value and benefit from diversity of people, ideas, experience, and everything in between.

We fuel growth by stacking our office with top-notch technologies in a multi-million-dollar lab, by encouraging cross department training and development, sponsoring certifications and credentials for continued learning.

We understand that you have a life outside of work. That’s why we offer paid time off, paid company holidays, and a great benefits program including maternity/paternity leave and much more!

Please note that although some job posting are indicated as remote, it is solely for the purpose of the posting. It is company policy for employees within thirty miles of an office to be in-office at least 2 days per week.",,,United States,381087.0,14.0,,,Full-time,,1712631984000.0,1.0,https://www.linkedin.com/jobs/view/3888938289/?trk=jobs_biz_prem_srch,https://jobs.lever.co/thinkahead/43216a6d-7533-4584-adeb-920cadaa4ae7/apply?source=LinkedIn,OffsiteApply,1715224649000.0,,Mid-Senior level,,1712632649000.0,jobs.lever.co,0,FULL_TIME,,,,,
3888946712,Allstate,Rating & Ratemaking Insights Analyst II,"The world isn’t standing still, and neither is Allstate. We’re moving quickly, looking across our businesses and brands and taking bold steps to better serve customers’ evolving needs. That’s why now is an exciting time to join our team. You’ll have opportunities to take risks, challenge the status quo and shape the future for the greater good.

You’ll do all this in an environment of excellence and the highest ethical standards – a place where values such as integrity, inclusive diversity and accountability are paramount. We empower every employee to lead, drive change and give back where they work and live. Our people are our greatest strength, and we work as one team in service of our customers and communities.

Everything we do at Allstate is driven by a shared purpose: to protect people from life’s uncertainties so they can realize their hopes and dreams. For more than 89 years we’ve thrived by staying a step ahead of whatever’s coming next – to give customers peace of mind no matter what changes they face. We acted with conviction to advocate for seat belts, air bags and graduated driving laws. We help give survivors of domestic violence a voice through financial empowerment. We’ve been an industry leader in pricing sophistication, telematics, digital photo claims and, more recently, device and identity protection.

We are the Good Hands. We don’t follow the trends. We set them.

Job Summary

The Rating & Ratemaking Insights Analyst II role will collaborate with other members of their team to provide basic to moderately complex analytical support to various areas of the organization. In addition, the individual will be responsible for supporting business processes that exist within the team and the maintenance of Allstate tools and rates to ensure accuracy. Project work includes, but not limited to: updates that affect Allstate rating plans, minor & major initiatives, basic to moderately complex data validation and ad-hoc requests.

Key Responsibilities

Understands and contributes to the overall plan for projects/processes by coordinating requirements across various disciplines, providing formal documentation if needed and developing a recommended plan and timeline for assigned workUnderstands the state regulatory environment and specific regulations in order to make appropriate decisionsCreates, updates and maintains various aspects incorporated and utilized in the Allstate rating plans and/or rating toolsPartners with appropriate customers to gather requirements and/or understands where to locate information in order to complete basic to moderate complexity processesPerforms testing and documentation, verifies quality through applications and review processes, and identifies inconsistencies in data and communicates with the appropriate customerMake daily decisions to meet accuracy standards, and to identify and resolve basic data issues with support of mentor/managerPerforms basic to moderately complex ad-hoc data requests and responds to questions for various customers

Education And Experience

4 year Bachelors Degree (Preferred)0-2 years experience (Preferred)In lieu of the above education requirements, an equivalent combination of education and experience may be considered.

Certificates, Licenses, Registrations

No Certification, License or Registration is required for the job.

Functional Skills

Basic/Intermediate proficiency in Microsoft Office suiteBasic technology skillsBasic/Intermediate decision making skillsBasic/Intermediate time and project management skillsBasic/Intermediate problem solving skillsBasic/Intermediate detail oriented and organizational skillsIntermediate communication skills (written/verbal) with both internal and external customers

Notes

The preceding description is not designed to be a complete list of all duties and responsibilities. May be required to perform other related duties as assigned. Regular, predictable attendance is an essential function of this job.

Compensation offered for this role is $56,000.00 (established starting salary) and is based on experience and qualifications.

The candidate(s) offered this position will be required to submit to a background investigation, which includes a drug screen.

Good Hands. Greater Together. ℠

As a Fortune 100 company and industry leader, we provide a competitive salary – but that’s just the beginning. Our Total Rewards package also offers benefits like tuition assistance, medical and dental insurance, as well as a robust pension and 401(k). Plus, you’ll have access to a wide variety of programs to help you balance your work and personal life -- including a generous paid time off policy. For a full description of Allstate’s benefits, visit https://www.allstate.jobs/benefits/

Learn more about life at Allstate. Connect with us on Twitter, Facebook, Instagram and LinkedIn or watch a video.

Allstate generally does not sponsor individuals for employment-based visas for this position.

Effective July 1, 2014, under Indiana House Enrolled Act (HEA) 1242, it is against public policy of the State of Indiana and a discriminatory practice for an employer to discriminate against a prospective employee on the basis of status as a veteran by refusing to employ an applicant on the basis that they are a veteran of the armed forces of the United States, a member of the Indiana National Guard or a member of a reserve component.

For jobs in San Francisco, please click “here” for information regarding the San Francisco Fair Chance Ordinance.

For jobs in Los Angeles, please click “here” for information regarding the Los Angeles Fair Chance Initiative for Hiring Ordinance.

To view the “EEO is the Law” poster click “here”. This poster provides information concerning the laws and procedures for filing complaints of violations of the laws with the Office of Federal Contract Compliance Programs

To view the FMLA poster, click “here”. This poster summarizing the major provisions of the Family and Medical Leave Act (FMLA) and telling employees how to file a complaint.

It is the Company’s policy to employ the best qualified individuals available for all jobs. Therefore, any discriminatory action taken on account of an employee’s ancestry, age, color, disability, genetic information, gender, gender identity, gender expression, sexual and reproductive health decision, marital status, medical condition, military or veteran status, national origin, race (include traits historically associated with race, including, but not limited to, hair texture and protective hairstyles), religion (including religious dress), sex, or sexual orientation that adversely affects an employee's terms or conditions of employment is prohibited. This policy applies to all aspects of the employment relationship, including, but not limited to, hiring, training, salary administration, promotion, job assignment, benefits, discipline, and separation of employment.

",,YEARLY,United States,1835.0,56.0,56000.0,,Full-time,11.0,1712633225000.0,1.0,https://www.linkedin.com/jobs/view/3888946712/?trk=jobs_biz_prem_srch,https://www.allstate.jobs/job/20030305/rating-ratemaking-insights-analyst-ii-remote/?source=linkedinjobpostings,OffsiteApply,1715225970000.0,,,,1712633970000.0,www.allstate.jobs,0,FULL_TIME,USD,BASE_SALARY,56000.0,,
3889413788,Talentify.io,Remote Data Analyst,"Employer Industry: Data Analysis

Why Consider This Job Opportunity

 Salary up to $[highest pay] Opportunity for career advancement and growth within the organization Remote work flexibility Competitive benefit packages including medical, dental, and vision insurance Access to 401k retirement account with employer matching Paid sick leave and other paid time off benefits

What To Expect (Job Responsibilities)

 Analyze, sort, and interpret large data sets to assist the construction team Understand source systems, data flows, and data models Adhere to data governance strategy and guidelines

What Is Required (Qualifications)

 5+ years of data analytic, data validation, data manipulation experience Six Sigma yellow or green belt certification Strong Power BI skills Strong Excel skills

How To Stand Out (Preferred Qualifications)

 Six Sigma Black Belt certification

#DataAnalysis #RemoteWork #CareerGrowth #CompetitivePay #Benefits

At Talentify, we prioritize candidate privacy and champion equal-opportunity employment. Central to our mission is our partnership with companies that share this commitment. We aim to foster a fair, transparent, and secure hiring environment for all. If you encounter any employer not adhering to these principles, please bring it to our attention immediately. Talentify is not the EOR (Employer of Record) for this position. Our role in this specific opportunity is to connect outstanding candidates with a top-tier employer.

Talentify helps candidates around the world to discover and stay focused on the jobs they want until they can complete a full application in the hiring company career page/ATS.",,,United States,2204084.0,5.0,,,Full-time,,1712620800000.0,1.0,https://www.linkedin.com/jobs/view/3889413788/?trk=jobs_biz_prem_srch,https://tfy.io/jo/hrnc_yj?utm_campaign=booc-linkedin&tdd=dDEsaDEsamxkaTAwLHI0LGVwcm82NjE0ZjU4NjZkMzFhMTE3MjI4NTgy&utm_medium=Xml&personalized=true&utm_source=linkedin,OffsiteApply,1715245945000.0,,Entry level,,1712653945000.0,tfy.io,0,FULL_TIME,,,,,
3889414779,Talentify.io,Data Analyst -AITS (Hybrid/Remote),"Employer Industry: Higher Education

Why Consider This Job Opportunity

 Salary up to $80,000 Opportunity for career advancement and growth within the organization Supportive and collaborative work environment Chance to directly impact student success, research discovery, public service, and healthcare missions Continuous learning of new data analytics technologies Development of educational programs to enhance data literacy

What To Expect (Job Responsibilities)

 Engage and assist university clients with understanding and utilizing data effectively Design data analytics solutions such as reports and dashboards Coordinate and develop data education programs to enhance data literacy Actively participate in project activities and provide project status updates Provide input and support for upgrades, capacity planning, and best practices

What Is Required (Qualifications)

 High school diploma or equivalent Minimum of 2 years (24 months) of college coursework or work experience in IT-related functions Additional education, training, and work experience may be required based on position requirements Excellent communication skills, both oral and written Demonstrated ability to prioritize and collaborate in a team-oriented environment

How To Stand Out (Preferred Qualifications)

 Experience in a higher education environment Demonstrated experience with cloud data storage solutions Drive to learn and master new technologies and techniques Demonstrated ability to gather requirements and develop data analytics solutions iteratively Experience with SQL query development

#DataAnalytics #HigherEducation #CareerOpportunity #CompetitivePay #DataLiteracy

At Talentify, we prioritize candidate privacy and champion equal-opportunity employment. Central to our mission is our partnership with companies that share this commitment. We aim to foster a fair, transparent, and secure hiring environment for all. If you encounter any employer not adhering to these principles, please bring it to our attention immediately. Talentify is not the EOR (Employer of Record) for this position. Our role in this specific opportunity is to connect outstanding candidates with a top-tier employer.

Talentify helps candidates around the world to discover and stay focused on the jobs they want until they can complete a full application in the hiring company career page/ATS.",,YEARLY,United States,2204084.0,5.0,80000.0,,Full-time,,1712620800000.0,1.0,https://www.linkedin.com/jobs/view/3889414779/?trk=jobs_biz_prem_srch,https://tfy.io/jo/6js713x?utm_campaign=booc-linkedin&tdd=dDEsaDEsamxkaTF2LHI0LGVwcm82NjE0ZjU4NjZkMzFhMTE3MjI4NTgy&utm_medium=Xml&personalized=true&utm_source=linkedin,OffsiteApply,1715245945000.0,,Entry level,,1712653945000.0,tfy.io,0,FULL_TIME,USD,BASE_SALARY,80000.0,,
3889417419,Talentify.io,Data Analyst - Remote,"Employer Industry: Healthcare Services

Why Consider This Job Opportunity

 Salary up to $137,800 annually Opportunity for career advancement and growth within the organization Work remotely from anywhere within the U.S. Comprehensive benefits package, incentive and recognition programs, equity stock purchase, and 401k contribution Clear direction on what it takes to succeed in your role and development for other roles

What To Expect (Job Responsibilities)

 Build analytical tools and lead process automation opportunities through various programming languages such as SQL and R Provide consulting services to external clients to understand and improve pharmacy benefit insights Use medical and pharmacy claims data to identify and solve a range of problems within the pharmacy benefit Query from relational databases and summarize information in a meaningful way Prioritize and organize work to meet client deadlines

What Is Required (Qualifications)

 3+ years of analytical experience 3+ years of statistical software experience with SAS, SQL, and R 1+ years of pharmacy claims & enrollment data experience

How To Stand Out (Preferred Qualifications)

 Experience with data visualization tools such as Tableau or Power BI Healthcare informatics and/or medical claims experience Ability to communicate and present data to stakeholders Intermediate level Microsoft Office Suite knowledge (Word, Excel, Outlook)

#HealthcareServices #CareerOpportunity #CompetitivePay #RemoteWork #ProfessionalGrowth

At Talentify, we prioritize candidate privacy and champion equal-opportunity employment. Central to our mission is our partnership with companies that share this commitment. We aim to foster a fair, transparent, and secure hiring environment for all. If you encounter any employer not adhering to these principles, please bring it to our attention immediately.

Talentify is not the EOR (Employer of Record) for this position. Our role in this specific opportunity is to connect outstanding candidates with a top-tier employer.

Talentify helps candidates around the world to discover and stay focused on the jobs they want until they can complete a full application in the hiring company career page/ATS.",,YEARLY,United States,2204084.0,6.0,137800.0,,Full-time,,1712620800000.0,1.0,https://www.linkedin.com/jobs/view/3889417419/?trk=jobs_biz_prem_srch,https://tfy.io/jo/q4xjz2r?utm_campaign=booc-linkedin&tdd=dDEsaDEsamxkbnZwLHI0LGVwcm82NjE0ZjU4NjZkMzFhMTE3MjI4NTgy&utm_medium=Xml&personalized=true&utm_source=linkedin,OffsiteApply,1715245946000.0,,Entry level,,1712653946000.0,tfy.io,0,FULL_TIME,USD,BASE_SALARY,137800.0,,
3889756865,Matlen Silver,Data Analyst/Engineer Techno Functional Analyst (Jersey City) x2,"Job Title: Data Analyst/Engineer Techno Functional Analyst
 Duration: 12-18 months
 Location: Jersey City, NJ or Charlotte, NC
 Required Pay Scale: 60-65/Hour on W2
 ***Due to client requirements this role is only open to USC or GC candidates***
 
 Job Summary:
 Project Details:
Corporate treasury data horizontal team is migrating off of Oracle RDBMS to a Hadoop Infrastructure. Processing 4 billion records of treasury data per day. POCs are complete, they are now processing data in about 1 hour. 
They need to hire this ""techno functional analyst"" not to face off with business, but more so to act like a psuedo data engineer. They will go in look and and understand data lineage, look at feed files trace it thru schemas, understand data movements, help developers do a huge migration, see where breaks are coming from as they happen, help developers understand current code and changes needed, look at legacy feeds and work them thru the new platform. dealt with large data sets in the past.
 Must Haves
mid senior exp minimum 5-7 yrs 
 data analysis, lineage not as important- wont do that for 8+ months,
 SQL at least a 4,
 rdbms,
 experience working with large data sets
 
 Desired Skills
Hadoop 
Financial industry experience
 About Matlen Silver
 Experience Matters. Let your experience be driven by our experience. For more than 40 years, Matlen Silver has delivered solutions for complex talent and technology needs to Fortune 500 companies and industry leaders. Led by hard work, honesty, and a trusted team of experts, we can say that Matlen Silver technology has created a solutions experience and legacy of success that is the difference in the way the world works.
 
 Matlen Silver is an Equal Opportunity Employer and considers all applicants for all positions without regard to race, color, religion, gender, national origin, age, sexual orientation, veteran status, the presence of a non-job-related medical condition or disability, or any other legally protected status.
 If you are a person with a disability needing assistance with the application or at any point in the hiring process, please contact us at email and/or phone at: info@matlensilver.com // 908-393-8600
 ",,HOURLY,"New Jersey, United States",16127.0,179.0,65.0,,Contract,39.0,1712668685000.0,,https://www.linkedin.com/jobs/view/3889756865/?trk=jobs_biz_prem_srch,https://www.aptrack.co/uap/AAAGoQAPaUsCHS1y/,OffsiteApply,1715260685000.0,,,,1712668685000.0,,0,CONTRACT,USD,BASE_SALARY,135200.0,,
3889770803,Elsdon Consulting ltd,MDM Business Analyst,"Role: MDM Business AnalystLocation: United States (Remote Role)Employment Type: Contract - 40 hours p/w, 6-12 MonthsStart Date: 05/01/2024
Elsdon Consulting ltd are delighted to assist our client, a AWS and Snowflake Consulting Partner currently supporting some of the biggest brands across numerous industries, with an urgent requirement to add a MDM Business Analyst to the team!
In this role, you will be a skilled business consultant with experience developing proposals, identifying, and establishing metrics to communicate MDM Program value to the organization. The successful candidate will be responsible for developing compelling proposal content to bid for work and perform the work around defining, measuring, and analyzing key metrics related to MDM program's effectiveness.
Other responsibilities include: 
Collaborate with sales and business development teams to understand customer requirements and objectives. Develop detailed proposal deck, other contents outlining approach to establish the specific MDM program benefits and related metrics to the customer.Incorporate relevant metrics and impact assessments into proposal content to demonstrate value proposition. Ensure proposals are compelling, accurate, and aligned with customer expectations and industry best practices.Collaborate with stakeholders to identify key metrics relevant to the MDM program. Determine how MDM initiatives impact these metrics, quantifying the potential improvements or efficiencies gained.Develop clear and standardized methods for measuring the identified metrics. Establish criteria and benchmarks against which performance will be assessed. Document measurement processes to ensure consistency and accuracy.Develop strategies for handling any gaps or deficiencies in available data.Collect historical data to establish baseline values for the identified metrics. Utilize analytical tools and methodologies to calculate baseline performance levels. 
What we're looking for: 
Bachelor's/Master’s degree in Business Administration, Information Systems, or related field.8+ years’ proven experience in business and data analysis, preferably in a metrics-focused role.Familiarity with Master Data Management concepts and practices. Its impact to the organizationStrong analytical skills and attention to detail.Excellent communication and interpersonal abilities.Ability to work collaboratively in a cross-functional team environment.Proficiency in proposal development processes.Familiarity with cruising industry dynamics and data management challenges is preferred. 
Interested in discussing this opportunity and business further? Please click ""apply"" to be considered for this position! If you have any questions, please email me at sam.terry@elsdonconsulting.com",,,United States,5359035.0,189.0,,,Contract,61.0,1712669605000.0,1.0,https://www.linkedin.com/jobs/view/3889770803/?trk=jobs_biz_prem_srch,,ComplexOnsiteApply,1715261605000.0,,Mid-Senior level,,1712669605000.0,,0,CONTRACT,,,,,
3890891467,PriceSenz,Business Analyst III,"Are you a Business Analyst with a passion for detail and a collaborative spirit? If so, we have a great opportunity for you. We are seeking a skilled Business Analyst III to join our team. In this remote position, you will play a critical role in gathering, analysing, and documenting system requirements. You will also collaborate with business owners and technical teams to develop user stories, test plans, and ensure top-notch quality assurance.“Job Title - Business Analyst IIILocation - Texas, Texas RemotePrimary Responsibilities:Document detailed system requirements (functional, technical, EIR accessibility, and Security).Write and revise user stories in collaboration with business owners and technical teams.Perform systems analysis to include creation of business process maps, conceptual models, object and use case models and system architecture diagrams to support project needs.Review, analyze, evaluate, execute and develop test cases and scenarios based on business and system requirements to ensure traceability.Design quality assurance test plans and coordinate user acceptance testing. Works in cooperation with the project team to identify and document software defects and works with the project’s Technical Lead to coordinate defect solutions. Work is accomplished in a highly collaborative environment.Ability to work independently with minimal supervision and meet tight deadlines.Minimum Requirements (8 years)Experience in planning, leading, gathering and analyzing business requirements, user stories, preparing and executing fit gap analysis, and developing software specifications, complex test scenarios and test plans in cooperation with business and technical groupsExperience preparing and executing test plans; leading and assisting team members in performing and completing test activities; performing testing; and documenting/communicating testing resultsExperience testing interfaces, data conversion and migration in support of projects replacing large, complex legacy systemsExperience simultaneously collecting requirements across multiple program areas or organizations that are geographically dispersed and that have varying business needsExperience in synthesizing data requirements and developing conceptual data models from requirements and user storiesExperience gathering, documenting and capturing design requirements for business reportingExperience with Software Development Life Cycle (SDLC) management software such as HP Application Lifecycle Management (ALM) or AtlassianExperience in assisting with development of plans and work artifacts in support of the project management life cycleKnowledge of the SDLC principles, practices and techniques of application programming and software designAbility to accurately test software applications using a data driven development approachSkill in solving problems; in scheduling, testing, installing, and implementing programs; and in troubleshooting computer software systemsExperience facilitating workshops, meetings and collaborative work sessions with cross-functional teams in a remote environmentSkilled in the use Microsoft Office, Excel, Visio, PowerPoint and SharePoint.
Term of ServiceServices are expected to start as soon as possible and are expected to be completed by August 31, 2024, or when total hours estimated on work order have been depleted, whichever occurs first. Total estimated Worker hours shall not exceed 2800 hours per worker. This service may be amended, renewed and/or extended and hours added upon mutual written agreement of the parties. Work Hours and LocationServices shall be provided during normal business hours unless otherwise coordinated. Normal business hours are Monday through Friday from 8:00 AM to 5:00 PM, excluding State holidays when the agency is closed. If the Vendor is headquartered in Texas, this position is eligible for telecommuting from within the Continental United States. If not headquartered in Texas, this position is eligible for telecommuting from anywhere in the state of Texas. Candidates must be residing in Texas or willing to relocate to Texas by their start date. This is a remote position. Ideal candidates must have a secure, dedicated workspace with Internet service, ability to maintain a reliable consistent work schedule, and be available for weekly meetings and group collaboration via Microsoft Teams and other applications during regular business hours. Position may require team members to come into the office for scheduled meetings”Ready to take the next step? Don't miss this exciting opportunity to make a difference in Texas. Apply now





",,,"Texas, United States",9328925.0,11.0,,,Contract,1.0,1712856205000.0,1.0,https://www.linkedin.com/jobs/view/3890891467/?trk=jobs_biz_prem_srch,,ComplexOnsiteApply,1715448205000.0,,,,1712856205000.0,,0,CONTRACT,,,,,
3890893424,"Ashley Ellis, Inc",Senior Business Analyst,"Senior Business analyst
Remote- EST hours6-12 month contract$50-65/hr W2
Out client is looking for a Sr. Business Analyst to join their team! The ideal candidate will play a role in the development of multiple parts of the business by analyzing past, current, and future business trends. This individual will establish strategies to achieve desired outcomes and implement these strategies. They will often work cross-functionally with internal business units in order to understand the challenges that these teams are face and provide solutions to these groups. 
ResponsibilitiesWrite good user storiesCommunicate and implement strategies alongside technical teamIdentify and solve weaknesses within the organizationExplore new ways to increase customer or client satisfaction
Qualifications
Bachelor's degree in Business or related field7+ years' of experience in related industryExperience with data mapping and system integrationAgile/Scrum background is preferredStrong written and verbal communication skills",65.0,HOURLY,"Ohio, United States",221815.0,3.0,,50.0,Contract,,1712855522000.0,1.0,https://www.linkedin.com/jobs/view/3890893424/?trk=jobs_biz_prem_srch,,ComplexOnsiteApply,1715447521000.0,,Mid-Senior level,,1712855522000.0,,0,CONTRACT,USD,BASE_SALARY,119600.0,,
3891001081,InfoVision Inc.,Business Analyst,"Job title: Business Analyst ConsultantLocation: California, Oregon, ColoradoDuration: Long Term Responsibilities:Collaborate closely with business stakeholders, including underwriters, actuaries, and line of business managers, to understand their challenges, objectives, and key performance indicators (KPIs) related to healthcare insurance lines of business.Gather and document detailed business requirements, processes, and workflows to inform data science projects and initiatives.Work with data engineers and data scientists to identify relevant data sources, define data requirements, and ensure data quality and completeness.Assist in the development of data models, machine learning models, and analytical solutions to address business problems and support decision-making processes.Interpret and communicate complex data analysis and modeling results to non-technical stakeholders, highlighting key insights and recommendations.Facilitate the implementation of data-driven solutions and ensure their successful adoption within the business units.Continuously monitor and evaluate the performance and impact of implemented solutions, providing feedback for improvement and further optimization.Stay up-to-date with industry trends, regulations, and best practices related to healthcare insurance and data science applications.Collaborate with cross-functional teams, including IT, legal, and compliance, to ensure adherence to relevant policies and regulatory requirements.
Requirements:Bachelors degree in Business Administration, Economics, Healthcare Administration, or a related field.3 +years of experience as a Business Analyst or a similar role in the healthcare insurance industry.Strong understanding of healthcare insurance operations, products, and processes, including underwriting, claims management, and risk assessment.Experience working with data science teams and familiarity with data analysis, modeling, and machine learning concepts.Proficiency in data visualization tools (e.g., Tableau, Power BI) and ability to effectively communicate complex data insights.Excellent analytical, problem-solving, and critical thinking skills.Strong communication and interpersonal skills, with the ability to effectively collaborate with technical and non-technical teams.Attention to detail and commitment to delivering high-quality solutions.
Preferred Qualifications:Knowledge of data engineering and data governance practices.Familiarity with agile development methodologies and project management frameworks.Understanding of healthcare regulations, compliance, and data privacy requirements (e.g., HIPAA).Relevant certifications in healthcare, business analysis, or data science domains.",,,"Oregon, United States",282692.0,,,,Contract,,1712856991000.0,,https://www.linkedin.com/jobs/view/3891001081/?trk=jobs_biz_prem_srch,,ComplexOnsiteApply,1715448991000.0,,Mid-Senior level,,1712856991000.0,,0,CONTRACT,,,,,
3891004956,BetaNXT,Business Analyst,"The Company

BetaNXT is the next wave in wealth management technology and outsourcing solutions. We focused on solving our customers most demanding integration challenges with flexible, efficient, connected solutions. Our products reduce enterprise cost, streamline operation processes, increase advisor productivity, and enhances the investor experience. Together with BetaNXT, wealth management firms are transforming their platforms into differentiating assets that enable scale and commercial growth.

But we're not just invested in our customers; we're also invested in people. We know that our overall success is a combined effort, and we therefore strive to provide opportunities for our employees to learn, grow and thrive.

Overview Of The Business Analyst

BETA is a self-clearing securities processing solution for wealth management firms. Built on years of expert knowledge and hands-on experience, BETA provides critical back-office controls including corporate action management, middle office exception management, and front office account management and trading tools for advisors.

We’re in search for an experienced Business Analyst. In this role, you’ll primarily work on our Beta HOST mainframe, while eliciting requirements from the client, and being the liaison between the development staff and the user community. As a Business Analyst, on any given day you might be gathering requirements, building test plans, or researching and designing project functionality, all while seeing changes through to completion in a live environment.

Duties And Responsibilities Of The Business Analyst

The Business Analyst is responsible for gathering and documenting business requirements, functional design, providing support of user acceptance testing, and project implementation. The Business Analyst will interact with all levels of the organization to ensure timely completion with the highest degree of quality of industry, regulatory and client initiatives. Core responsibilities include:

Gather user requirements from external/internal clients via User Requirements Documentation and/or end-user interviews.Participate in project estimation process.Build relationships with various external and internal stakeholders.Create business requirements, developing execution plan of features/functionality in partnership with Product Engineering team.Provide on-going project support for regression, system testing, and User Acceptance Testing.Develop a professional rapport with the project stakeholders and maintain an excellent level of client satisfaction.Share your passion for staying on top of trends, experimenting with, and learning new technologies, participating in internal & external wealth management communities, mentoring other members of the financial technology community.


Skills And Experience Of The Business Analyst

2+ years of professional and hands on experience in a Business Analyst role; preferably in the brokerage or financial services industryHigh level understanding of end-to-end back-office brokerage systems including, Mutual Funds, Sub-Accounting, Alternative Investments, and/or Insurance & Annuity processing.Experience with all phases of the software development life cycle, best practices, and Agile Software Development.Ability to understand and communicate simple to somewhat involved technical concepts.Excellent analytical problem solving, organization, interpersonal, & communication skills.Demonstrated ability to multi-task in a fast-paced environment.The willingness to learn new technologies and/or you should be able to get up-to-speed on them quickly.Work autonomously and in teams, are excited by new technologies and industry initiatives, and will never back down from the challenges of scale.Experience building successful client and internal team relationships.


",,,United States,82284796.0,6.0,,,Full-time,1.0,1712620800000.0,1.0,https://www.linkedin.com/jobs/view/3891004956/?trk=jobs_biz_prem_srch,https://workforcenow.adp.com/mascsr/default/mdf/recruitment/recruitment.html?jobId=516850&ccId=19000101_000001&source=LI&lang=en_US&cid=21b5e71b-5e64-4d33-b8de-26ea145e664a,OffsiteApply,1715472000000.0,,Mid-Senior level,,1712860552000.0,workforcenow.adp.com,0,FULL_TIME,,,,,
3891069941,InfoVision Inc.,Data Analyst,"Data AnalystDakota Dunes, SD
Entry Level SQL, Run SQL The queries. Client is using ThoughtspotUnderstanding of Dashbord and Proficient in Microsoft Office and excel 
Please share your profile to Lokesh.Kumar@infovision.com or reach me on 619 771 1188.",,,"South Dakota, United States",282692.0,10.0,,,Contract,1.0,1712861220000.0,,https://www.linkedin.com/jobs/view/3891069941/?trk=jobs_biz_prem_srch,,ComplexOnsiteApply,1715453220000.0,,Entry level,,1712861220000.0,,0,CONTRACT,,,,,
3891074608,Parallel,Senior Data Analyst,"Job Details
Role Type: Full-TimeLocation: Fully Remote (USA)Reports To: Director of EngineeringSalary: $130k-$160K 
About This RoleWe're seeking a dynamic Senior Data Analyst to drive innovation and make a meaningful impact. In this role, you'll collaborate with stakeholders across the company to unlock insights from data, driving operational excellence and enhancing business outcomes.
Seize this thrilling opportunity to:Be at the forefront of a data-centric organization, shaping the future of care for learning and thinking differences.Work on diverse projects, gaining a holistic understanding of our business and contributing to a variety of initiatives, from finance to neuropsychology.Thrive in a culture that values inclusivity, innovation, and collaboration.Play a key role in a rapidly growing company, supported by a passionate team.Continuously develop your skills and knowledge in a supportive and empowering environment.
Technology StackWe utilize the Google Cloud Platform, Python, SQL, BigQuery, and Looker Studio for data analysis and management.We ingest data from a variety of third-party tools, each providing unique insights.Our stack includes DBT and Fivetran for efficient data integration and transformation.
Key ResponsibilitiesCollaborate with teams to understand data needs and deliver tailored solutions.Analyze large sets of structured and unstructured data to identify trends and insights.Develop and maintain databases and data systems for improved data quality and accessibility.Create clear and effective data visualizations for stakeholders.Stay updated with the latest trends in data analysis and technologies.
Qualifications and Skills2-3 years of hands-on experience in data.You can distill complex data into easy to read and interpret dashboards to enable leadership / business teams to gather data insights and monitor KPIs.Solid understanding of SQL and Python, along with experience in visualization tools.Basic familiarity with Looker and BigQuery.Basic familiarity with dbt or other data warehouse modeling methods.Strong problem-solving skills and a collaborative mindset.Must be authorized to work in the US. 👋 About UsParallel is the first tech-forward provider of care for learning and thinking differences across the United States. We believe learning differences are parallel ways of thinking that should be celebrated! Our mission is to provide students with the resources and encouragement to succeed in the classroom and beyond. To us, this means helping them build confidence in their unique strengths and create strategies to work around their challenges. Parallel simplifies the process of getting support for learning differences by consolidating providers and resources on a single platform. We connect students with qualified professionals while significantly reducing waiting times, costs, and confusion. We provide a variety of services, including: Psychological Assessment & TherapyCounselingSpeech-Language TherapySpecial EducationAnd more!",,,United States,71014184.0,10.0,,,Full-time,4.0,1712863358000.0,1.0,https://www.linkedin.com/jobs/view/3891074608/?trk=jobs_biz_prem_srch,https://boards.greenhouse.io/parallellearning/jobs/4400076005,OffsiteApply,1715455358000.0,,Mid-Senior level,,1712863358000.0,,0,FULL_TIME,,,,,
3891076521,Optomi,Data Analyst,"Job Description
Optomi Professional Services, in partnership with a leading tire distributor, is seeking a Data Analyst to join their team! The Data Analyst will work closely with the Supply Chain team to help identify exceptions and uncover insights from large transactional datasets. This role requires strong analytical problem-solving skills to help establish routine reporting, conduct root cause analysis, and continuously improve data quality and processes.
Responsibilities:Analyze daily transactional data files containing over 100,000 rows to identify exceptions and rule violationsBuild daily, weekly, and monthly reporting dashboards using Excel and Tableau to visualize key metrics and exceptionsDevelop real-time daily monitoring dashboards, historical weekly business review dashboards, and executive dashboards using Power BI and ExcelConduct root cause analysis to understand issues, form hypotheses, and identify sensitivities in the dataCommunicate findings and insights to cross-functional partners to drive continuous improvement workWork with product teams to integrate data into certified platforms like Palantir over timeStay up to date on emerging data technologies and best practicesMaintain established reporting routines and troubleshoot any issues
Must-Haves:Experience in data analysis, problem-solving, or data scienceProficiency in Excel required, with experience in Tableau, SQL, or SAS preferred.Open to using various technologiesA mix of technical skills and the ability to learn supply chain domain knowledgeStrong communication and storytelling skillsEntrepreneurial mindset with flexibility to work in a dynamic environment
Soft Skills Needed:Problem solving - Ability to creatively solve problems through data analysis.Curiosity - A curious nature and willingness to learn. Carter prioritizes this over experience.Entrepreneurial mindset - Comfort with ambiguity and willingness to work scrappy in a dynamic environment.Critical thinking - Ability to think critically about data and uncover insights.Communication - Comfort communicating findings to cross-functional teams.Adaptability - Openness to different perspectives and willingness to be influenced by new ideas.Go-getter attitude - Self-starter mentality who is comfortable wearing multiple hats.
Qualities of Successful Candidates:Carter is seeking a problem-solver first and foremost, not a supply chain expert. He prioritizes soft skills over industry experience.We are looking for a self-starter who is eager to take ownership of this role.This is an opportunity for hands-on experience working directly with a senior leader to help transform data and processes.The ideal candidate will be a creative problem-solver who thrives in an ambiguous environment.The data environment is dynamic and ambiguous with limited resources currently. Candidates should be comfortable with uncertainty.",65.0,HOURLY,United States,2684081.0,28.0,,55.0,Contract,11.0,1712863738000.0,1.0,https://www.linkedin.com/jobs/view/3891076521/?trk=jobs_biz_prem_srch,,ComplexOnsiteApply,1715455738000.0,,Mid-Senior level,,1712863738000.0,,0,CONTRACT,USD,BASE_SALARY,124800.0,,
3891080059,Perfict,Information Technology Business Analyst,"About Us:Perfict Global is a leading IT consulting services provider focused on providing innovative and successful business workforce solutions to Fortune 500 companies. Our trained and experienced professionals constantly strive to bring together the best technologies available to manage client's complex business and technology, participate in implementation activities and collaborate in new ways to meet client needs.
We provide excellent benefits such as Medical, Dental, Vision ++ a fun company to work!!!
W2
Job description:
Bachelors degree + 5 years related experiencePEOPLESOFTCOUPASupply chain experienceNeed data background; data management, data cleansing, data validation, working with master data – position is focused on transitioning from PEOPLESOFT TO COUPA -will be accountable for monitoring all system interfaces and external file validation – ETL, etc.Heavy Excel experience.BA background; gathering requirements, documentation, etc.",,,United States,6635656.0,10.0,,,Contract,2.0,1712864321000.0,1.0,https://www.linkedin.com/jobs/view/3891080059/?trk=jobs_biz_prem_srch,,ComplexOnsiteApply,1715456321000.0,,Mid-Senior level,,1712864321000.0,,0,CONTRACT,,,,,
3894285832,OEC,Senior Business Analyst- SaaS and Sales,"Job Summary/ObjectiveAnalyzes, defines and supports key growth initiatives to help drive internal efficiencies and value creation in support of the Sales / Direct Sales business unit. Leverages industry and subject matter expertise to support, collect, and analyze data related to product activations, product usage, market dynamics, and CRM activities to create insights that help drive Sales growth. Works with CRM, data warehouses and BI tools (i.e. LinkIQ, Power BI, Easy Territory) to produce reports that provide insight and guidance to Sales management including mapping employee activities to overall sales performance. Partners with Marketing, Customer Success, eLearning, BIS and Product to share insights, identify workflow improvements and develop customer engagement campaigns to increase product adoption. Key Responsibilities & Duties (essential to the job)Identifies ongoing needs of the Sales Departments around performance management, executes reports as needed, and partners with BI Services to determine opportunities for automation of recurring reporting needs.Translates business data into real-time business analysis to convert into actionable customer engagement opportunities. Evaluates trends and identifies areas of opportunity.Develops relationships and collaborates cross-functionally with the business and external partners to gather and define business requirements, challenges assumptions, and provides a different perspective on how OEC tracks and manages customer and employee performance through data analysis for the Sales team.Recommends strategies and processes that will evolve OEC’s capabilities in delivering internal analytics.Serves as subject matter expert for data needs of Sales team and leverages strategic thinking to help define internal reporting roadmaps which support needs of the customer-facing team.Partners with the Sales management to analyze employee activity relative to customer product usage to understand the impact of activities. Collaborates with ERP Services to improve CRM processes and workflows to improve productivity of the team and provide easier access to tracking key milestones.Designs and implements highly automated business reporting, analysis and dashboard processes to provide daily, weekly and monthly visibility on business performance and trends to help drive OEC strategy.Provides actionable insight, bringing transparency to key trends and issues underlying business performance that will ultimately determine leadership-level corrective action plans.Uses inherent industry and product subject matter expertise to mentor and assist other employees.  Education A bachelor’s degree from an accredited college or university is required, with a focus in Business, Information Technology, Mathematics, Economics, or a related discipline. In the absence of a degree, equivalent work experience directly related to the role's key responsibilities will be considered. Experience, Skills and Key CompetenciesAt least 6 years of progressively responsible experience in data, business, and/or process analysis, to include working with applications such as Microsoft Excel/Access/Dynamics, Power BI, Azure, Easy Territory, and Web-scale databases, plus experience with trend analysis and leveraging data predictions. Must also be able to demonstrate the following skills and abilities:Demonstrated ability to manage time and multiple tasks effectively.In-depth knowledge and application of a variety of business intelligence tools and emerging technologies.Strong business or sales acumen to understand the market and be able to analyze and resolve issues with limited direction.Able to gain an in-depth understanding of OEC’s products and technology components including their features, benefits, and application within the marketplace.Excellent verbal and written communication skills.Strong interpersonal skills with the ability to establish collaborative working relationships across internal teams and individuals with varying levels of expertise.Able to investigate, analyze, and articulate data requirements.Detailed and process-oriented, with the ability to think and work independently and creatively.Ability to mentor and guide other employees.",,,United States,19831.0,1.0,,,Full-time,,1712863046000.0,1.0,https://www.linkedin.com/jobs/view/3894285832/?trk=jobs_biz_prem_srch,,ComplexOnsiteApply,1715455046000.0,,Mid-Senior level,,1712863046000.0,,0,FULL_TIME,,,,,
3894400726,DataMasters,Sr SAP Business Analyst (exp w/ migration from SAP ECC 6.0 to MS Dynamics 365 preferred),"Immediate need for a SAP Functional Business Analyst for our direct Greensboro NC area client.-ECC 6.0 required-experience with migration from SAP ECC6 to Microsoft Dynamics 365 HIGHLY PREFERRED-12 month contract-Hybrid preferred, will consider remote.-Able to work hours in EST Time zone.-Manufacturing, distribution, SC, or similar industry, and applicable modules experience preferred. MM PP WM SD.-Configuration experience preferred.-Small team, will need to be strong communicator with solid understanding of business functions.",,,United States,44254.0,3.0,,,Contract,,1712866352000.0,1.0,https://www.linkedin.com/jobs/view/3894400726/?trk=jobs_biz_prem_srch,,ComplexOnsiteApply,1715458352000.0,,Mid-Senior level,,1712866352000.0,,0,CONTRACT,,,,,
3894881837,NAM Info Inc,Business Analyst with Supply Chain & MDM,"Business Analyst with Supply Chain & MDM12 Months ContractRemote, be willing to travel as appropriate 
Qualifications
Ten to twelve years’ of experience in full life cycle of Business Analysis.Experience in “retail” domain and thorough understanding of supply chain” workflow will be key to the role.5+ years’ experience on the Informatica MDM platform (version 10.x experience a MUST).Informatica MDM strategist who brings (and can cite) best practices.Experience with Supply Chain Data is a MUSTExtensive development experience on a cloud platform preferred (Azure, in particular)Client facing or consulting experience, highly preferred.Experience in working on projects that required hands on skill in problem solving and analytical acumen.Adaptability to emerging technologies, accelerated learning curve.Ability to explain and present concepts to technical and non-technical audiences alike, including C-Suite leaders.Bachelor’s Degree in MIS, Computer Science, Math, Engineering, or comparable major.Solid foundation in Computer Science, with strong competencies in data structures, algorithms, and software design.Knowledge and experience in developing software using agile methodologies.Proficient in authoring, editing, and presenting technical documents.Ability to communicate effectively via multiple channels (verbal, written, etc.) with technical and non-technical staff.
ResponsibilitiesLead the technical planning & requirements gathering phases including estimate, develop, test, manage projects of MDM. Extensive experience in requirement gathering, functional and technical documentation specification.Experience is using variety of data modeling tools to prepare workflow diagrams.Compatible experience in functional and regression testing as appropriate.Extensive knowledge of Supply Chain Data is necessary.Work directly and collaboratively with Business SME’s MDM Solution Architect, MDM Admin, and MDM developers.Client facing Technical and Business stakeholders.Serve as a Business Analyst lead and mentor. Provide technical support or leadership in the development and continual improvement of MDM solutions.Develop and maintain effective working relationships with team members.Demonstrate the ability to adapt and work with team members of various experience levels.Collaborate with business stakeholders to gather and document MDM requirements, including data elements, business rules, and use cases.Conduct comprehensive data mapping exercises to identify data sources, data elements, and data relationships relevant to the MDM implementation.Analyze and document existing data structures and data flows to assess their compatibility with the Informatica P360 MDM solution.Translate business requirements into technical specifications and user stories for MDM developers, with a particular focus on data mappings and transformations.Assist in the design and configuration of Informatica P360 MDM solutions based on business requirements and data mappings.Work closely with MDM architects, developers, and data stewards to ensure alignment between business needs and technical solutions.Facilitate workshops and meetings with business stakeholders to review and validate MDM requirements, data mappings, and solutions.Develop test plans and test cases for MDM functionality, with a specific focus on validating data mappings and transformations.Provide training and support to end-users on MDM processes, data mappings, and functionalities.Assist in the documentation and maintenance of MDM-related artifacts, including requirements, data mappings, design documents, and user manuals.
Kindly reply with your resume to Email- jnehru@nam-it.com",,,United States,1909776.0,4.0,,,Contract,,1712855619000.0,1.0,https://www.linkedin.com/jobs/view/3894881837/?trk=jobs_biz_prem_srch,,ComplexOnsiteApply,1715447619000.0,,Mid-Senior level,,1712855619000.0,,0,CONTRACT,,,,,
3895215696,Quantum World Technologies Inc.,Data Analyst,"Resource should be able to visualize and explain the Data Models.Should be able to compare and validate the differences.Should be strong in ExcelShould be strong in SQLShould be strong in TableauIntermediate – Python (NumPy, Data Analytics)",,,United States,13331595.0,4.0,,,Contract,,1712864724000.0,1.0,https://www.linkedin.com/jobs/view/3895215696/?trk=jobs_biz_prem_srch,,ComplexOnsiteApply,1715456724000.0,,Mid-Senior level,,1712864724000.0,,0,CONTRACT,,,,,
3895542866,Nordstrom,Credit Data Analyst 2 (Remote),"Job Description

As an integral part of our Digital Analytics team, the data analyst 2 is responsible for collecting, analyzing and presenting data to improve decision making around customer experience projects in Nordstrom’s high-growth Direct online channel. This individual should have a high degree of curiosity about the business and the skills to discover impactful insights from data. They should be able to communicate those insights in a way that builds confidence and enables decisions that drive business value.

A day in the life…

Partner with key stakeholders on data analysis problemsMine complex digital behavioral data and transform it into actionable informationApply common statistical methods, data modeling, and predictive analysis to answer strategic questions for the online businessUse advanced data visualization techniques to communicate solutions to business stakeholdersProvide exceptional customer service through professionalism, ownership and initiativeDemonstrate productivity through the efficient use of time and a commitment to strong results

You own this if you have…

Quantitative degree (preferably a Master's degree) in mathematics, statistics, computer science, engineering, or similar quantitative analytics discipline1+ year of corporate data analysis experience in online analytics (online retail a plus)1+ year of corporate experience writing SQL queries from scratch1+ year of professional experience using R or Python in an analytics capacityWorking understanding of statisticsGood verbal and written communication skills, ability to convey results to non-experts

Nordstrom is able to offer remote employment for this position in: Arizona, California, Colorado, Illinois, Nevada, North Carolina, Texas, Utah and Washington.

We’ve got you covered…

Our employees are our most important asset and that’s reflected in our benefits. Nordstrom is proud to offer a variety of benefits to support employees and their families, including:

Medical/Vision, Dental, Retirement and Paid Time AwayLife Insurance and DisabilityMerchandise Discount and EAP Resources

A few more important points...

The job posting highlights the most critical responsibilities and requirements of the job. It’s not all-inclusive. There may be additional duties, responsibilities and qualifications for this job.

Nordstrom will consider qualified applicants with criminal histories in a manner consistent with all legal requirements.

Applicants with disabilities who require assistance or accommodation should contact the nearest Nordstrom location, which can be identified at www.nordstrom.com.

© 2022 Nordstrom, Inc

Current Nordstrom employees: To apply, log into Workday, click the Careers button and then click Find Jobs.

Pay Range Details

The pay range(s) below are provided in compliance with state specific laws. Pay ranges may be different in other locations.

California: $87,500- $145,000 annually, Colorado: $76,500- $126,500 annually, Nevada: $76,500- $126,500 annually, Washington: $87,500- $145,000 annually",145000.0,YEARLY,United States,3379.0,220.0,,76500.0,Full-time,16.0,1712892062000.0,1.0,https://www.linkedin.com/jobs/view/3895542866/?trk=jobs_biz_prem_srch,https://nordstrom.wd5.myworkdayjobs.com/nordstrom_careers/job/Centennial-CO/Credit-Data-Analyst-2--Remote-_R-644855-1/apply?source=LinkedIn,OffsiteApply,1715484710000.0,,Mid-Senior level,,1712892710000.0,nordstrom.wd5.myworkdayjobs.com,0,FULL_TIME,USD,BASE_SALARY,110750.0,,
3895815353,Interview Kickstart,Part-time Mentor - Data Analyst/Business Analyst (DABA),"Who are we, you ask? The name InterviewKickstart might have given you a clue. But here’s the 30-second elevator pitch - Interviews can be challenging. And when it comes to the top tech companies like Google, Apple, Facebook, Netflix, etc., they can be downright brutal. Most candidates don’t make it simply because they don’t prepare well enough. InterviewKickstart (IK) helps candidates nail the most challenging tech interviews.
At IK, current and former hiring managers at these top companies train candidates in an intense interview prep course to prepare them for the most challenging interviews
Role: Do you enjoy teaching complex topics easy to understand for everyone?Do you love to solve data analysis problems?Do you want to be a part of the team creating world-class data/business analyst content to crack the most challenging interviews? Do you like to mitigate your colleague/students clearing doubts related to data analysis? 
If the answer to all of those questions is yes for you, IK is the place for you. We are looking for Data Analyst/ Business Analysts with a strong passion for teaching. This role will provide opportunities to network with other experts, understand learner issues and contribute to the data science community at large.
Responsibilities:
Deliver live sessions on various topics in the area of SQL, Business Needs and Decision Making, Data Visualization and other ML techniques for data analysis.. Constantly improve the session flow and delivery by working with other instructors and subject matter expertsSimplify complex issues and explain them in an engaging mannerHave regular discussions with IK’s curriculum team in evolving the DS curriculumHelp in onboarding and training other instructors and coachesUnderstand the challenges faced by students and willingness to help them out
 Requirements:
Minimum 4-5 years of experience in tier-1 Tech companies as a Data Analyst/ Business Analyst/Decision ScientistComfortable with visualization tools such as Tableau, Mathematical concepts such as probability, statistics etcProficient in at least one of this programming knowledge: python (preferred), R, SQL Experience in delivering end-to-end solutions related to business analytics case studies such as Product Analysis, Finance trends etc Participation in interview panels and hiring committees Should be willing to work on weekends/evenings and be available as per the US time zone",,,United States,4790142.0,3.0,,,Part-time,,1712897880000.0,1.0,https://www.linkedin.com/jobs/view/3895815353/?trk=jobs_biz_prem_srch,https://interviewkickstart.keka.com/careers/jobdetails/46279,OffsiteApply,1715489879000.0,,Mid-Senior level,,1712897880000.0,,0,PART_TIME,,,,,
3898155882,"Next Gen IT, Inc",Business Analyst with Oracle EPM,"Oracle EPM Business Analyst, Remote Exp: 5-7yrs Non Visa Candidate Only(OPT/CPT/EAD's)  This role will be 70% functional focused around the EPBCS module of Oracle EPM.  Job Description: This BA will be supporting the Oracle EPM application to support the financial/analytics space Strong understanding of Oracle Financials – specifically EPBCS Experience working with the business to gather, document requirements Preferably an understanding of the cube structure and how dimensions work within EPBCS Ability to generate ad hoc reports from business within EPM Ability to support and maintain a mature EPM environment 70% functional/30% technical ",,,United States,84813880.0,27.0,,,Contract,5.0,1713207854000.0,1.0,https://www.linkedin.com/jobs/view/3898155882/?trk=jobs_biz_prem_srch,,ComplexOnsiteApply,1715799854000.0,,,,1713207854000.0,,0,CONTRACT,,,,,
3898160133,blueStone Staffing,Data Analyst 1 - 10315,"Job Description: Technical Leader / Data Analyst IDirect Apply: https://bluestonestaffing.com/jobs/data-analyst-1-10315/
Overview: The Technical Leader, or Tech Lead, is pivotal in providing operational and technical support to the Agile Development Team. They play a central role in the creation of Consumable Data Sets (CDS) utilizing Azure Cloud data via Databricks (DBX) and PowerBI cloud reports. Additionally, the Tech Lead fosters a collaborative environment, offering guidance to team members while also engaging in development tasks as time permits.
Duties:Provide operational and technical leadership for the Agile Development Team, assisting with development needs and questions.Utilize expertise in Data Engineering with DataBricks, Hadoop, and Spark SQL to optimize code as required.Review BI products to ensure compliance with requirements and validate data integrity.Conduct quick daily stand-ups to address open issues or blockers faced by the team.Ensure adherence to defined processes by the EXL team, including task updates and status reporting.Participate in new requirements/refinement sessions with business requestors, GM leads, and EXL Contractors, supporting the Product Manager, Scrum Leader, and Architect.Facilitate user acceptance testing (UAT), reviewing products ready for testing and coordinating meetings with stakeholders.Coach the team in best agile practices, identifying and addressing anti-patterns.Support DE and BI deployments, ensuring version control and documentation maintenance.Provide development support as part of the team, actively contributing to CDS and BI report development.Offer after-hours operational support, monitoring intraday reports and addressing any issues.Conduct quarterly usage audits to assess user engagement and report executions, providing recommendations for improvement to management.
Requirements:Experience working with big data in a cloud environment, particularly Azure-Databricks.Proficiency in PowerBI and Cognos visualization tools (PowerBI Pro experience is advantageous).Agile development experience, with a solid understanding of Agile principles and methodologies.Demonstrated expertise in writing advanced SQL queries.Strong communication and leadership skills, with the ability to collaborate effectively with cross-functional teams.Detail-oriented with a focus on quality assurance and process improvement.
If you have a passion for driving technical excellence within an Agile environment and meet the qualifications outlined above, we encourage you to apply and be part of our innovative team.blueStone Staffing Solutions brings top talent to some of the most desired companies on a contract, contract-to-hire and direct hire basis. We take pride in presenting our candidates with great opportunities they may not have exposure to elsewhere. By working with blueStone, you’ll have access to rewarding job opportunities, competitive compensation, and industry leading benefits packages. We look forward to helping you land your next career opportunity and achieve your goals!",30.0,HOURLY,United States,614775.0,284.0,,25.0,Contract,110.0,1713206527000.0,1.0,https://www.linkedin.com/jobs/view/3898160133/?trk=jobs_biz_prem_srch,,ComplexOnsiteApply,1715798527000.0,,Associate,,1713206527000.0,,0,CONTRACT,USD,BASE_SALARY,57200.0,,
3899520919,TekInvaderZ,Senior Data Analyst,"Direct Client,100% Remote
JD:Must have over 8+ yrs exp.Proven experience working with Amazon Aurora and/or PostgreSQL in a production environment.Strong SQL skills and experience with SQL tuning techniques.Proficiency in AWS services such as EC2, Route 53, VPC, IAM, and CloudFormation.Hands-on experience with scripting languages (e.g., Python, Bash) for automation.Familiarity with database security concepts and best practices.Excellent problem-solving skills and attention to detail.Strong communication and collaboration skills, with the ability to work effectively in a team environment.Preferred Qualifications:AWS Certification -Not mandatoryExperience with other AWS database services such as RDS..Knowledge of containerization technologies (e.g., Docker, Kubernetes).Experience with DevOps practices and tools (e.g., CI/CD pipelines, Git).
QualificationsAnalytical Skills, Data Analytics, and StatisticsExcellent written and verbal communication skillsData modeling and visualization skillsExperience with statistical analysis tools and softwareAbility to work independently and remotelyExperience in the finance, e-commerce, healthcare, or marketing industries is a plusBachelor's or Master's degree in Data Science, Statistics, Mathematics, or a related field",,,United States,3824621.0,37.0,,,Contract,14.0,1713277522000.0,1.0,https://www.linkedin.com/jobs/view/3899520919/?trk=jobs_biz_prem_srch,,SimpleOnsiteApply,1715869522000.0,,,,1713277522000.0,,0,CONTRACT,,,,,
3899527959,KPG99 INC,Oracle EPM Business Analyst,"Oracle EPM Business AnalystLocation: RemoteDuration: 6+ months CTHMOI: Video Job Description:• This BA will be supporting the Oracle EPM application to support the financial/analytics space• Strong understanding of Oracle Financials • Experience working with the business to gather, document requirements• Preferably an understanding of the cube structure and how dimensions work within EPBCS• Ability to generate ad hoc reports from business within EPM• Ability to support and maintain a mature EPM environment• 70% functional/30% technical

Thanks & RegardsPreeti UpadhyayTechnical Recruiter Mail id: preeti@kpgtech.com Contact: 609 357 5952 Ext 221",,,United States,3815031.0,28.0,,,Contract,1.0,1713279591000.0,1.0,https://www.linkedin.com/jobs/view/3899527959/?trk=jobs_biz_prem_srch,,ComplexOnsiteApply,1715871591000.0,,,,1713279591000.0,,0,CONTRACT,,,,,
3899527989,Akkodis,Senior Business Analyst ,"Akkodis is seeking a Senior Business Analyst Bilingual (Spanish) for a Full-time position with 100% Remote. United States and ideally looking for applicants with a solid Candidate in Spanish
Pay Range: $120k - $135/Annum. The rate may be negotiable based on experience, education, geographic location, and other factors.
SOP Development:Lead the creation and documentation of SOPs for various business processes.Work closely with the departments heads to understand current workflows and procedures.Document processes in a clear and concise manner, including instructions, flowcharts, and diagrams.Regularly review and update SOPs to ensure accuracy, relevance and compliance with standards and regulations.Analytic Approach:Identify key business objectives and formulate data-driven hypotheses to address them.Collect, organize, and analyze large datasets using statistical and data analysis techniques.Develop and implement analytical models and methodologies to extract business insights and drive strategic initiatives.Create visualizations, reports, and presentations to communicate findings and recommendations.KPI Establishment:Identify relevant data metrics to measure performance and uncover areas of optimization, improving operational excellence.Establish benchmarks and targets for KPIs based on company goals and productivity objectives.Decision making support:Work cross-functionally to determine the necessary information for informed decision-making, providing insights and recommendations based on data analysis.QualificationsBachelor’s degree in business administration, Economics, Finance or related field.Strong analytical skills with the ability to collect, organize, analyze and significant amounts of information with attention to detail and accuracy.Experience working in Microsoft tools.Excellent written and verbal communication skills, with the ability to present complex information in a clear manner.High accountability that delivers on commitments.

If you are interested in this role, then you can click APPLY NOW. For other opportunities available at Akkodis, or any questions, don't hesitate to get in touch with Sahil Mavi at 610-227-6981 or Sahil.mavi@akkodisgroup.com.Equal Opportunity Employer/Veterans/Disabled
Benefit offerings include medical, dental, vision, term life insurance, short-term disability insurance, additional voluntary benefits, commuter benefits, and a 401K plan. Our program provides employees the flexibility to choose the type of coverage that meets their individual needs. Available paid leave may include Paid Sick Leave, where required by law; any other paid leave required by Federal, State, or local law; and Holiday pay upon meeting eligibility criteria. Disclaimer: These benefit offerings do not apply to client-recruited jobs and jobs which are direct hire to a client.
To read our Candidate Privacy Information Statement, which explains how we will use your information, please visit https://www.akkodis.com/en/privacy-policy.The Company will consider qualified applicants with arrest and conviction records.",135000.0,YEARLY,United States,79383535.0,609.0,,120000.0,Full-time,220.0,1713279469000.0,1.0,https://www.linkedin.com/jobs/view/3899527989/?trk=jobs_biz_prem_srch,,ComplexOnsiteApply,1715871468000.0,,Associate,,1713279469000.0,,0,FULL_TIME,USD,BASE_SALARY,127500.0,,
3899535358,Emids,Business Analyst,"Role: Business Analyst(EzCAP) Location: Bakersfield, CA (Hybrid/Remote)Mode of Hire: Fulltime
Must have SkillsBusiness Analysts (BAs) that know EzCAPHave expertise to assist with configuration activities like contracts, benefits, fee schedules etcClaims adjudication and troubleshootingBonus skillsKnowledge of EzCAP backend data model, SQL writing abilityAny advanced Excel skills Here at Emids we're not scared of differences. It's how we break new ground. As we scale and elevate the experience of our clients in the Healthcare & LifeSciences Space and ultimately have an impact on every patient from every walk of life, the team we build must be reflective of the diversity that we serve. Together, we've built and will continue to grow, a diverse and inclusive culture where everyone has a seat at the table and the space to be their most authentic self. Emids believes in being an Equal Opportunity Employer and we support, celebrate, and cherish all the things that make our teammates who they are.",,,"California, United States",72060.0,247.0,,,Full-time,112.0,1713280070000.0,,https://www.linkedin.com/jobs/view/3899535358/?trk=jobs_biz_prem_srch,,ComplexOnsiteApply,1715872070000.0,,Associate,,1713280070000.0,,0,FULL_TIME,,,,,
3899935022,Brooksource,Data Analyst,"Data AnalystDuration: 3-4mo Contract Open to 100% Remote
We are seeking a skilled Data Analyst to join our team and play a pivotal role in our ongoing data optimization initiatives. The position arises from the need to bridge the gap between our business requirements and the technical implementation of our Pimcore migration project. The ideal candidate will have a solid background in data analysis, particularly with expertise in SQL and navigating various data systems. This role will involve working closely with our Pimcore implementor and business stakeholders to ensure a smooth transition and optimization of our data landscape.
Key Responsibilities:Conduct data mapping exercises from current systems to Pimcore, ensuring accurate and efficient migration.Utilize SQL to extract and manipulate data from our data warehouse and other relevant sources.Collaborate with business partners to understand data requirements and optimize data structures within the Pimcore system.Work closely with the Pimcore implementor to translate business needs into technical requirements and vice versa.Independently drive data analysis projects, from initial scoping to final implementation, while keeping stakeholders informed of progress and outcomes.
Qualifications and Skills:Bachelor's degree in a relevant field such as Computer Science, Data Analytics, or Information Systems.Minimum of 3+ years of experience in a data analysis role, with a proven track record of successfully delivering data-driven solutions.Proficiency in SQL is essential, including the ability to write complex queries, create ERD documents, and navigate data warehouses.Experience with Pimcore is preferred but not required; however, a strong aptitude for learning new systems and technologies is essential.Excellent communication skills with the ability to effectively interact with technical and non-technical stakeholders.Strong problem-solving skills and the ability to work independently to drive projects forward.
Brooksource provides equal employment opportunities (EEO) to all employees and applicants for employment without regard to race, color, religion, national origin, age, sex, citizenship, disability, genetic information, gender, sexual orientation, gender identity, marital status, amnesty or status as a covered veteran in accordance with applicable federal, state, and local laws",,,United States,18476.0,65.0,,,Contract,25.0,1713293214000.0,1.0,https://www.linkedin.com/jobs/view/3899935022/?trk=jobs_biz_prem_srch,,ComplexOnsiteApply,1715885214000.0,,Associate,,1713293214000.0,,0,CONTRACT,,,,,
3900069431,Mastech Digital,Technical Business Analyst,"IT - Business Systems Analyst Sropen to fully remote
Team Background and Preferred Candidate History:  Candidate preferred industry background: nice to have banking industry specifically in payment process or financial technology  Candidate Technical and skills profile:  Key responsibilities: working with other business analysts and product managers documenting functional requirements, building process flows on a weekly basis (may need to present in front of developers and subject matter experts) may be merchant/customer facing  Must have technical skills/experience (ask for alternative/tool/version): Atlassian JIRA, Atlassian Confluence, All Microsoft products and Outlook  Flex Skills: Fiserv experience or any experience with payment processing preferred, preferred experience as a BSA (requirement solicitation/ experience with architect/dev teams gathering requirements)  Soft skills that would make a candidate successful in this role: willingness to learn, effective communication, good at working in ambiguous environments, friendly/engaging and team player, situational awareness  Preferred bachelor's degree in a technical field or relevant work experience  Years of experience: Level 3 5-7 years   Role Differentiator: What is different about this specific role compared to other hiring with the same skill set? potential opportunity for growth, interested in diving deep into complex projects, challenging work, great opportunity to learn and be a part of a good diverse welcoming team  Logistics: 2 step interview -Panel ITVs with two business analysts, two architects, HM, director of product management",,,United States,3684.0,68.0,,,Contract,22.0,1713207324000.0,1.0,https://www.linkedin.com/jobs/view/3900069431/?trk=jobs_biz_prem_srch,,ComplexOnsiteApply,1715799324000.0,,Mid-Senior level,,1713207324000.0,,0,CONTRACT,,,,,
3900940774,Deloitte,Sr Federal Business Analyst and Strategy Specialist,"In this age of disruption, organizations need to navigate the future with confidence by tapping into the power of data analytics, robotics, and cognitive technologies such as Artificial Intelligence (AI). Our Strategy & Analytics portfolio helps clients leverage rigorous analytical capabilities and a pragmatic mindset to solve the most complex of problems. By joining our team, you will play a key role in helping to our clients uncover hidden relationships from vast troves of data and transforming the Government and Public Services marketplace.

Work you'll do 

Are you a big-picture thinker who connects the dots and thrives on anticipating the unexpected? Are you energized by helping organizations prepare for challenges to mitigate risks? If you are seeking a role that offers you the opportunity to advise our Government and Public Sector clients through critical and complex issues, while allowing you to develop personally and professionally, consider a career in Deloitte Consulting's Strategy team! Our GPS practice brings deep industry expertise, rigorous analytical capabilities and a pragmatic mindset to solve our client's most complex business problems. Join us and play a key role in helping to design our clients' roadmap to the future.

The team 

Deloitte's Government and Public Services (GPS) practice - our people, ideas, technology and outcomes-is designed for impact. Serving federal, state, & local government clients as well as public higher education institutions, our team of over 15,000+ professionals brings fresh perspective to help clients anticipate disruption, reimagine the possible, and fulfill their mission promise.

The GPS Strategy offering leads strategic planning & portfolio management and reporting & monitoring workstreams. This includes day-to-day client interaction and leads to the creation of relevant resources and materials (such as strategic plans, roadmaps, etc.) and work products (such as development of performance metrics, tracking dashboards, etc.) in order to successfully implement client vision.

Requirements:

Bachelor's degree in Business Management, Engineering, or other business-related fieldMust be able to obtain and maintain a Government Security Clearance 5+ years of relevant consulting or industry experience5+ years of experience with word processing, spreadsheet, and presentation creation tools, as well as Internet research tools5+ years of experience building project plans to execute transformation.5+ years of experience assessing, reporting strategy, and making recommendations to clients.Must be legally authorized to work in the United States without the need for employer sponsorship, now or at any time in the future

Preferred:

Strong technical comprehensionStrong problem solving and troubleshooting skills Experience exercising mature judgmentProven experience effectively prioritizing workload to meet deadlines and work objectivesDemonstrated ability to write clearly and in a manner that appeals to a wide audienceExperience working with Lean Six SigmaWell versed in Business Process Re-EngineeringPrevious hands on experience with value stream mapping and predictive modeling

Information for applicants with a need for accommodation: https://www2.deloitte.com/us/en/pages/careers/articles/join-deloitte-assistance-for-disabled-applicants.html",,,"Arlington, Virginia, United States",1038.0,49.0,,,Full-time,4.0,1713387597000.0,,https://www.linkedin.com/jobs/view/3900940774/?trk=jobs_biz_prem_srch,https://ars2.equest.com/?response_id=90712b032999f1a19c82b0e855758597,OffsiteApply,1715980565000.0,,,,1713388565000.0,ars2.equest.com,0,FULL_TIME,,,,,
3900940798,Experis,Business Analyst,"Business Analyst

Must be able to obtain a Public Trust

Fully Remote

Bachelor's Degree 

Qualifications

Analyze new features and enhancements, help think through its processes, implementation, and integration with external systems. Assess current state, identify customer requirements, and define the future state and/or business solution to translate to user stories and ensure thorough testing. Become a Subject Matter Expert on team products.Basic/Minimum Qualifications:

 1+ years of experience as a business, requirements, or system analyst 1+ years of experience on a software or technology implementation project 1+ years of experience with Functional Testing and Integration Testing 1+ years of experience with Agile software development principles Bachelor’s Degree in a complementary discipline Ability to obtain and maintain a security clearance Experience working in fast-paced collaborative environments Strong written and oral presentation skills


Preferred

 1+ year experience in research and analysis Experience using JIRA and Confluence Willingness to learn, and ability to look ahead/plan around future milestones


",,,United States,2203697.0,36.0,,,Contract,14.0,1713312000000.0,1.0,https://www.linkedin.com/jobs/view/3900940798/?trk=jobs_biz_prem_srch,https://click.appcast.io/track/j7jxomh?cs=jj7&sjg=6cfq,OffsiteApply,1715980492000.0,,Mid-Senior level,,1713388492000.0,click.appcast.io,0,CONTRACT,,,,,
3900946516,TEEMA,Business Analyst (Windchill PLM),"Position responsibilities:Closely work with Cross workstream, Individual Workstream lead, understand the business requirements/processes and develops strategic goals and objectives to achieving the deliverables.Captures all relationships and dependencies (functionally and technically) between various workstream and define set of strategy for solutioning.Applying a structured business architecture approach and methodology for capturing the key objectives of requirement and cascade to development team.Solution design with Business Administration focusHelp define the performance goals, metrics, and key milestones for the proposed solutions.Provide insights and expertise from past engagements, industry knowledge, and application knowledge.Leverage Supplier’s internal and alliance network to help develop innovative solutions or solve difficult solutioning problems.Provide a long-term guidance using internal research performed to allow for flexibility in the solution design.Provide guidance and training to the implementation teams.Personal should have automotive & Windchill experience.",120000.0,YEARLY,United States,521122.0,159.0,,100000.0,Full-time,80.0,1713388792000.0,1.0,https://www.linkedin.com/jobs/view/3900946516/?trk=jobs_biz_prem_srch,,ComplexOnsiteApply,1715980792000.0,,Mid-Senior level,,1713388792000.0,,0,FULL_TIME,USD,BASE_SALARY,110000.0,,
3900950714,Centene Corporation,Business Analyst IV,"You could be the one who changes everything for our 28 million members. Centene is transforming the health of our communities, one person at a time. As a diversified, national organization, you’ll have access to competitive benefits including a fresh perspective on workplace flexibility.

Position Purpose Perform and lead various analysis and interpretation to link business needs and objectives for assigned function and implement process improvements. This role will primarily support all New Jersey State reporting for DOBI, DMAHS and Marketplace.

Lead the support of business initiatives through data analysis, identification of implementation barriers and user acceptance testing of various systemsLead the identification and analysis of user requirements, procedures, and problems to improve existing processesResolve issues and identify opportunities for process redesign and improvementPerform detailed analysis on multiple projects, recommend potential business solutions and ensure successful implementations, including improvements and revisions to business processes and requirementsEvaluate risks and concerns and communicate to managementCoordinate with various business units and departments in the development and delivery of training programsDevelop, share, and incorporate organizational best practices into business applicationsOversee all changes to departmental policies and procedures, including communicating and implementing the changesServe as the subject matter expert on the assigned function product to ensure operational performanceAbility to travel

Benefits and Payment Configuration Bachelor’s degree in related field or equivalent experience. 6+ years of business process analysis, preferably in healthcare (i.e. documenting business process, gathering requirements) or claims payment/analysis experience. Advanced knowledge of Microsoft Applications, including Excel and Access preferred. Experience in benefits, pricing, contracting or claims and knowledge of provider reimbursement methodologies. Knowledge of managed care information or claims payment systems preferred. Previous structured testing experience preferred. Candidate is strongly preferred to have working experience in using Quest Desktop, Microsoft SQL Server Management Studio 18 software and Power BI.

Pay Range $84,300.00 - $151,700.00 per year

Centene offers a comprehensive benefits package including competitive pay, health insurance, 401K and stock purchase plans, tuition reimbursement, paid time off plus holidays, and a flexible approach to work with remote, hybrid, field or office work schedules. Actual pay will be adjusted based on an individual's skills, experience, education, and other job-related factors permitted by law. Total compensation may also include additional forms of incentives.

Centene is an equal opportunity employer that is committed to diversity, and values the ways in which we are different. All qualified applicants will receive consideration for employment without regard to race, color, religion, sex, sexual orientation, gender identity, national origin, disability, veteran status, or other characteristic protected by applicable law.",151700.0,YEARLY,"Connecticut, United States",9703.0,55.0,,84300.0,Full-time,10.0,1713389262000.0,1.0,https://www.linkedin.com/jobs/view/3900950714/?trk=jobs_biz_prem_srch,https://ad.doubleclick.net/ddm/clk/416849445;275979402;z?https://jobs.centene.com/us/en/jobs/1495432/business-analyst-iv/?ss=paid&utm_campaign=always_on-full_scrape_&utm_medium=social_media&utm_source=linkedin.com&utm_content=job_posting,OffsiteApply,1715981985000.0,,,,1713389985000.0,jobs.centene.com,0,FULL_TIME,USD,BASE_SALARY,118000.0,,
3900950716,Fidelis Care,Business Analyst IV,"You could be the one who changes everything for our 28 million members. Centene is transforming the health of our communities, one person at a time. As a diversified, national organization, you’ll have access to competitive benefits including a fresh perspective on workplace flexibility.

Position Purpose Perform and lead various analysis and interpretation to link business needs and objectives for assigned function and implement process improvements. This role will primarily support all New Jersey State reporting for DOBI, DMAHS and Marketplace.

Lead the support of business initiatives through data analysis, identification of implementation barriers and user acceptance testing of various systemsLead the identification and analysis of user requirements, procedures, and problems to improve existing processesResolve issues and identify opportunities for process redesign and improvementPerform detailed analysis on multiple projects, recommend potential business solutions and ensure successful implementations, including improvements and revisions to business processes and requirementsEvaluate risks and concerns and communicate to managementCoordinate with various business units and departments in the development and delivery of training programsDevelop, share, and incorporate organizational best practices into business applicationsOversee all changes to departmental policies and procedures, including communicating and implementing the changesServe as the subject matter expert on the assigned function product to ensure operational performanceAbility to travel

Benefits and Payment Configuration Bachelor’s degree in related field or equivalent experience. 6+ years of business process analysis, preferably in healthcare (i.e. documenting business process, gathering requirements) or claims payment/analysis experience. Advanced knowledge of Microsoft Applications, including Excel and Access preferred. Experience in benefits, pricing, contracting or claims and knowledge of provider reimbursement methodologies. Knowledge of managed care information or claims payment systems preferred. Previous structured testing experience preferred. Candidate is strongly preferred to have working experience in using Quest Desktop, Microsoft SQL Server Management Studio 18 software and Power BI.

Pay Range $84,300.00 - $151,700.00 per year

Centene offers a comprehensive benefits package including competitive pay, health insurance, 401K and stock purchase plans, tuition reimbursement, paid time off plus holidays, and a flexible approach to work with remote, hybrid, field or office work schedules. Actual pay will be adjusted based on an individual's skills, experience, education, and other job-related factors permitted by law. Total compensation may also include additional forms of incentives.

Centene is an equal opportunity employer that is committed to diversity, and values the ways in which we are different. All qualified applicants will receive consideration for employment without regard to race, color, religion, sex, sexual orientation, gender identity, national origin, disability, veteran status, or other characteristic protected by applicable law.",151700.0,YEARLY,"New York, United States",461365.0,128.0,,84300.0,Full-time,45.0,1713389262000.0,1.0,https://www.linkedin.com/jobs/view/3900950716/?trk=jobs_biz_prem_srch,https://ad.doubleclick.net/ddm/clk/416849445;275979402;z?https://jobs.centene.com/us/en/jobs/1495432/business-analyst-iv/?ss=paid&utm_campaign=always_on-full_scrape_&utm_medium=social_media&utm_source=linkedin.com&utm_content=job_posting,OffsiteApply,1715981985000.0,,,,1713389985000.0,jobs.centene.com,0,FULL_TIME,USD,BASE_SALARY,118000.0,,
3900951436,Insight Global,Cloud Data Analyst ,"We are seeking a dynamic and experienced Cloud Data Analyst (Genesys) to join our team. The successful candidate will demonstrate strong technical leadership skills and have a proven track record of delivering quality technical solutions. They will play a pivotal role in leading the analysis, planning, and implementation of innovative Contact Center solutions, with a focus on Genesys products such as PureConnect and Genesys Cloud. This role requires a deep understanding of Cloud Contact Center technologies and the ability to collaborate effectively with cross-functional teams. If you are passionate about driving technical innovation and delivering exceptional customer experiences, we encourage you to apply.
-Bachelor's degree in Computer Science or related discipline.-3 or more years of experience in systems analysis and application program development.-5 years of experience developing Cloud Contact Center solutions, including IVR, Queuing & Routing, and Digital Service Products.-Proficiency with Genesys products, particularly PureConnect and Genesys Cloud.-Experience administrating and supporting PureCloud (Genesys Cloud).-Knowledge of industry trends and evolving design patterns for Cloud solutions.-Experience with ETL/SSIS, EventBridge, AWS, Snowflake, PureConnect Data.",50.0,HOURLY,United States,11056.0,72.0,,45.0,Contract,25.0,1713389420000.0,1.0,https://www.linkedin.com/jobs/view/3900951436/?trk=jobs_biz_prem_srch,,ComplexOnsiteApply,1715981420000.0,,Mid-Senior level,,1713389420000.0,,0,CONTRACT,USD,BASE_SALARY,98800.0,,
3900958203,BlueSky Resource Solutions,Technical Business Analyst,"Seeking a Junior Technical Business Analyst for a leader in FinTech! Location: 100% Remote (EST or CST)Pay: 33.50/hr 
NOTES:New role! MUST HAVE: SQL [queries] and SOAP [requests]API’s experience [Restful APIs (+)]Support for Tech team with ticket requests [coming through Service Manager]Team Size: Technical Writer, 7 BAs, and this is a Jr. Analyst role to assist with overflow
Position Overview:The Junior Technical Analyst works as part of the Gateway Business Analysis team to provide support for Gateway products and services. The Junior Technical Analyst applies customer service skills to prioritize requests, respond to questions and tickets, conduct training, and create documentation that supports our products and internal processes. As part of the Business Analysis team, this position plays an important role in improving the internal and external customer experience by providing guidance to help users set up and use our products and services. Position Description: Deliver high quality customer service to various internal groups, including: Product, Operations, Support and CertificationResearch, analyze, organize, and respond to questions and ticket escalationsPrioritize support requestsConduct training for internal support teamsCreate internal training documentationAdapt to changing business needs and changing industry practicesStay up to date on new features and functionalityEffectively manage small to medium projects Pursue job/career-related learning outside of the scope of assigned tasks, for example, classes, reading All other duties as assigned Essential Criteria: Degree in related field, or equivalent industry experienceExperience in Quality Assurance Testing in SQL database queriesFluent in EnglishStrong communication skills, both written and oralStrong analytical skillsHigh level of writing proficiency Ability to analyze and organize complex material Adapt easily to new technologies, methodologies, and techniques; advocates for change when necessary Strong ability to successfully manage concurrent deliverables on time and with quality within fast-paced environment and under deadlines Experience reading and understanding detailed documentation for APIs Proficient with XML, SOAP, and/or REST API callsDesirable Criteria: Experience in a software development or payment industry environmentExperience with QA or CertificationEmployment type:W-2 BlueSky employee, eligible for our Benefits (Health, Dental, Vision, etc.)Long-term, open-ended Contract (~ 1+ yrs)",,,United States,5000254.0,38.0,,,Full-time,11.0,1713390173000.0,1.0,https://www.linkedin.com/jobs/view/3900958203/?trk=jobs_biz_prem_srch,,ComplexOnsiteApply,1715982172000.0,,Associate,,1713390173000.0,,0,FULL_TIME,,,,,
3900958503,Robert Half,Senior Business Analyst,"Robert Half is actively seeking a Senior Business Analyst with an accounting acumen and a passion for financial services to work in a dynamic, fully remote role. A core aspect of the Senior Business Analyst's responsibilities includes developing and managing intricate business and technical requirements pertaining to the implementation of a new auditing software. The role allows direct engagement with accounting teams and spearheads their journey through system implementation. Presented as a Contract to Hire opportunity (an initial 6-month phase followed by role conversion based on performance and fit), this job offers the flexible advantage of remote work.
Principal responsibilities:Apply an exceptional level of analytical thinking combined with comprehensive product management capabilities.Be adept at interpreting customer business requirements and transforming them into coherent business and technical requisites.Proficient at balancing different information sources, settling conflicts, uncovering granular details, and abstracting insights to gain a general understanding.Act as the decisive link between the customer community (internal and external customers), users, business units, and technical teams. Establish a shared business and technical vision.Participate actively in the User Acceptance Testing (UAT) process and lend support to the Quality Assurance (QA) team across various testing activities.Aid in training activities. Be responsible for developing user documentation and training materials and coordinating communication activities.
Requirements:Bachelor’s degree coupled with 3+ years of relevant IT experience; or an Associate's degree paired with 5+ years of relevant IT experience; or a High School Diploma/GED teamed with 7+ years of relevant IT experience.Profound experience in accounting - preferably in audit and/or tax.Skilled in gathering requirements from executive stakeholders.Expertise in managing meetings effectively, including taking notes and managing follow-ups.Strong understanding and appreciation for the complexities of audit projects.Excellent capability to engage with professionals across accounting, auditing, and assurance fields; and able to comprehend and convey their ideas.Superior written communication skills and the ability to work autonomously.Bonus Expertise: Familiarity with Inflo or similar platforms such as CaseWare or CCH ProSystem Fx would be advantageous.CH ProSystem Fx
The salary range for this position is $50/hour to $60/hour. Benefits available to contract/temporary professionals, include medical, vision, dental, and life and disability insurance. Hired contract/temporary professionals are also eligible to enroll in our company 401(k) plan. Visit roberthalf.gobenefits.net for more information.",60.0,HOURLY,"Washington, United States",1681.0,194.0,,50.0,Temporary,74.0,1713390170000.0,1.0,https://www.linkedin.com/jobs/view/3900958503/?trk=jobs_biz_prem_srch,,ComplexOnsiteApply,1715982170000.0,,Associate,,1713390170000.0,,0,TEMPORARY,USD,BASE_SALARY,114400.0,,
3900973074,UC San Diego,Sustainability Data Analyst,"New long-term temporary opportunity available through Temporary Employment Services. The Sustainability Data Analyst will provide essential project support in developing UC San Diego’s comprehensive sustainability report, the Sustainability Tracking, Assessment & Rating System (STARS), in adherence with the UC Sustainable Practices Policy. This role is critical to ensure the timely submission of the STARS report, required every three years, with a deadline set for this summer.
Key Responsibilities:
* Support the development and completion of the STARS report curriculum and research credits per the STARS 2.2 requirements.
* Conduct a thorough review and documentation of all sustainability-related courses and research areas at UC San Diego.
* Assist the Campus Sustainability Officer in developing additional credits as necessary, including those related to engagement, operations, and planning & administration.
* Act as an internal reviewer for the overall report submission, ensuring consistency with the Association for the Advancement of Sustainability in Higher Education (AASHE) STARS criteria.
* Collaborate with department units, subject matter experts, and communication professionals across the organization to leverage and integrate sustainability efforts effectively.
Anticipated duration: 6 monthsCompensation: $30 - $34 / hour, including paid holidays and vacation/sick leave. Full-medical insurance also available.Location: Open to fully remote work; also open to a hybrid/remote arrangement: 1 - 2 days per week on-site. On-site work will be at the main La Jolla campus.Work schedule: Mon - Fri, 8:00 AM - 4:30 PM.
QUALIFICATIONS
* Bachelor’s degree in Data Analysis or a related field.
* Demonstrated ability to analyze, research, and synthesize large amounts of data with strong attention to detail.
* Excellent communication and interpersonal skills to communicate effectively, both verbally and in writing.
* Proficient in data management tools and software.
* Working knowledge of sustainability is preferred, but not required.",,,United States,3382.0,141.0,,,Temporary,26.0,1713395099000.0,1.0,https://www.linkedin.com/jobs/view/3900973074/?trk=jobs_biz_prem_srch,https://employment.ucsd.edu/sustainability-data-analyst-tp129386/job/28027060,OffsiteApply,1715987098000.0,,Associate,,1713395099000.0,,0,TEMPORARY,,,,,
3901165719,Cyma Systems Inc,Senior Data Analyst,"Must have : Data Analyst: with Big Query, and SQL.Must Have Skills:2 intermediate analytics skills (BQ/SQL)",,,United States,1792232.0,133.0,,,Contract,41.0,1713277564000.0,1.0,https://www.linkedin.com/jobs/view/3901165719/?trk=jobs_biz_prem_srch,,SimpleOnsiteApply,1715869564000.0,,,,1713277564000.0,,0,CONTRACT,,,,,
3901170582,"Eos Energy Enterprises, Inc.",Projects & Services Business Data Analyst Intern - Summer,"At Eos, we believe in great chemistry. The combination of core elements into an amazing product and the mixture of skills into a unified team. We seek the best talent to just us in our mission to bring affordable, sustainable, clean energy to all. Come change the world with us.

Job Description

At Eos Energy Storage, Inc. we believe outstanding employees build the foundation necessary for excellence in our journey toward a carbon-neutral power grid. It is with this belief that we are always looking for the best qualified and most talented employees to become part of our team. Eos Energy Storage offers advancement opportunities.

Responsibilities

 Support analysis of project portfolio risks & opportunities Assist Project Director in day to day tasks Assist Projects group in developing & automating excel based tools to measure cost, revenue, other KPI’s Support Project Controls team creating tools to track project & services progress and plan Support Project Controls analytics needs


Knowledge, Skills, And Abilities

Data analytical skillsAdvanced excelProblem Solving capabilities


Education and Experience

High school diploma or equivalent Required

Second Year Bachelor's Student Majoring in Business Analytics

0 - 6 Months Experience Required

TRAVEL

Overnight/North America Travel Required

Less than 10% Percentage of time spent traveling

Work Hours & Benefits

We can work with you on your schedule understanding that you are a student first. You can plan on being a part of our 300+ person team working 3 to 5 days per week during normal business hours on your assigned days. A highlight that sets Eos apart is you will be gaining experience in the Renewable Energy Sector and have an opportunity to meet our Senior Leaders as part of your internship. This network building aspect can be vital for the coming days as you approach graduation.",,,"New Jersey, United States",2442165.0,104.0,,,Full-time,36.0,1713225600000.0,,https://www.linkedin.com/jobs/view/3901170582/?trk=jobs_biz_prem_srch,https://eosenergystorage.wd1.myworkdayjobs.com/EoS/job/NJ-Remote/Projects---Services-Business-Data-Analyst-Intern---Summer_R1962/apply?source=LinkedIn,OffsiteApply,1715871544000.0,,Internship,,1713279544000.0,eosenergystorage.wd1.myworkdayjobs.com,0,FULL_TIME,,,,,
3901284516,Net2Source Inc.,Business Analyst – Retirement Domain,"Net2Source is a Global Workforce Solutions Company headquartered at NJ, USA with its branch offices in Asia Pacific Region. We are one of the fastest growing IT Consulting companies across the USA and we are hiring ""Business Analyst – Retirement Domain. "" for our client. We offer a wide gamut of consulting solutions customized to our 450+ clients ranging from Fortune 500/1000 to Start-ups across various verticals like Technology, Financial Services, Healthcare, Life Sciences, Oil & Gas, Energy, Retail, Telecom, Utilities, Technology, Manufacturing, the Internet, and Engineering
About Net2Source, Inc.
Net2Source is an employer-of-choice for over 2200+ consultants across the globe. We recruit top-notch talent for over 40 Fortune and Government clients coast-to-coast across the U.S. We are one of the fastest-growing companies in the U.S. and this may be your opportunity to join us!
Want to read more about Net2Source?, Visit us at www.net2source.com
Equal Employment Opportunity CommissionThe United States Government does not discriminate in employment on the basis of race, color, religion, sex (including pregnancy and gender identity), national origin, political affiliation, sexual orientation, marital status, disability, genetic information, age, membership in an employee organization, retaliation, parental status, military service, or other non-merit factor.Job Description
Position: Business Analyst – Retirement Domain. Location: Irvine, CA ( look for locals or open to relocate to Irvine, CA ) 
TECHNICAL SKILLSRequired Skills:Senior Business Analyst Consultant with 10 years of experience in the area of US Retirement Plan Administration Defined Contribution and or Defined Benefit plans.Proficiency with plan designs fiduciary responsibilities record keeping services and operational compliances for various types of plans viz 401 k 403 b PSP MPP etc .Well versed with processes procedures related but not limited to contribution calculations distribution loan requests accounting valuation non-discrimination testing governmental reporting etc .Experience working in Fund Management area or Life Insurance as a plan asset can be considered.Partner with key client stakeholders analyze requirements and conduct due diligence to assess enhance and improve their business processes IT systems and applicationsCollaborate with multidisciplinary technical teams like Architecture Data Quality assurance to help shape ideas design solutions and deliver measurable sustainable improvements in business performance.Develop business requirements documents use cases process flows and other deliverables as neededHelp Product Owners in researching and examining epic features needs aid framing slicing of requirements establish user stories prioritize backlog and support testing of solutions.Provide subject matter proficiency in specific functional area s to the assigned Scrum team.Supports Agile practices and Scrum Master in facilitating various Agile processes such as Iteration Release Planning Backlog Refinement Retrospective Sprint Review Daily Stand upActively own and participate data profiling exercise along with technical SME's and represent details in a visual manner for proper reporting and decision making.",,,"California, United States",226965.0,55.0,,,Full-time,13.0,1713208111000.0,1.0,https://www.linkedin.com/jobs/view/3901284516/?trk=jobs_biz_prem_srch,,ComplexOnsiteApply,1715800111000.0,,Mid-Senior level,,1713208111000.0,,0,FULL_TIME,,,,,
3901341727,ApTask,Business Analyst with DTCC Experience,"job description:  A Business Analyst is often central to the design and alignment of DTCCwithin policy administration commission systems. This role entails acomprehensive understanding of functions such as Agent setup and configuration,Agent onboarding, and configuration and management of Commission rulesaccording to carrier specifications. Additionally, a crucial aspect of thisrole involves the design and alignment of DTCC file requirements, including FARand Com files, along with understanding the underlying business logic. Whilespecific duties may differ depending on the job description, here's an overviewof what to anticipate. Job Overview: The Business Analyst is responsible for designing, implementing, andmaintaining robust solutions that support the organization's businessobjectives. his involves close collaboration with a range of stakeholders,encompassing clients and technical teams, to comprehend requirements andconvert them into scalable, efficient design. Key Responsibilities: 1. SolutionDesign:Develop functional blueprints and functional design documents for new systemsor enhancements to existing systems. Ensure that the designs align withtechnology standards, industry best practices, and regulatory requirements. 2. Collaboration:Work closely withcross-functional teams to gather requirements, clarify technical concepts, andresolve design issues. Collaborate with developers, quality assuranceengineers, and project managers throughout the software development lifecycle. 3. AgentSetup:Translate insurance product features, benefits, and pricing structures intosystem parameters within LifePRO, including policy forms, riders, premiums, andcommissions. 4. IntegrationManagement:Coordinate integration efforts between LifePRO and external systems (e.g., CRM,document management) to enable seamless data exchange and process automation 5. RiskManagement:Identify potential risks and vulnerabilities in proposed architectural designs.Collaborating with Technical team to implement security controls and designpatterns to mitigate security threats and ensure compliance with regulatorystandards (e.g., GDPR, CCPA, etc.). 6. Documentation: Maintain comprehensive documentation of business andtechnical mappings that map to Legacy Policy Admin system commissionsystems. Ensure that documentation is up-to-date and accessible torelevant stakeholders. 7. IssueResolution:Investigate and resolve system-related issues or discrepancies reported byusers, working closely with IT support teams and LifePRO vendors as necessary. 8. Leadership: Provide functional leadership and mentorship tojunior Business Analysts and development teams on business requirements. Fostera culture of collaboration, innovation, and continuous improvement within thetechnology organization.   Qualifications: · Bachelor’sor master’s degree in computer science, InformationTechnology, or a related field. · Provenexperience in designing and mapping requirements for DTCC file andcollaborating with technical teams in implementing for multiple carriers is amust-have skill. · Provenexperience (typically 7+ years) in software development and architecture,preferably in the financial services industry. · Strongunderstanding of enterprise architecture principles, including SOA,microservices, and cloud computing. · Excellentcommunication and interpersonal skills, with the ability to effectivelyarticulate technical concepts to both technical and non-technical audiences. · PolicyAdministration Expertise: Proven experience with policy administration system,including system configuration, product setup, and maintenance activities. · InsuranceKnowledge: Understanding of life insurance and annuity products, includingpolicy features, underwriting requirements, and regulatory complianceconsiderations. · AnalyticalSkills: Strong analytical and problem-solving abilities, with the capacity toanalyze complex business requirements and translate them into LifePROconfigurations. · TeamCollaboration: Proven ability to work collaboratively with cross-functionalteams, including IT professionals, business analysts, and subject matterexperts. · Problem-SolvingOrientation: Resourceful and proactive approach to problem-solving, with afocus on identifying root causes and implementing sustainable solutions. ",,,United States,2934678.0,6.0,,,Contract,,1713448946000.0,1.0,https://www.linkedin.com/jobs/view/3901341727/?trk=jobs_biz_prem_srch,,ComplexOnsiteApply,1716040946000.0,,,,1713448946000.0,,0,CONTRACT,,,,,
3901356982,Centene Corporation,Business Analyst I,"You could be the one who changes everything for our 28 million members. Centene is transforming the health of our communities, one person at a time. As a diversified, national organization, you’ll have access to competitive benefits including a fresh perspective on workplace flexibility.

Position Purpose Perform various analysis and interpretation to link business needs and objectives for assigned function

Support business initiatives through data analysis, identification of implementation barriers and user acceptance testing of new systemsIdentify and analyze user requirements, procedures, and problems to improve existing processesPerform detailed analysis on assigned projects, recommend potential business solutions and assist with implementation

Education/Experience Bachelor’s degree in related field or equivalent experience. 0-2 years of business process analysis or data analysis experience. Advanced knowledge of Microsoft Applications, including Excel and Access preferred. Project management experience preferred.

Benefits And Payment Configuration

Compliance Coding/Prepay Compliance (Payment Integrity) Bachelor’s degree in related field or equivalent experience. 0-2 years of business process analysis (i.e. documenting business process, gathering requirements) or claims payment/analysis experience. Advanced knowledge of Microsoft Applications, including Excel and Access preferred.

Provider Data Bachelor’s degree in related field or equivalent experience. 0-2 years of business process analysis (documenting business process, gathering requirements) experience in healthcare industry and/or working in a data driven environment. Advanced knowledge of Microsoft Applications, including Excel, Project, and Visio preferred. Knowledge of data migration, software enhancement/planning, and Agile preferred.

Member & Provider Solutions Bachelor’s degree in related field or equivalent experience. 0-2 years of business process analysis (i.e. documenting business process, gathering requirements) experience in healthcare industry and/or customer service or enrollment functions. Advanced knowledge of Microsoft Applications, including Excel and Visio preferred. Knowledge of data integration, software enhancements/planning and Agile preferred. Experience managing projects with a high reliance on technology preferred.Pay Range $25.97 - $46.68 per hour

Centene offers a comprehensive benefits package including competitive pay, health insurance, 401K and stock purchase plans, tuition reimbursement, paid time off plus holidays, and a flexible approach to work with remote, hybrid, field or office work schedules. Actual pay will be adjusted based on an individual's skills, experience, education, and other job-related factors permitted by law. Total compensation may also include additional forms of incentives.

Centene is an equal opportunity employer that is committed to diversity, and values the ways in which we are different. All qualified applicants will receive consideration for employment without regard to race, color, religion, sex, sexual orientation, gender identity, national origin, disability, veteran status, or other characteristic protected by applicable law.",46.68,HOURLY,"Arizona, United States",9703.0,68.0,,25.97,Full-time,20.0,1713454126000.0,1.0,https://www.linkedin.com/jobs/view/3901356982/?trk=jobs_biz_prem_srch,https://ad.doubleclick.net/ddm/clk/416849445;275979402;z?https://jobs.centene.com/us/en/jobs/1495642/business-analyst-i/?ss=paid&utm_campaign=always_on-full_scrape_&utm_medium=social_media&utm_source=linkedin.com&utm_content=job_posting,OffsiteApply,1716046826000.0,,,,1713454826000.0,jobs.centene.com,0,FULL_TIME,USD,BASE_SALARY,75556.0,,
3901379525,HTC Global Services,Business Analyst Sr. - PeopleSoft ,"About HTC Global Services:Shaping careers since 1990 - our long tenured employees are a testimony of the work culture. Join our global employee base of 12,000 and help us bring human expertise to tech in order to deliver purposeful solutions that amplify value.
Job Description:
8 or more years of experience, relies on experience and judgment to plan and accomplish goals, independently performs a variety of complicated tasks, a wide degree of creativity and latitude is expected.
Understands business objectives and problems, identifies alternative solutions, performs studies and cost/benefit analysis of alternatives. Analyses user requirements, procedures, and problems to automate processing or to improve existing computer system: Confers with personnel of organizational units involved to analyze current operational procedures, identify problems, and learn specific input and output requirements, such as forms of data input, how data is to be; summarized, and formats for reports. Writes detailed description of user needs, program functions, and steps required to develop or modify computer program. Reviews computer system capabilities, specifications, and scheduling limitations to determine if requested program or program change is possible within existing system.
Additional job details and special considerationsClient requires the services of a PeopleSoft Financials Business Analyst. This PeopleSoft FSCM 9.2 business analyst role is ideal for a candidate with a strong business analyst background and deep understanding of business processes. Prior experience in a techno-functional role is not required, and a focus on business acumen is preferred. The Business Analyst will be part of a dedicated Financials upgrade project team.The Business Analyst must have a solid understanding of both the PeopleSoft General Ledger and Commitment Accounting modules and fund accounting in government.In addition, they must be able to serve as a backup on one or more of the Accounts Payable, Purchasing, or Asset Management modules. The core duties include requirement analysis, conducting review meetings with subject matter experts (SMEs), documenting complex system requirements, processes, test scenarios, test scripts, and training, performing hands-on testing, and supporting multiple test cycles.Must demonstrate and excel in communicating and working with a diverse team with collaboration tools competently in a remote work environment. Also, must be able to estimate work, set deadlines, and communicate effectively.
Minimum Requirements:
8 Required Experience as a Business Analyst on PeopleSoft Financials and Supply Chain Management (FSCM) on implementation or upgrade projects.
8 Required Experience as a Business Analyst with PeopleSoft FSCM 9.2 General Ledger and Commitment Accounting.
8 Required Experience as a Business Analyst in identifying requirements and creating formal functional documents for key business stakeholders and SMEs 8 Required Experience as a Business Analyst in conducting formal work sessions and functional analysis presentations.
8 Required Experience in performing hands-on end-to-end system integration and external interface testing. 8 Required (at least 4) Experience with Microsoft O365 applications (Word, Excel, PowerPoint, Visio)8 Required (at least 2) Experience with MS Team and Channel communication with a large team
4 Preferred (at least 2) Experience with MS Team and Channel communication with a large team2 Preferred Experience working with the Comptroller of Public Accounts (CPA) CAPPS Financials2 Preferred Experience with PeopleSoft FSCM 9.2 eProcurement, Strategic Sourcing, Supplier Contracts
2 Preferred Experience with PeopleSoft Approval Workflow Engine (AWE)2 Preferred Experience with SharePoint1 Preferred Experience with Jira1 Preferred Experience working with the Scrum framework.1 Preferred Experience with STAT
Benefits:HTC’s competitive package includes besides compensation Health, Dental, Vision, Disability Cover, both short and long term, Life Insurance, Flexible Spending, 401k, and Paid Vacation.
Move ahead:Our success as a company is built on practicing inclusion and embracing diversity. HTC Global Services is committed to providing a work environment free from discrimination and harassment, where all employees are treated with respect and dignity. Together we work to create and maintain an environment where everyone feels valued, included, and respected. At HTC Global Services, our differences are embraced and celebrated. HTC is an Equal Opportunity Employer. We respect and seek to empower each individual and support the diverse cultures, perspectives, skills, and experiences within our workforce. HTC is proud to be recognized as a National Minority Supplier and an equal opportunity employer of protected veterans.",,,"Texas, United States",201351.0,53.0,,,Full-time,7.0,1713459393000.0,1.0,https://www.linkedin.com/jobs/view/3901379525/?trk=jobs_biz_prem_srch,https://www.htcinc.com/jobs/detail/?jobcode=230168,OffsiteApply,1716051393000.0,,Mid-Senior level,,1713459393000.0,,0,FULL_TIME,,,,,
3901387898,Datasys Consulting and Software Inc.,Financial Business Analyst With Regulatory Reporting,"JOB DESCRIPTION: Role: Financial Business Analyst With Regulatory ReportingLocation: New JerseyWork Mode: Hybrid/Remote We are seeking a highly skilled and motivated Financial Analyst specializing in regulatory reporting to join our team. The ideal candidate will have a strong understanding of financial principles, regulatory requirements, and reporting standards. The role involves analyzing financial data, ensuring compliance with regulatory guidelines, and providing insights to support strategic decision-making.Experience preparing and delivering financial statements and regulatory reports in the financial services industry, a Bank Holding Company or similar.Experience conducting research and preparing business and operational financial analysisStrong knowledge of Generally Accepted Accounting Principles (GAAP).Experience preparing and delivering holding company regulatory reports.Experience in the use of Axiom.In-depth familiarity with regulatory frameworks such as Dodd-Frank, Basel III, and SEC reporting regulations.Master’s degree in Finance, accounting, or Business Administration (MBA)8+ years of exp is required.. Benefits- 401K contribution- Health Insurance- Dental- Vision- Paid Time-off",,,"New Jersey, United States",5156208.0,26.0,,,Full-time,4.0,1713460986000.0,1.0,https://www.linkedin.com/jobs/view/3901387898/?trk=jobs_biz_prem_srch,,ComplexOnsiteApply,1716052986000.0,,,,1713460986000.0,,0,FULL_TIME,,,,,
3901632468,i2i Population Health,Data Analyst,"Are you mission-driven? Do you want to play a part in changing healthcare? 
i2i Population Health is a technology company inspired to create innovative population health solutions that improve Quality Outcomes, Care Coordination, and Access to Care.
While our Population Health Management and Analytics solution suite is well-regarded in the industry, we genuinely believe that our employees are i2i’s greatest asset! We’re constantly on the lookout for top talent with expertise in a variety of areas. We invest heavily in our patients, our clients, and our people in order to ensure that we make a difference in quality healthcare. We are a culture of passionate people who are excited to be taking on some of the most challenging problems in healthcare!
We are looking for a Data Analyst to work with internal and external stakeholders to ensure requested data is delivered in an accurate and timely manner. The Data Analyst will compare various data sets to the “source of truth” and provide feedback to other team members, management, external customers around data quality, data gaps, and general analysis. This position can be a hybrid or remote role. ESSENTIAL JOB DUTIES AND RESPONSIBILITIESProvide analytical support for business operations in the following areas: provider data, lab data, CPT/HCPCS, Diagnosis Codes, medications, etc.Ensure data quality meets internal and external customer needs prior to data transmission. Develop reports on deliverables to management. Assist technical and operation teams in requirement gathering for new projects. Act as a liaison between internal technical teams and external business partners. Work with source system and business SMEs to develop an understanding of the data requirements and options available within customer source systems to meet the data and business requirements. Become a Subject Matter Expert in existing solutions.Analyze business needs and align data integration solutions to support i2i Population Health data architecture and strategy. Knowledge and Skills Proficiency with SSMSKnowledge of healthcare data terminology (LOINC, CPT, ICD-10, etc.) preferred.A working knowledge of Electronic Health Record software solutions, e.g., NextGen, Allscripts, Epic, Cerner, etc., is preferred.Strong Internet and computer literacy skills in Microsoft Office (Word, PowerPoint, and Excel)Proficiency in communicating with a variety of stakeholders and customers. Experience:2 -4 years’ experience with relational databases (MS SQL, Oracle, Postgres, MySQL).Experience with Git and Salesforce preferred.Healthcare and/or software product company software experience is preferred. Education:Bachelor’s Degree preferred, or deep and wide industry experience in lieu of a degree. i2i Population Health Offers:Great coworkers who describe our award-winning culture as collaborative, friendly, fun, and supportive! Remote/Hybrid work environmentA relaxed work environment, with flexibility and a work-life balance focus.Competitive Compensation and Benefits PackageUnlimited PTO
",,,"Tennessee, United States",855005.0,166.0,,,Full-time,69.0,1713209617000.0,1.0,https://www.linkedin.com/jobs/view/3901632468/?trk=jobs_biz_prem_srch,,ComplexOnsiteApply,1728761641000.0,,,,1713209641000.0,,0,FULL_TIME,,,,,
3901634997,Chenega Professional Services Strategic  Business Unit,IT Financial Management System and Data Analyst,"Come join a company that strives for Extraordinary People and Exceptional Performance! Eagle One Solutions, Inc., a Chenega Professional Services’ company, is looking for an IT Financial Management System and Data Analyst to support the implementation of a sophisticated IT Financial Management solution into a complex government agency environment. The Financial Management System and Data Analyst will be broadly skilled in federal financial management and budget processes, project management, data analysis, business analysis and reporting tools, and be well-versed technically in SQL, data structures and design, ETL, pivot tables and data validation.
Our company offers employees the opportunity to join a team where there is a robust employee benefits program, management engagement, quality leadership, an atmosphere of teamwork, recognition for performance, and promotion opportunities. We actively strive to channel our highly engaged employee’s knowledge, critical thinking, innovative solutions for our clients.
ResponsibilitiesDevelop an implementation plan for the IT Financial Management (ITFM) solution that is product agnostic (aligns to any number of ITFM solutions available on the market).Document and determine all data elements required to implement a “front end” ITFM User Interface that is consistent with the current budget execution and formulation policy, process, and procedure.Apply statistical methods to analyze data and generate useful business and analytical reports.Identify efficient methods and frameworks to streamline data management, aggregation, and reporting.Use data to create models that depict trends in ITFM performance.Conduct data modeling, data querying, dashboard building using tools such as Tableau.Become a SME on the client's data sources, dashboards and federal reporting requirements.Identify and document inconsistencies or errors in authoritative data sources information.Provide database design, database dictionary, and other documentation to assist in an ITFM platform configuration.Help initialize and participate in an ITFM committee that will make recommendations for and maintain/update processes and procedures, make recommendations for strategic goals and tactical objectives to achieve those goals, metrics to measure those objectives, and new/other IT financial governance issues.Design, develop, and deliver communications and communications documentation designed to provide an efficient and effective implementation of an ITFM solution.
QualificationsBachelor's Degree in a business management or related technical discipline, or the equivalent combination of education, technical certifications or training, or work experience.4 years or more of experience in Federal IT Financial Management, database development, data analysis, design, reporting, and documentation.Active or ability to obtain a Public Trust clearance.Knowledge, Skills and Abilities:Federal IT Financial Management systems experienceDashboard development and maintenanceData structure design, development and managementPivot table design and developmentSQL command structureData ETL design and developmentGoogle Suite experience
Final salary determination based on skill-set, qualifications, and approved funding.
Many of our jobs come with great benefits – Some offerings are dependent upon the role, work schedule, or location, and may include the following:Paid Time OffPTO / Vacation – 5.67 hours accrued per pay period / 136 hours accrued annuallyPaid Holidays - 11California residents receive an additional 24 hours of sick leave a yearHealth & WellnessMedicalDentalVisionPrescriptionEmployee Assistance ProgramShort- & Long-Term DisabilityLife and AD&D InsuranceSpending AccountFlexible Spending AccountHealth Savings AccountHealth Reimbursement AccountDependent Care Spending AccountCommuter BenefitsRetirement401k / 401aVoluntary BenefitsHospital IndemnityCritical IllnessAccident InsurancePet InsuranceLegal InsuranceID Theft Protection
Teleworking Permitted?
YesTeleworking Details
Remote - Quarterly Onsite MeetingsEstimated Salary/Wage
USD $145,000.00/Yr. Up to USD $165,000.00/Yr.",165000.0,YEARLY,United States,10958324.0,204.0,,145000.0,Full-time,53.0,1713210140000.0,1.0,https://www.linkedin.com/jobs/view/3901634997/?trk=jobs_biz_prem_srch,,ComplexOnsiteApply,1715802140000.0,,Mid-Senior level,,1713210140000.0,,0,FULL_TIME,USD,BASE_SALARY,155000.0,,
3901635219,InfoStride ,Human Resources Business Analyst,"Hi This is Ramya from Infostride Technologies. We do have a role of HR BSA which is Remote role . If interested, then do attach your resume and I will get back to you.
Title: HR BSALocation: RemoteShort contract – likely 2-3 months
Need someone that’s been an HR BSA, that can help set up BambooHR, has to be able to help with things like knowing how the hierarchies should be created (locations, departments, etc.)I really have to be able to trust this person – it has exposure to HR data",,,United States,19101288.0,158.0,,,Contract,39.0,1713209721000.0,1.0,https://www.linkedin.com/jobs/view/3901635219/?trk=jobs_biz_prem_srch,,ComplexOnsiteApply,1715801721000.0,,Mid-Senior level,,1713209721000.0,,0,CONTRACT,,,,,
3901647821,Flexton Inc.,Sr. Data Analyst II (BI Associate),"Sr. Data Analyst II (BI Associate)Duration: 12 monthsPay Range: $57.50 - $69.67 Hourly (Please note that the pay rate will range from 82% - 100% based on your location.)Location: Remote – prefer someone from Bay Area
Keywords:SQL+ Tableau+ Airflow/Azkaban + (Python) + (statistical analysis) + stakeholder management + (ETL experience)
Supplier Call Notes:SQL – 4 or more years, program management skills, ability to work with non-technical stakeholdersVisualization experience – TableauOrchestration platform – Azkaban/Airflow – 2yrsApplied Data Science background – nice to havePython based tools – linear models, tree models, clustering, pandasGroup supports CS teamsExperience with Sales or Customer Success analytics in the pastAlternate Job Titles: BI Analyst/BI Developer/Data Analyst",69.67,HOURLY,United States,2012779.0,627.0,,57.5,Contract,268.0,1713211066000.0,1.0,https://www.linkedin.com/jobs/view/3901647821/?trk=jobs_biz_prem_srch,,ComplexOnsiteApply,1718395065000.0,,Mid-Senior level,,1713211094000.0,,0,CONTRACT,USD,BASE_SALARY,132256.8,,
3901667913,Raas Infotek,Business Analyst,"HiHope you are doing well |We have an urgent below position .If you are interested please share your updated resume with the rate expectation.
Role- Business Analyst with Oracle Fusion Cloud experienceLocation- Remote
Government considers the following experience as an asset:- Experience working with government organizations;- Oracle Fusion Cloud CRM;- Agile-Iterative Methodology; and- Experience with Microsoft Azure DevOps.
JD-
- A minimum of five (5) years of demonstrated experience as a Business Analyst working within a complex environment;- A minimum of two (2) years working with Customer Relationship Management (CRM) Commercial of the shelf (CoTs) products as a Business Analyst or equivalent:- Experience with Oracle Fusion Cloud is an asset;- Experience with business and technical requirements analysis, elicitation, modeling through a CRM lens verification and methodology development; overseeing design and development; and- Experience with prioritizing and managing multiple tasks simultaneously, working in a team environment, and managing projects.- Resources must have a strong customer service orientation;- Demonstrated ability to work in a dynamic environment, establish priorities, and meet tight deadlines;- Excellent verbal and written communication and presentation skills and the ability to interact professionally with a diverse group, executives, managers, and subject matter experts;- Experience working in a team environment; and-Excellent interpersonal, analytical, and creative problem-solving skills.
Thanks & RegardsPuja TiwariRaas Infotek Corporation.262 Chapman Road, Suite 105A,Newark, DE-19702Direct No: 302 286 9994 Ext: 104puja.tiwari@raasinfotek.com",,,Canada,5352294.0,430.0,,,Contract,137.0,1713212182000.0,1.0,https://www.linkedin.com/jobs/view/3901667913/?trk=jobs_biz_prem_srch,,ComplexOnsiteApply,1715804181000.0,,Associate,,1713212182000.0,,0,CONTRACT,,,,,
3901677045,,Business Analyst,"Please dont submit resumes without extensive ACBS exp.
Experience• Knowledge of ACBS v8.0 Servicing application is a MUST• 5 years+ as a Business Analyst in Financial Industry• Technical experience to be comfortable with data models, hands-on with SQL• Hands-on experience as liaison function with end-users• Thorough experience in functional testing and validation of development
Required skills• Strong technical skills in tests methodology• Strong organizational and communication skills• Strong ability to analyze and summarize• Self-sufficient and pro-active in sourcing information• Strong sense of confidentiality• Credit Risk, Counterparty Risk, Financial product, Regulatory reporting, Accounting, Back-office processes• Project cycle methodology• SQL, XML, data warehouse• Experience with Business Object would be appreciated• Experience on additional ACBS components such as Datamart, Notifications, APIs, ATS is appreciated• Highly motivated, creative problem solver and team player",,,"New York, United States",,337.0,,,Contract,112.0,1713212662000.0,,https://www.linkedin.com/jobs/view/3901677045/?trk=jobs_biz_prem_srch,,ComplexOnsiteApply,1715804662000.0,,Mid-Senior level,,1713212662000.0,,0,CONTRACT,,,,,
3901678622,Integration International Inc.,Product / business Analyst,"Required SkillsBachelor's degree in a relevant field (e.g., Business, Computer Science, Engineering) or equivalent2 to 4 years’ hands on work experience as a Product Analyst role in a tech startup or a digital transformation and innovation organization.Proficiency in writing database SQL queriesProficiency coding in PythonStrong analytical skills with proficiency in data analysis tools and techniques.Excellent communication and interpersonal skills. Able to present product data analysis / narrative to various groups.
Nice to haveExperience in AI-Powered and Generative AI (LLM) products.Experience with user analysis tools like Google Analytics or Adobe Analytics or similar.Experience in building dashboards in AWS QuickSight and QuickSight Q.Familiarity with Agile/Scrum methodologies.Ability to adapt to a fast-paced, evolving startup environment.",,,United States,92309.0,810.0,,,Full-time,311.0,1713213359000.0,1.0,https://www.linkedin.com/jobs/view/3901678622/?trk=jobs_biz_prem_srch,,ComplexOnsiteApply,1715805359000.0,,Mid-Senior level,,1713213359000.0,,0,FULL_TIME,,,,,
3901694933,Selby Jennings,Senior Data Analyst,"Leading diversified trading firm seeking strong Senior Data Analysts to perform critical work in terms of managing and enhancing the firms data capabilities.
Responsibilities: Provide product support baths for the firm's reference and valuation data.Offer up new data sources that reduce operational risk and facilitate data product development.Improve all data management controls.Investigate new data infrastructure as a super user.
Qualifications: At least 3 years of experience within financial markets. 1+ years of experience using SQL.Professional data experience with futures, foreign exchange, crypto assets, OTC derivatives, and bonds. Bloomberg terminal background.
They are looking to make this immediate hire as soon as possible!",,,United States,106584.0,929.0,,,Full-time,378.0,1713215011000.0,1.0,https://www.linkedin.com/jobs/view/3901694933/?trk=jobs_biz_prem_srch,,ComplexOnsiteApply,1715807011000.0,,Mid-Senior level,,1713215011000.0,,0,FULL_TIME,,,,,
3901938817,Gainwell Technologies,Senior Business Analyst,"Be part of a team that unleashes the power of leading-edge technologies to help improve the health and well-being of those most vulnerable in our country and communities. Working at Gainwell carries its rewards. You’ll have an incredible opportunity to grow your career in a company that values work flexibility, learning, and career development. You’ll add to your technical credentials and certifications while enjoying a generous, flexible vacation policy and educational assistance. We also have comprehensive leadership and technical development academies to help build your skills and capabilities.

Summary

As a Senior Professional Business Process Reengineering - Automation Specialist at Gainwell, you can contribute your skills as we harness the power of technology to help our clients improve the health and well-being of the members they serve — a community’s most vulnerable. Connect your passion with purpose, teaming with people who thrive on finding innovative solutions to some of healthcare’s biggest challenges. Here are the details on this position.

Your role in our mission

 Coordinate with business users to translate business requirements into technical requirements for reporting purposes. Analyzes, plans, and implements moderately complex operational process improvement needs. Supports long-term planning sessions with a single client to improve business processes, generally involving use and improvement of information systems and goals.  Identifies process improvement needs and communicates issues to authorized personnel to ensure that client and company needs are met in a timely manner.  Provides consultation on the use of moderately complex re-engineering techniques to improve process performance and product quality. Deploys plans from conception through closing on moderately complex aspects of re-engineering projects. Develops moderately complex metrics that provide data for process management and indicators for future improvement opportunities. Collects data to identify root cause problems. Researches, recommends, and approves processes to aid in the translation of business objectives into functional requirements and solution design. Measures performance against process requirements, aligning improvement projects to close performance shortfalls.  Serves as an information solution liaison in a specific business unit or organization for process improvement, business processes and systems integration. Works in conjunction with business strategies program leaders to provide desired re-engineering practices and to ensure alignment of re-engineering initiatives to business objectives. Surveys and analyzes best practices for techniques and processes. Supports pilot projects and internal case studies for trial usage improvement methods or approaches.  Works with management to align projects to strategy. Assesses the degree of risk impact, timeframe, and cost of re-engineering required to achieve the desired future state. Acts as re-engineering consultant to other transformation teams in methods, techniques, and tools to ensure adherence to company guidelines. 

What we're looking for

6 years’ experience in Business Process Reengineering experience5 years' experience in SQL / NoSQLExperience working with business processing models, Process Design, Requirements Management, and Project ManagementExperience working with Health Care related data preferred

What you should expect in this role

Fully remote opportunity with the option to work anywhere within the United StateThe team is looking for a Process Engineer with the technical background to implement automation-based process improvements. The deadline to submit applications for this posting is 4/25/2024. 

Video cameras must be used during all interviews, as well as during the initial week of orientation.

The pay range for this position is $69,400.00 - $99,200.00 per year, however, the base pay offered may vary depending on geographic region, internal equity, job-related knowledge, skills, and experience among other factors. Put your passion to work at Gainwell. You’ll have the opportunity to grow your career in a company that values work flexibility, learning, and career development. All salaried, full-time candidates are eligible for our generous, flexible vacation policy, a 401(k) employer match, comprehensive health benefits , and educational assistance. We also have a variety of leadership and technical development academies to help build your skills and capabilities.

We believe nothing is impossible when you bring together people who care deeply about making healthcare work better for everyone. Build your career with Gainwell, an industry leader. You’ll be joining a company where collaboration, innovation, and inclusion fuel our growth. Learn more about Gainwell at our company website and visit our Careers site for all available job role openings.

Gainwell Technologies is committed to a diverse, equitable, and inclusive workplace. We are proud to be an Equal Opportunity Employer, where all qualified applicants will receive consideration for employment without regard to race, religion, color, national origin, gender (including pregnancy, childbirth, or related medical condition), sexual orientation, gender identity, gender expression, age, status as a protected veteran, status as an individual with a disability, or other applicable legally protected characteristics. We celebrate diversity and are dedicated to creating an inclusive environment for all employees.",99200.0,YEARLY,"Texas, United States",67155308.0,5.0,,69400.0,Full-time,1.0,1713471113000.0,1.0,https://www.linkedin.com/jobs/view/3901938817/?trk=jobs_biz_prem_srch,https://jobs.gainwelltechnologies.com/job/Any-city-Senior-Business-Analyst-TX-99999/1157198100/?utm_source=LINKEDIN&utm_medium=referrer,OffsiteApply,1716063832000.0,,Mid-Senior level,,1713471832000.0,jobs.gainwelltechnologies.com,0,FULL_TIME,USD,BASE_SALARY,84300.0,,
3901950460,Emeritus,Data Analyst,"Emeritus is committed to teaching the skills of the future by making high-quality education accessible and affordable to individuals, companies, and governments around the world. It does this by collaborating with more than 50 top-tier universities across the United States, Europe, Latin America, Southeast Asia, India and China. Emeritus’ short courses, degree programs, professional certificates, and senior executive programs help individuals learn new skills and transform their lives, companies and organizations. Its unique model of state-of-the-art technology, curriculum innovation, and hands-on instruction from senior faculty, mentors and coaches has educated more than 250,000 individuals across 80+ countries.
Founded in 2015, Emeritus, part of Eruditus Group, has more than 1,800 employees globally and offices in Mumbai, New Delhi, Shanghai, Singapore, Palo Alto, Mexico City, New York, Boston, London, and Dubai. Following its $650 million Series E funding round in August 2021, the Company is valued at $3.2 billion, and is backed by Accel, SoftBank Vision Fund 2, the Chan Zuckerberg Initiative, Leeds Illuminate, Prosus Ventures, Sequoia Capital India, and Bertelsmann.
Job Description:Emeritus is seeking a Data Analyst to join our client operations team on the Enterprise (B2B) team. This role will report into the Director of Client Operations. As part of the client operations team, which functions as the “back of ho/use” for our delivery function, this role will be responsible for working closely with the Director of Client Operations to establish and execute processes/best practices around measuring, tracking, and reporting on learner interest, participation, progress, and engagement. This person will also work closely with the account-owning members of our organization to analyze and present compelling data-backed success stories that support growing client accounts in high-caliber and intuitive visualizations.
Key ResponsibilitiesOn an account-by-account basis, support data analysis and interpretation so our engagement team can tell better impact stories to our clients, which may include activities such as:Report and Dashboard Development: Create persuasive and compelling reports that capture key insights around learning impact for our clients; create effective and intuitive dashboards to track learner participation, progress, and engagement.Data Visualization and Storytelling: Utilize advanced visualization techniques to present complex data in an easily understandable format.Learner and Client Insights Analysis: Analyze behaviors, patterns, trends, and interests of our learners and clients to provide insights to our account management and sales teams about potential upselling opportunities.Cross-Functional Collaboration: Work closely with account management, sales, and technical operations teams to align data-driven insights with business objectives.Enablement of learner measurement and account storytelling. Inform the client engagement and instructional design teams on the creation of measurement tactics to assess the participation, engagement, and learning outcomes of our programs.
Required experience4+ years of experience in data analytics focused on insights and data storytelling2+ years of experience in spreadsheeting software (like Excel or Google Sheets), SQL, and dashboarding software (like Tableau, Looker, or Power BI)2+ years of experience in the creation of effective measurement tactics (surveys, assessments, interviews, polls, etc)Strong analytical thinking and problem-solving skills.Experience in a creative, highly collaborative, agile, ambiguous, and fast-changing environment.Results-oriented. Organized & methodical. Ability to meet deadlines and multi-task under pressure.Passion for Customer centricity, enablement, operations, innovation, and customer delightExcellent verbal and written communication skills
Preferred experiencePrevious experience as a Learning & Development Analyst, Marketing Analyst, or Business AnalystA background in the professional learning/education space.A quantitative background or degree.Machine learning and artificial intelligence (ML/AI) technical skills will not be used in this position.
Salary Range Description:Applicants must be currently authorized to work in the United States on a full-time basis. The compensation for this position ranges from $80,000 - $100,000 annually. Pay will be determined on several factors including but not limited to location, skills, experience and may vary from the range listed above. Additional compensation includes industry leading benefits Emeritus provides such as: a comprehensive benefits package, 401K savings plan, company holidays, flexible PTO, and parental leave, just to name a few.
Emeritus provides equal employment opportunities to all employees and applicants for employment and prohibits discrimination and harassment of any type without regard to race, color, religion, age, sex, national origin, disability status, genetics, protected veteran status, sexual orientation, gender identity or expression, or any other characteristic protected by federal, state or local laws.",100000.0,YEARLY,United States,10367223.0,9.0,,80000.0,Full-time,2.0,1713474544000.0,1.0,https://www.linkedin.com/jobs/view/3901950460/?trk=jobs_biz_prem_srch,,ComplexOnsiteApply,1716066544000.0,,Associate,,1713474544000.0,,0,FULL_TIME,USD,BASE_SALARY,90000.0,,
3901954566,Centene Corporation,Business Analyst II,"You could be the one who changes everything for our 28 million members. Centene is transforming the health of our communities, one person at a time. As a diversified, national organization, you’ll have access to competitive benefits including a fresh perspective on workplace flexibility.

Position Purpose Perform various analysis and interpretation to link business needs and objectives for assigned function.

Support business initiatives through data analysis, identification of implementation barriers and user acceptance testing of new systemsIdentify and analyze user requirements, procedures, and problems to improve existing processesPerform detailed analysis on assigned projects, recommend potential business solutions and assist with implementationIdentify ways to enhance performance management and operational reports related to new business implementation processesDevelop and incorporate organizational best practices into business applicationsLead problem solving and coordination efforts between various business unitsAssist with formulating and updating departmental policies and procedures

Education/Experience Bachelor’s degree in related field or equivalent experience. 2-4 years of business process or data analysis experience, preferably in healthcare. Advanced knowledge of Microsoft Applications, including Excel and Access preferred. Project management experience preferred.

Pay Range $54,000.00 - $97,100.00 per year

Centene offers a comprehensive benefits package including competitive pay, health insurance, 401K and stock purchase plans, tuition reimbursement, paid time off plus holidays, and a flexible approach to work with remote, hybrid, field or office work schedules. Actual pay will be adjusted based on an individual's skills, experience, education, and other job-related factors permitted by law. Total compensation may also include additional forms of incentives.

Centene is an equal opportunity employer that is committed to diversity, and values the ways in which we are different. All qualified applicants will receive consideration for employment without regard to race, color, religion, sex, sexual orientation, gender identity, national origin, disability, veteran status, or other characteristic protected by applicable law.",97100.0,YEARLY,"Florida, United States",9703.0,6.0,,54000.0,Full-time,,1713475701000.0,1.0,https://www.linkedin.com/jobs/view/3901954566/?trk=jobs_biz_prem_srch,https://ad.doubleclick.net/ddm/clk/416849445;275979402;z?https://jobs.centene.com/us/en/jobs/1496153/business-analyst-ii/?ss=paid&utm_campaign=always_on-full_scrape_&utm_medium=social_media&utm_source=linkedin.com&utm_content=job_posting,OffsiteApply,1716068413000.0,,,,1713476413000.0,jobs.centene.com,0,FULL_TIME,USD,BASE_SALARY,75550.0,,
3901960651,"Spatial Front, Inc",Business Analyst,"Job Type

Full-time

Description

Spatial Front Inc. (SFI) is a company that offers IT solutions to federal, state, and local governments as well as the private sector. Currently, SFI is seeking a highly qualified Business Analyst with excellent communication skills. The ideal candidate will provide support in business operations, project management, and business analysis for projects and operational activities that serve our government clients. To be considered for the position, the candidate should have relevant experience in the following areas:

Primary Responsibilities

A successful candidate must fulfill the following requirements to be considered:Willing to work regular business hours synced with the East Coast time zone.At least five years of business analyst experience. Previously worked at least two years in a fully remote role.Comfort with and ability to work in MS Office suite.Excellent communication skills, both written and verbal.Plans and supports specific business, management, functional, technical, and professional or policy areas of the project.Provide support to clients, including schedule management, deliverable development, and tracking, meeting attendance and note taking, etc. Develop high-level business process models.Develop functional requirements, which include defining and documenting requirements.Coordinate Joint Application Development (JAD) sessions.Conduct requirements review and analysis sessions.Provide technical input into regulatory and rule development as needed.Develop, update, and complete documents such as business process mapping and analysis of alternatives (AoA).Prepare and oversee work plans and release schedules.Develop feasibility and alternative IT approaches while considering benefits and risks. Identify and prepare data migration analysis from the current system.Support requirement prioritization with stakeholders and senior leadership. Create flowcharts in tools such as Figma and Visio.Create mockups using Adobe XD or similar software. Perform User Acceptance Testing (UAT). Develop User Experience (UX) and User Interface (UI) designs to enhance system usability and effectiveness. Use project management software such as Jira or Asana. Use data visualization tools such as Tableau or Power BI. Key responsibilities include:Identifying issues.Conducting analysis and assessment of these issues.Providing inputs to major program/project leaders.Support the Project Manager to communicate and coordinate meetings, and presentations, and develop work products. 

Requirements

Minimum of a bachelor’s degree in a related field. Minimum of 5 years of experience is required. Ability to fulfill all of the primary responsibilities above.Able to be professional in a fast-paced environment with many different personalities.


Additional Information

To meet the clearance requirements for this opportunity, candidates must be authorized to work in the US.All candidates will be subject to a complete background check to include, but are not limited to Criminal History, Education Verification, Professional Certification Verification, Verification of Previous Employment, and Credit History.Public Trust background investigations can take approximately four to eight weeks and require fingerprinting.


Other Information

The salary for this position is $60,000 - $90,000 annuallyFor information on SFI's benefits please visit http://www.spatialfront.com/pages/career.htmlThis is a full-time W2 position. Please no agencies, third parties, or corp-to-corp.Spatial Front Inc. is an Equal-opportunity Employer, all qualified applicants will receive consideration for employment without regard to race, color, religion, sex, sexual orientation, gender identity, national origin, disability, or status as a protected veteran.Spatial Front Inc. participates in E-Verify.


Salary Description

$60,000-$90,000",,,United States,9436983.0,6.0,,,Full-time,1.0,1713479169000.0,1.0,https://www.linkedin.com/jobs/view/3901960651/?trk=jobs_biz_prem_srch,https://recruiting.paylocity.com/Recruiting/Jobs/Details/2392771,OffsiteApply,1716072220000.0,,Mid-Senior level,,1713480220000.0,recruiting.paylocity.com,0,FULL_TIME,,,,,
3901978822,Chainbridge Solutions,Senior Business Analyst,"Department: Design and Analysis

Employment Type: Full Time

Location: Remote

Description

The Senior Business Analyst is a customer-centric role, supporting the production and value-driven relationship between Chainbridge Solutions and its customers. The BA’s role is to elicit, analyze, specify, and validate the business needs of project sponsors and stakeholders. This includes interviewing stakeholders for gathering and compiling detailed user requirements and developing business process flows to convey to development teams throughout the project lifecycle. This position requires leadership, business, and technical competencies and the ability to apply proven communication, analytical, and problem-solving skills to help support the development process, and to ensure that project deliverables fully satisfy business needs.

Key Responsibilities

Serves as key liaison between technology and business end-users in support of our government client. Formulates, defines and verifies business cases as well as business and solutions requirements based on both business and user needs. Verifies solution’s alignment with requirements. Works with Delivery teams to drive alignment of solutions with business strategies and business capability requirements. Translates conceptual user needs into functional business requirements in a clear manner to development teams. Conducts reviews to ensure that requirement specifications are correctly interpreted. Communicates changes, enhancements, and modifications to project managers, sponsors, and other stakeholders. Consults with customers to develop process flows reflecting business process requirements. Uses requirements and issue management leveraging tools such as JIRA. Formulates, documents, and verifies user stories, acceptance criteria, process flows, and mockups. Elicits requirements from stakeholders. Translates, simplifies, and analyzes the feasibility of requirements to promote business process and solution design efficiency. Ensures requirements align with what is delivered from technology. Plays a key role in UAT efforts. Supports the development of release notes, user guides, training materials, etc. Participates in the implementation and provides post-implementation support. 

Experience And Skill Requirements

 Must have Public Trust Clearance – High Favorable Adjudication. Bachelor’s degree required. 8+ years of relevant Business Information Solutions / IT experience working in all major phases of software implementation projects. 7+ years as a Business Analyst including proven experience with business and technical requirements analysis, elicitation, modeling, verification, and prioritization. 3+ years of experience in Agile Methodology. Diversified experience across multiple business domains and functional areas is preferred. Must demonstrate strong written and verbal communication and presentation skills. Must have demonstrated analytical and problem-solving abilities as well as attention to detail. Must possess strong interpersonal and information gathering skills and the ability to relate well to others at all levels throughout the organization. Strong organizational skills and ability to multi-task and successfully manage competing/ changing priorities. Advanced MS Office skill set to include Excel, PowerPoint, and Visio. 

Physical And Mental Requirements

Frequently remain in a stationary position, often standing or sitting for prolonged periods of time looking at a computer screen. Continuous verbal and written communication with others to exchange information. Continuous repetitive movements that may include the wrists, hands, and/or fingers. Comprehension- Must continuously be able to understand direction and adhere to established procedures. Organization- Must continuously be able to gather and classify written and verbal information. Reasoning and Decision Making- Must continuously use logic to analyze and interpret information and prioritize tasks. 

About Chainbridge Solutions

Entrusted since 2010, Chainbridge Solutions is an award-winning SBA-certified 8(a) and woman-owned small business that specializes in building automated workflow solutions for our federal, state, local and private sector customers.",,,United States,11083884.0,1.0,,,Full-time,,1713490169000.0,1.0,https://www.linkedin.com/jobs/view/3901978822/?trk=jobs_biz_prem_srch,https://careers.chainbridgesolutions.com/en/postings/0a06f142-2f13-4773-a92c-17590028f61b,OffsiteApply,1716082848000.0,,Mid-Senior level,,1713490848000.0,careers.chainbridgesolutions.com,0,FULL_TIME,,,,,
3901991038,PAC Worldwide,ERP Business Analyst,"Description

The ERP Business Analyst will support projects, implementations, and training content within our Dynamics 365 ERP system with a focus on Operational process development. They will be the bridge between the Operations and IT groups, with the working knowledge to partner with the IT team on technical detail. This role will also be the primary content expert for ERP training content and learning focus.

Essential Duties and Responsibilities:

Identify and Scope Operational Process Improvement opportunities within our ERP functions. This will require a thorough understanding of Production, Warehouse, Planning, Logistics, and Training. Manage and drive project development and implementation based on those opportunities. Support the development of training content for both existing and new Operations processes in the ERP system. Maintain strong cross-functional relationships with impactive departments outside of Ops, most importantly with the IT (GIST) group, but also L&D, Supply Chain, and CE. Other duties as assigned. 

Qualifications:

BS in applicable field preferred6+ Years ERP Analysis experience3+ Years Dynamics 365/AX7 experienceBackground in Manufacturing OperationsBackground in ERP Process development and deploymentTechnical understanding of ERP systems, with the ability to troubleshoot; D365 preferred. Experience with training content and L&D preferredPMP Certification preferred

Skills & Competencies

Expert in Microsoft Office Suite (Excel, Word, PowerPoint focus)Expert in system assessment tools, i.e., Process Mapping, fit-gap analysisExpert in ERP functionality, logic, syntax, and troubleshootingWell-developed and effective cross-departmental teamwork skillsStrong communicator; able to be clear and concise to broad audiences. Managing to deadlines while also maintaining quick adaptability

Physical Demands The physical demands described here are representative of those that must be met by an employee to successfully perform the essential functions of this job. Reasonable accommodations may be made to enable individuals with disabilities to perform the essential functions.

Requires standing and walking in various environments, including Production areas. Must be capable of operating standard office equipment such as a computer, printer, etc. Must be capable of regularly lifting and/or moving up to 10 pounds, frequently lifting and/or moving up to 25 pounds, and occasionally listing and/or moving up to 50 pounds. 

Work Environment The work environment characteristics described here are representative of those an employee encounters while performing the essential functions of this job. Reasonable accommodations may be made to enable individuals with disabilities to perform the essential functions.

Employee will be working in a variety of environments, including office, Production, and Warehouse areas to perform the essentially functions of this role. PPE such as Hearing Protection, eye protection, and foot protection may be required.",,,United States,408805.0,5.0,,,Full-time,,1713495119000.0,1.0,https://www.linkedin.com/jobs/view/3901991038/?trk=jobs_biz_prem_srch,https://pacworldwidecareers.ttcportals.com/jobs/14265742-erp-business-analyst?tm_event=view&tm_company=48863&tm_job=3591-OTHLOC-C8AsYfwS&bid=56,OffsiteApply,1716087834000.0,,Mid-Senior level,,1713495834000.0,pacworldwidecareers.ttcportals.com,0,FULL_TIME,,,,,
3902302248,TekJobs,Business Analyst,"Must meet ALL below (or be super close) to be considered:

English communication must be a 10/10.
3+ years of experience as a Business Functional Analyst supporting Enterprise Applications3+ years of experience with SQL or T-SQL (Database structures, relationships, writing queries, and context)3+ years of reporting experience3+ years of experience in a Microsoft Ship (O365, Outlook, SharePoint, Word, Excel, PowerPoint etc)Nice to have: Bachelors in Geographic Information Systems or Computer Science is preferred, or equivalent work experienceVERY NICE TO HAVE: Prior Government (City of State) experience working with Government applicationsNice to have: Experience with Visio or other drawing toolsNice to have: Experience with automated testing procedures",,,United States,74081323.0,3.0,,,Full-time,,1713504005000.0,1.0,https://www.linkedin.com/jobs/view/3902302248/?trk=jobs_biz_prem_srch,,ComplexOnsiteApply,1716096005000.0,,,,1713504005000.0,,0,FULL_TIME,,,,,
3902304004,TekJobs,Data Analyst,"Role Summary
Performs duties necessary to maintain the integrity of customer records and data associated with the Individual Book of Record (IBOR), according to established procedures and guidelines. Responsible for daily review and resolution of tasks. Provide communication regarding data quality concerns or other production issues.ResponsibilitiesResponsible for daily review and resolution of duplicate/linkage tasks using the Initiate TM Inspector Tool.Review all types of tasks based on the established workflow hierarchy (tasks: potential overlays, potential duplicates, potential linkages and review identifier).Updates tasks as appropriate according to established procedures and guidelines, while meeting set expectations with metrics.Provide timely and clear communication regarding production issues and business impacts, as needed.Notifies Data Steward/Manager of errors and potential problems and provides appropriate follow up.Maintains and protects confidential information.Complies with all organizational and departmental policies and procedures.Performs other duties as assigned.
Qualifications
• Excellent decision making abilities and effective problem solving skills. Ability to analyze data and make decisions based on the information gathered.• Analytical experience (e.g. data and process analysis, quality metrics, policies, standards, and processes) preferred.• Strong time management skills; organized with strong focus and excellent attention to detail.• Strong verbal and written communication skills.• Experience with Customer data analysis a plus",,,United States,74081323.0,7.0,,,Full-time,,1713502694000.0,1.0,https://www.linkedin.com/jobs/view/3902304004/?trk=jobs_biz_prem_srch,,ComplexOnsiteApply,1716094694000.0,,,,1713502694000.0,,0,FULL_TIME,,,,,
3902339905,,Cyber Security Business Analyst-Tx,"Job Title: Cyber Security Analyst / Business Analyst

We are looking for a skilled Business Analyst to join our team. As a Business Analyst, you will be responsible for analyzing business performance, identifying areas for improvement, and generating detailed reports to present to management.Conduct thorough assessments of cyber risks, identifying vulnerabilities and potential threats to our systems and data.Collaborate with cross-functional teams to understand business processes and assess their impact on cybersecurity.Develop and implement robust security policies, procedures, and controls to mitigate identified risks.Ensure compliance with relevant industry standards and regulatory requirements.Monitor security incidents and alerts, responding promptly to mitigate potential threats.Investigate and analyze security incidents, providing insights for continuous improvement.Engage with stakeholders across the organization to promote a security-aware culture.Develop and deliver security awareness training to employees, enhancing overall cybersecurity resilience.Analyze and interpret security data to provide actionable insights and recommendations.Regularly review security metrics and reports to measure the effectiveness of security controls.Work closely with IT, development, and business teams to integrate security measures seamlessly into operational processes.Communicate complex cybersecurity concepts to non-technical stakeholders, fostering a shared understanding of security priorities.Stay abreast of cybersecurity trends, emerging threats, and industry best practices.Proactively recommend and implement security solutions to address evolving challenges.

Requirements:
Masters in STEM Program or Masters in Cyber Security.Minimum of 3 years of experience in a cyber security/business analyst roleStrong analytical and critical thinking skillsProficiency in Microsoft Office Suite, specifically Excel and PowerPointExcellent communication and interpersonal skillsAbility to manage multiple projects simultaneouslyExperience with Agile methodology is a plus
If you are a self-starter with a passion for finding trends and developing actionable insights, we encourage you to apply. This is an exciting opportunity to join a growing team and help shape the future of our organization. We offer competitive compensation, comprehensive benefits, and the chance to work with a dynamic group of professionals.",,,"Texas, United States",,1.0,,,Full-time,,1713527676000.0,,https://www.linkedin.com/jobs/view/3902339905/?trk=jobs_biz_prem_srch,,SimpleOnsiteApply,1716119676000.0,,Entry level,,1713527676000.0,,0,FULL_TIME,,,,,
3902340477,ATC,Data Analyst-NY,"Job Title: Entry Level Business Analyst / Product Owner U.S. Citizens and those authorized to work in the U.S. are encouraged to apply. We are able to sponsor at this time.We are a US equal employment opportunity employer. Job Description:Entry Level expertise in gathering, analyzing, and documenting business requirements. If you do not have experience as a Business Analyst or Product Owner, you will be put through a training & Internship program.Experience in Requirement Gathering, Agile methodology, writing user stories, and building and planning roadmaps.Experience in preparing functional and detailed system design documentsDemonstrate expertise with SDLC methodologyAbility to communicate effectively across multiple levels of the organization, including with leadership.Demonstrated leadership, initiative, analytical skills, and sound business acumen, including the ability to understand and analyze recommendationsExperience with all phases of testing (i.e., system, integration, user acceptance), including creating use cases, test conditions, and review of output.Must be able to adjust and work effectively in a dynamic, changing environmentOther:Master’s Degree.We sponsor H1B or related work visas for eligible candidates on F1/OPT/CPT.We offer health insurance 100% paid.We follow equal employment opportunity.",,,"New York, United States",2736308.0,2.0,,,Full-time,,1713527532000.0,,https://www.linkedin.com/jobs/view/3902340477/?trk=jobs_biz_prem_srch,,SimpleOnsiteApply,1716119531000.0,,Entry level,,1713527532000.0,,0,FULL_TIME,,,,,
3902341440,ATC,Business Analyst-Tx,"Job Title: Entry Level Business Analyst / Product Owner U.S. Citizens and those authorized to work in the U.S. are encouraged to apply. We are able to sponsor at this time.We are a US equal employment opportunity employer. Job Description:Entry Level expertise in gathering, analyzing, and documenting business requirements. If you do not have experience as a Business Analyst or Product Owner, you will be put through a training & Internship program.Experience in Requirement Gathering, Agile methodology, writing user stories, and building and planning roadmaps.Experience in preparing functional and detailed system design documentsDemonstrate expertise with SDLC methodologyAbility to communicate effectively across multiple levels of the organization, including with leadership.Demonstrated leadership, initiative, analytical skills, and sound business acumen, including the ability to understand and analyze recommendationsExperience with all phases of testing (i.e., system, integration, user acceptance), including creating use cases, test conditions, and review of output.Must be able to adjust and work effectively in a dynamic, changing environmentOther:Master’s Degree.We sponsor H1B or related work visas for eligible candidates on F1/OPT/CPT.We offer health insurance 100% paid.We follow equal employment opportunity.",,,"Texas, United States",2736308.0,,,,Full-time,,1713527582000.0,,https://www.linkedin.com/jobs/view/3902341440/?trk=jobs_biz_prem_srch,,SimpleOnsiteApply,1716119582000.0,,Entry level,,1713527582000.0,,0,FULL_TIME,,,,,
3902341448,ATC,Data Analyst-WA,"Job Title: Entry Level Business Analyst / Product Owner U.S. Citizens and those authorized to work in the U.S. are encouraged to apply. We are able to sponsor at this time.We are a US equal employment opportunity employer. Job Description:Entry Level expertise in gathering, analyzing, and documenting business requirements. If you do not have experience as a Business Analyst or Product Owner, you will be put through a training & Internship program.Experience in Requirement Gathering, Agile methodology, writing user stories, and building and planning roadmaps.Experience in preparing functional and detailed system design documentsDemonstrate expertise with SDLC methodologyAbility to communicate effectively across multiple levels of the organization, including with leadership.Demonstrated leadership, initiative, analytical skills, and sound business acumen, including the ability to understand and analyze recommendationsExperience with all phases of testing (i.e., system, integration, user acceptance), including creating use cases, test conditions, and review of output.Must be able to adjust and work effectively in a dynamic, changing environmentOther:Master’s Degree.We sponsor H1B or related work visas for eligible candidates on F1/OPT/CPT.We offer health insurance 100% paid.We follow equal employment opportunity.",,,"Washington, United States",2736308.0,2.0,,,Full-time,,1713527698000.0,,https://www.linkedin.com/jobs/view/3902341448/?trk=jobs_biz_prem_srch,,SimpleOnsiteApply,1716119698000.0,,Entry level,,1713527698000.0,,0,FULL_TIME,,,,,
3902343176,ATC,Data Analyst-CA,"Job Title: Entry Level Business Analyst / Product Owner U.S. Citizens and those authorized to work in the U.S. are encouraged to apply. We are able to sponsor at this time.We are a US equal employment opportunity employer. Job Description:Entry Level expertise in gathering, analyzing, and documenting business requirements. If you do not have experience as a Business Analyst or Product Owner, you will be put through a training & Internship program.Experience in Requirement Gathering, Agile methodology, writing user stories, and building and planning roadmaps.Experience in preparing functional and detailed system design documentsDemonstrate expertise with SDLC methodologyAbility to communicate effectively across multiple levels of the organization, including with leadership.Demonstrated leadership, initiative, analytical skills, and sound business acumen, including the ability to understand and analyze recommendationsExperience with all phases of testing (i.e., system, integration, user acceptance), including creating use cases, test conditions, and review of output.Must be able to adjust and work effectively in a dynamic, changing environmentOther:Master’s Degree.We sponsor H1B or related work visas for eligible candidates on F1/OPT/CPT.We offer health insurance 100% paid.We follow equal employment opportunity.",,,"California, United States",2736308.0,3.0,,,Full-time,,1713527606000.0,,https://www.linkedin.com/jobs/view/3902343176/?trk=jobs_biz_prem_srch,,SimpleOnsiteApply,1716119605000.0,,Entry level,,1713527606000.0,,0,FULL_TIME,,,,,
3902343179,ATC,Data Analyst-IL,"Job Title: Entry Level Business Analyst / Product Owner U.S. Citizens and those authorized to work in the U.S. are encouraged to apply. We are able to sponsor at this time.We are a US equal employment opportunity employer. Job Description:Entry Level expertise in gathering, analyzing, and documenting business requirements. If you do not have experience as a Business Analyst or Product Owner, you will be put through a training & Internship program.Experience in Requirement Gathering, Agile methodology, writing user stories, and building and planning roadmaps.Experience in preparing functional and detailed system design documentsDemonstrate expertise with SDLC methodologyAbility to communicate effectively across multiple levels of the organization, including with leadership.Demonstrated leadership, initiative, analytical skills, and sound business acumen, including the ability to understand and analyze recommendationsExperience with all phases of testing (i.e., system, integration, user acceptance), including creating use cases, test conditions, and review of output.Must be able to adjust and work effectively in a dynamic, changing environmentOther:Master’s Degree.We sponsor H1B or related work visas for eligible candidates on F1/OPT/CPT.We offer health insurance 100% paid.We follow equal employment opportunity.",,,"Illinois, United States",2736308.0,4.0,,,Full-time,2.0,1713527629000.0,,https://www.linkedin.com/jobs/view/3902343179/?trk=jobs_biz_prem_srch,,SimpleOnsiteApply,1716119629000.0,,Entry level,,1713527629000.0,,0,FULL_TIME,,,,,
3902344156,ATC,Data Analyst-VA,"Job Title: Entry Level Business Analyst / Product Owner U.S. Citizens and those authorized to work in the U.S. are encouraged to apply. We are able to sponsor at this time.We are a US equal employment opportunity employer. Job Description:Entry Level expertise in gathering, analyzing, and documenting business requirements. If you do not have experience as a Business Analyst or Product Owner, you will be put through a training & Internship program.Experience in Requirement Gathering, Agile methodology, writing user stories, and building and planning roadmaps.Experience in preparing functional and detailed system design documentsDemonstrate expertise with SDLC methodologyAbility to communicate effectively across multiple levels of the organization, including with leadership.Demonstrated leadership, initiative, analytical skills, and sound business acumen, including the ability to understand and analyze recommendationsExperience with all phases of testing (i.e., system, integration, user acceptance), including creating use cases, test conditions, and review of output.Must be able to adjust and work effectively in a dynamic, changing environmentOther:Master’s Degree.We sponsor H1B or related work visas for eligible candidates on F1/OPT/CPT.We offer health insurance 100% paid.We follow equal employment opportunity.",,,"Virginia, United States",2736308.0,2.0,,,Full-time,,1713527648000.0,,https://www.linkedin.com/jobs/view/3902344156/?trk=jobs_biz_prem_srch,,SimpleOnsiteApply,1716119648000.0,,Entry level,,1713527648000.0,,0,FULL_TIME,,,,,
3902345121,ATC,Data Analyst-Tx,"Job Title: Entry Level Business Analyst / Product Owner U.S. Citizens and those authorized to work in the U.S. are encouraged to apply. We are able to sponsor at this time.We are a US equal employment opportunity employer. Job Description:Entry Level expertise in gathering, analyzing, and documenting business requirements. If you do not have experience as a Business Analyst or Product Owner, you will be put through a training & Internship program.Experience in Requirement Gathering, Agile methodology, writing user stories, and building and planning roadmaps.Experience in preparing functional and detailed system design documentsDemonstrate expertise with SDLC methodologyAbility to communicate effectively across multiple levels of the organization, including with leadership.Demonstrated leadership, initiative, analytical skills, and sound business acumen, including the ability to understand and analyze recommendationsExperience with all phases of testing (i.e., system, integration, user acceptance), including creating use cases, test conditions, and review of output.Must be able to adjust and work effectively in a dynamic, changing environmentOther:Master’s Degree.We sponsor H1B or related work visas for eligible candidates on F1/OPT/CPT.We offer health insurance 100% paid.We follow equal employment opportunity.",,,"Texas, United States",2736308.0,2.0,,,Full-time,,1713527556000.0,,https://www.linkedin.com/jobs/view/3902345121/?trk=jobs_biz_prem_srch,,SimpleOnsiteApply,1716119556000.0,,Entry level,,1713527556000.0,,0,FULL_TIME,,,,,
3902346929,Insight Global,Workday Compensation Business Analyst,"This Business Analyst will be working closely with the implementation partner and the internal HRIS teams focused solely on the compensation module. Contract through Summer 2025100% Remote
Description:The Business Analyst will play an important role in ensuring the project’s success by identifying, gathering, and analyzing data related to the project. This will require working with various members of global HR and Tech teams, among others. The company is also working closely with a 3rd party to carry out the implementation, and this role will also work with that party to facilitate collecting and providing information to them as needed. The Business Analyst should be someone who is comfortable in a fast-paced environment managing multiple priorities.
Responsibilities:· Collect policies and practices, both global and local, for review & synthesis· Participate and help drive the analysis of the current Workday organization configuration (ex: Locations, Custom Orgs)· Create presentations and Excel analyses· Work directly with internal and external stakeholders, including Tech and HRIS, as well as implementation partner· Follow up and influence others to help achieve positive project outcomes· Proactively recognize and communicate issues",155000.0,YEARLY,United States,11056.0,11.0,,145000.0,Contract,2.0,1713532644000.0,1.0,https://www.linkedin.com/jobs/view/3902346929/?trk=jobs_biz_prem_srch,,ComplexOnsiteApply,1716124644000.0,,Mid-Senior level,,1713532644000.0,,0,CONTRACT,USD,BASE_SALARY,150000.0,,
3902371309,Insight Global,Senior Data Analyst- Scientist,"Day to DayDevelop an expert level understanding of core product offerings and analytics technology.Deliver defined work in the Healthcare Deliver Product Analytics backlog on time and with high quality.Define, track, report out, and explain metrics representing the value of the product.Lead strategic analytics projects to on-time, on-budget delivery.Become a key partner with Product, Technology and Analytics teams to drive key objectives.Develop ROI projections for analytics projects to prioritize analytics deliverables by impact to the business.Communicate progress, barriers, priority and budget regularly with leadership.Communicate and Coordinate regularly with analytics resources to execute strategic priorities.Lead A/B testing initiatives of net new features in our Member Engagement and conversion domain.Other responsibilities as required to ensure company success. 8+ relevant experience.Strong SQL, Python or R skills, ability to perform effective querying involving multiple tables and subqueries. - -Experience with SQL and BI tooling is strongly preferred.Examine, interpret and report results of analytical initiatives to stakeholders.Build, develop and maintain health data models, reporting systems, dashboards and performance metrics support that support key business decisions.Experience and knowledge of statistical modeling techniques. A/B Testing experience in a product analytics capacity is a plus.Excellent oral and written communication skills; ability to present complex information in an understandable and compelling manner Must have:4+ years of strong SQL experience (Core SQL competencies)Good experience working with BI tools (Power Bi, Tableau, etc)Experience working with stakeholders and communicating results of analytical initiativesExperience with A/B testing in a product analytics environmentVery strong interpersonal and communication skills with a lot of confidencePlusses:Python expComing from any logistical background",55.0,HOURLY,United States,11056.0,2.0,,45.0,Full-time,,1713540149000.0,1.0,https://www.linkedin.com/jobs/view/3902371309/?trk=jobs_biz_prem_srch,,ComplexOnsiteApply,1716132148000.0,,Mid-Senior level,,1713540149000.0,,0,FULL_TIME,USD,BASE_SALARY,104000.0,,
3902373002,"Zillion Technologies, Inc.",People Soft Financials Business Analyst 3(Only Candidates  from Texas),"Position Title: Systems Analyst 3Position: 100% remote However, the Client prefers candidates within the State of TexasDuration : 6+ Months of Contract
I. DESCRIPTION OF SERVICESLevel Description8 or more years of experience, relies on experience and judgment to plan and accomplish goals, independently performs a variety of complicated tasks, a wide degree of creativity and latitude is expected.
Job DescriptionUnderstands business objectives and problems, identifies alternative solutions, performs studies and cost/benefit analysis of alternatives. Analyzes user requirements, procedures, and problems to automate processing or to improve existing computer system: Confers with personnel of organizational units involved to analyze current operational procedures, identify problems, and learn specific input and output requirements, such as forms of data input, how data is to be; summarized, and formats for reports. Writes detailed description of user needs, program functions, and steps required to develop or modify computer program. Reviews computer system capabilities, specifications, and scheduling limitations to determine if requested program or program change is possible within existing system.
II. CANDIDATE SKILLS AND QUALIFICATIONS
Minimum Requirements:8 years of experience as a Business Analyst on PeopleSoft Financials and Supply Chain Management (FSCM) on implementation or upgrade projects8 years of experience as a Business Analyst with PeopleSoft FSCM 9.2 General Ledger and Commitment Accounting.8 years of experience as a Business Analyst in identifying requirements and creating formal functional documents for key business stakeholders and SMEs8 years of experience as a Business Analyst in conducting formal work sessions and functional analysis presentations8 years of experience in performing hands-on end-to-end system integration and external interface testing4 years of experience with Microsoft O365 applications (Word, Excel, PowerPoint, Visio)2 years of experience with MS Team and Channel communication with a large team",,,United States,156470.0,4.0,,,Contract,,1713541078000.0,1.0,https://www.linkedin.com/jobs/view/3902373002/?trk=jobs_biz_prem_srch,,ComplexOnsiteApply,1716133078000.0,,Mid-Senior level,,1713541078000.0,,0,CONTRACT,,,,,
3902732774,Pattern Data,Program Data Analyst,"Who We Are

The Pattern Data platform was created for the rapid analysis of thousands of medical records. Fueled by AI, our platform efficiently reviews and categorizes documents at a speed 10 times faster, significantly reducing validation time by highlighting pertinent information crucial for litigation in medical analysis and personal injury cases. Our platform has been successfully implemented in major national settlements to process, adjudicate, and value claims.

At Pattern, our team is built on a foundation of innovation, integrity, and collaboration—values that consistently deliver excellence to our clients. We’re looking for a Program Data Analyst to join our growing team.

Within our Client/Program business unit, we serve as the services layer responsible for deploying the Pattern platform to facilitate settlements. We are currently seeking a resourceful Program Data Analyst to join our expanding team. By becoming a part of our team, you will play a vital role in planning and executing operational procedures and processes for the adjudication of claims under the guidance of program leaders.

What You’ll Do

Understand complex settlement terms and define the business requirements for claims processing on the Pattern platform, including the required workflow stages, computations for award methodologies, and the generation of work products. Define and create data-driven operational protocols and procedures that drive program progress and ensure transparency and visibility throughout settlements. Work with product and engineering teams to implement these protocols and procedures within the Pattern platform, identifying key gaps and driving platform updates where required. Support deliverable management processes through planning, tracking, and reporting deliverables, ensuring projects are delivered on time and to the required quality standards. Support project and program communications. Distribute project status to team members throughout the project lifecycle. Collect, analyze, and interpret data to identify program-related issues to make action-oriented recommendations Prepare detailed reports and presentations using data visualization tools to summarize analysis results and provide actionable recommendationsIdentify areas for product and process improvement Identify and analyze potential associated risks and recommend risk mitigation strategies.Work with databases to organize, query, and retrieve data efficiently


What You’ll Have

Bachelor’s degree in Mathematics, Economics, Accounting, Finance or related analytical fieldsProven experience in data analysis, preferably in a software development or legal setting.Advanced proficiency in Excel and other data analysis tools (e.g., SQL, Python, R)Excellent analytical and problem solving skills to interpret complex data and draw meaningful conclusionsExcellent verbal and written skills, with the ability to communicate with all levels of client personnel. Passion and ability to tell stories with data, educate effectively, and instill confidence, motivating stakeholders to act on insights and recommendationsStrong analytical and problem-solving skills with a keen attention to detailAbility to ensure that projects are delivered on time and produce desired resultsAbility to navigate complexity and ambiguityFamiliarity with AI and machine learning concepts is a plus


Ready to meet us?

Please apply directly through our website or Linkedin. We are excited to hear from you!",,,United States,68332861.0,289.0,,,Full-time,106.0,1713387818000.0,1.0,https://www.linkedin.com/jobs/view/3902732774/?trk=jobs_biz_prem_srch,https://boards.greenhouse.io/patterndata/jobs/4352635007,OffsiteApply,1715980495000.0,,Entry level,,1713388495000.0,boards.greenhouse.io,0,FULL_TIME,,,,,
3902735179,Vail Health,Sr. Healthcare Data Analyst,"To us, it's about living life to the fullest while serving our patients, teammates, neighbors and friends. We are dedicated and passionate in everything we do, seeking challenge and appreciating the routes that got us here. Whether our path is clinical or not, we all came to find balance and meaning in our lives within the work we are passionate about and the adventures we live.

Vail Health has become the world’s most advanced mountain healthcare system. Vail Health consists of an updated 520,000-square-foot, 56-bed hospital. This state-of-the-art facility provides exceptional care to all of our patients, with the most beautiful views in the area, located centrally in Vail.

In addition to the hospital, Vail Health has many access points including:

Howard Head Sports Medicine offers physical therapy services at 10 locations and works closely with our internationally renowned orthopedic partners at The Steadman Clinic and Vail-Summit Orthopedics & Neurosurgery.Vail Health also owns interest in multiple joint venture ambulatory surgery centers (ASCs) throughout the region.Colorado Mountain Medical, Beaver Creek Medical Center, urgent care clinics in Vail, Dillon, Avon and Eagle, Edwards medical campus and Eagle Healthcare Center.The Shaw Cancer Center and Sonnenalp Breast Center are the region’s only fully accredited cancer treatment center and comprehensive breast center. Vail Health is also leading the way in serving our communities’ behavioral health needs with outpatient behavioral health services at the Edwards Community Health Campus, and the Precourt Healing Center, a 28-bed in-patient behavioral health facility, opening in 2025.


About The Opportunity

The Senior Healthcare Data Analyst is responsible for leveraging advanced data analysis skills and healthcare industry knowledge to provide insights that support decision-making and operational improvements within family medicine, specialty, and urgent care settings. This role involves analyzing healthcare data, developing, and maintaining insightful dashboards, and communicating findings to senior leadership, thereby directly influencing the optimization and effective management of healthcare services.

What You Will Do

Analyze complex healthcare data sets to identify trends, patterns, and insights that can drive business decisions and improve patient care. Utilize statistical techniques to validate data and findings.Develop and maintain robust dashboards and reports using SQL and PowerBI. Ensure these tools provide actionable insights and support data-driven decision-making processes.Work closely with senior leadership to understand business objectives and provide data analyses that support strategic initiatives. Offer recommendations based on data findings to enhance business and clinical operations.Translate complex data findings into clear, compelling stories that engage stakeholders and support organizational goals. Present data visually and narratively to explain the significance behind the numbers.Collaborate with various departments to ensure the accurate collection, analysis, and interpretation of data. Provide training and support to team members on data analytics tools and best practices.Implement and maintain quality control measures to ensure data accuracy and integrity. Regularly review and update data analysis methodologies to adhere to industry standards and best practices.Role models the principles of a Just Culture and Vail Health ValuesPerform other duties as assigned. Must be HIPAA compliant


This description is not intended and should not be construed to be an exhaustive list of all responsibilities, skills and efforts or work conditions associated with the job. It is intended to be an accurate reflection of the general nature and level of the job.

Experience

What you will need:

5 years of experience in data analysis, including the use of statistical methods to collect and analyze data and generate quality business reports required1 year of healthcare experience in family medicine, ambulatory services, and urgent care preferred Previous experience working the data directly from an EMR such as Cerner, Allscripts, and Epic preferred


License(s)

N/A


Certification(s)

N/A


Computer / Typing

Must possess, or be able to obtain within 90 days, the computers skills necessary to complete online learning requirements for job-specific competencies, access online forms and policies, complete online benefits enrollment, etc.


Must have working knowledge of the English language, including reading, writing, and speaking English.

Education

Bachelor's or Master's degree in Data Science, Statistics, Healthcare Administration, or related field preferred.


Application Close Date: April 23, 2024

Benefits At Vail Health (Full And Part Time) Include

Competitive Wages & Family Benefits: Competitive wagesParental leave (4 weeks paid)Housing programsChildcare reimbursement Comprehensive Health Benefits: MedicalDental VisionEducational Programs: Tuition Assistance Existing Student Loan RepaymentSpecialty Certification ReimbursementAnnual Supplemental Educational FundsPaid Time Off: Up to five weeks in your first year of employment and continues to grow each year.Retirement & Supplemental Insurance: 403(b) Retirement plan with immediate matching Life insuranceShort and long-term disabilityRecreation Benefits, Wellness & More: Up to $1,000 annual wellbeing reimbursementRecreation discountsPet insurance
Pay is based upon relevant education and experience per year.

Yearly Pay

$87,581.31—$131,350.54 USD

Some roles may be based outside of our Colorado office (remote-only positions). Roles based outside of our primary office can sit in any of the following states: AZ, CO, CT, DC, FL, GA, ID, IL, KS, MA, MD, MI, MN, NC, NJ, OH, OR, PA, SC, TN, TX, UT, VA, WA, and WI. Please only apply if you are able to live and work primarily in one of the states listed above. State locations and specifics are subject to change as our hiring requirements shift.

Relocation and housing assistance may be available.",131350.55,YEARLY,United States,22303218.0,9.0,,87581.31,Full-time,,1713387408000.0,1.0,https://www.linkedin.com/jobs/view/3902735179/?trk=jobs_biz_prem_srch,https://www.vailhealth.org/careers/jobs/sr-healthcare-data-analyst-5158276004?gh_src=11a8fb4f4us,OffsiteApply,1715980080000.0,,,,1713388080000.0,www.vailhealth.org,0,FULL_TIME,USD,BASE_SALARY,109465.93,,
3902743740,"LanceSoft, Inc.",Business Analyst II ( 100% Remote),"Job Description:True Job Title- Sr. Analyst, Health PlanWork hours M-F 8-5pm ESTFully remote 2-5 years Bachelor’s Degree or equivalent combination of education and experience 1-3 years formal training in Business Analysis and/or Systems Analysis The purpose of the Sr. Provider Data Analyst is to analyze complex business problems and issues using data from internal and external sources to provide insight to decision-makers. Identifies and interprets trends and patterns in datasets to locate influences. Constructs forecasts, recommendations and strategic/tactical plans based on business data and market knowledge. Creates specifications for reports and analysis based on business needs and required or available data elements. Collaborates with health plan and shared services to modify or tailor existing analysis or reports to meet their specific needs. May participate in management reviews, including presenting and interpreting analysis results, summarizing conclusions, and recommending a course of action. This is a general role in which employees work with multiple types of business data.Work is internal operations focused. Responsible for accurate and timely identification of critical information on configuration and claims databases. Maintains critical knowledge on configuration and claims databases. Oversees operational and claims systems and application of business rules as they apply to health plan. Validates data to be housed on databases and ensures adherence to business and system requirements of health plan as it pertains to contracting, benefits, prior authorizations, fee schedules, and other business requirements. Analyze and interpret data to determine appropriate configuration changes. Accurately interprets specific state and/or federal benefits, contracts as well as additional business requirements and converting these terms to configuration parameters. Oversees coding, updating, and maintaining benefit plans, provider contracts, fee schedules and various system tables through the user interface. Applies previous experience and knowledge to research and resolve claim/encounter issues, pended claims and update system(s) as necessary. Works with fluctuating volumes of work and can prioritize work to meet deadlines and needs of user community. Provides analytical, problem-solving foundation including definition and documentation, specifications. Recognizes, identifies and documents changes to existing business processes and identifies new opportunities for process developments and improvements. Reviews, researches, analyzes, and evaluates all data relating to specific area of expertise. Begins process of becoming subject matter expert. Conducts analysis and uses analytical skills to identify root cause and assist with problem management as it relates to state requirements. Analyzes business workflow and system needs for conversions and migrations to ensure that encounter, recovery and cost savings regulations are met. Prepares high level user documentation and training materials as needed.  Works to identify opportunities for continuous improvement, standardization, and reduction of rework across health plan and shared services. Monitors, coordinates, and communicates the strategic objectives of health plan across shared services to optimize performance/results. Aggregates and assists with the analysis of health plan and shared service data.
",,,United States,16388.0,95.0,,,Full-time,31.0,1713390105000.0,1.0,https://www.linkedin.com/jobs/view/3902743740/?trk=jobs_biz_prem_srch,,SimpleOnsiteApply,1715982105000.0,,,,1713390105000.0,,0,FULL_TIME,,,,,
3902762306,In Technology Group Inc (US),Senior Data Analyst,"Role: Senior Data AnalystSalary Range: $110,000Location: Remote (Across US)
CompanyWe are working with an IT consulting and Service company which is looking for a Senior Data Analyst for one of their clients in the healthcare sector.The ideal candidate will play a crucial role in gathering and analyzing healthcare data from various sources, identifying trends, and addressing data inconsistencies.
Key Responsibilities:Data Gathering and Analysis: Collect and integrate data from diverse sources, interpret findings, and assemble complex datasets to meet business requirements.Reporting and Dashboard Development: Design, develop, and maintain reports for the HRSA HCCN Grant and other assignments. Create and maintain complex dashboards using Microsoft Power BI.Infrastructure Oversight: Monitor and enhance the data warehouse, ensuring efficient data pipelines and timely completion of tasks.Process Improvements: Identify and implement internal process improvements, including automating manual processes and optimizing data delivery.Troubleshooting and Maintenance: Address data inconsistencies using knowledge of various database structures and workflow best practices, including NextGen EHR system.Collaboration and Mentorship: Collaborate with grant PHCs and analytic teams, mentor less senior analysts, and act as a project lead for specific deliverables.
Experience:Highly proficient in SQL and experienced with reporting packages.Enterprise ETL experience is a major plus!data visualization tools (e.g., Tableau, Power BI, Qualtrics).Azure, Azure Data Factory, SQL management instances in AzureNextGen electronic health record software experience.Bachelor's degree (BA/BS) in mathematics, computer science, statistics, engineering, or a related field",,,United States,88634456.0,198.0,,,Full-time,78.0,1713397503000.0,1.0,https://www.linkedin.com/jobs/view/3902762306/?trk=jobs_biz_prem_srch,,ComplexOnsiteApply,1715989502000.0,,Mid-Senior level,,1713397503000.0,,0,FULL_TIME,,,,,
3902802384,Carallel,Data Analyst,"Company: Carallel is on a mission to make caregiving easier for the millions of people supporting loved ones across the country. As a tech-enabled service, we provide empathetic support, personalized guidance, and practical assistance throughout a caregiving journey. We are committed to demonstrating the impact caregiver support can have on healthcare outcomes for caregivers and the loved ones who rely on them.Our team is guided by five core values that define our collaboration internally and our efforts externally: Empathy + Diversity + Collaboration + Purpose + Accountability. By embodying these values, we strive to create a positive and lasting impact in the world of caregiver support.Summary: As a Data Analyst, you will be critical in providing intelligence and decision support to Carallel’s business. You will be responsible for developing and managing reports and exports based on business needs, analyzing trends and patterns, and providing insights across the Carallel organization.
Responsibilities:Collaborate with product, service line, and customer success teams to create insightful reports and exports that support business needs.Develop, test, and maintain reports, dashboards, and data exports using the Domo BI system.Analyze reports for trends and communicate findings to stakeholders.Recommend improvements and new report formats and visualizations.Validate reports against source data.Create and maintain data dictionaries and report documentation.Assist with other data-related projects as required.
Requirements:B.S. in Data Science, Computer Science, Statistics, or a related field.3+ years of experience with BI tools (e.g., Domo, Power BI, Tableau, MicroStrategy, Zoho).3+ years of experience creating reports, visualizations, dashboards, and exports.Proficiency in processing data using Excel or Google Sheets.Understanding of data analysis best practices.Exceptional attention to detail. Preferred:Experience with the Domo Data Warehouse/Business Intelligence system.Experience with healthcare-related or digital health applications.
Benefits:Mission-driven, gratifying work in an entrepreneurial environmentCompetitive compensationAbility to work remotelyFlexible work schedule
Job Type: Full-time
Job Location: Remote work; company located in the Greater Chicagoland Area
This is a U.S.-based, remote work position, and verification of U.S. work authorization is required. Background investigation and drug screening are also required, as allowed by law.
All applicants will receive consideration for employment without regard to race, color, religion,sex, sexual orientation, gender identity, national origin, disability-protected veteran status, orany other characteristics protected by law.

",90000.0,YEARLY,United States,29121558.0,20.0,,85000.0,Full-time,7.0,1713550215000.0,1.0,https://www.linkedin.com/jobs/view/3902802384/?trk=jobs_biz_prem_srch,https://carallel.com/position/data-analyst/,OffsiteApply,1716142215000.0,,,,1713550215000.0,,0,FULL_TIME,USD,BASE_SALARY,87500.0,,
3902802811,Zest AI,Associate Data Analyst,"Zest AI has been perfecting AI for consumer lending decisions since 2009. Our mission is to make fair and transparent credit available to everyone and our AI-enabled software creates some of the most inclusive risk models in the industry. Our Model Management System helps lenders make better decisions and better loans — increasing revenue, reducing risk, and automating compliance — while expanding credit access to deserving people with no added risk!
Our technology teams at Zest AI thrive on solving challenging problems that have a big impact on people's daily lives. We build tools to improve consumer lending by meeting the needs of financial institutions and their customers around the world. By leveraging a combination of machine learning and vast amounts of data, we seek to challenge traditional credit scoring models, while expanding the use of our proprietary technology across the fintech industry. Our team is committed to continuously leveraging and adapting the latest advances in AI/ML to benefit those we serve.
As a Data Analyst, you will be responsible for interpreting and analyzing complex data sets, developing insights to help drive business strategies, and communicating your findings to both technical and non-technical team members. You will also be involved in project management, ensuring that data-driven projects are completed on time and within scope. In this role, you will work closely with Data Scientists, Engineers, and our Client Success team to ensure our data solutions meet and exceed client expectations. Additionally, you will have the opportunity to drive your own research projects under the guidance of senior team members.
Responsibilities:- Analyze and interpret complex data sets and machine learning model results using advanced statistical techniques. - Translate model results to business impact.- Develop and implement data collection systems and other strategies that optimize statistical efficiency and data quality- Identify, analyze, and interpret trends or patterns in complex data sets- Work closely with management to prioritize business and information needs- Communicate findings to company through standard and ad hoc reports- Promote and support data-driven decision making within the organization
Requirements:- Expertise in data wrangling and manipulation in Python and SQL- Solid understanding of machine learning and statistical analysis- Excellent business acumen and ability to understand and solve complex business problems- Strong coding skills, comfortable with Object-Oriented Programming- Strong communication skills, with the ability to present complex data in a clear and concise manner- Good project management skills, with a proven track record of delivering projects on time and within scope- Bachelor's degree in Computer Science, Statistics, or a related field
Perks and benefits:All Zestys experience:The opportunity to join a mission-focused companyPeople – the best part of ZestRobust medical, dental and vision insurance plansAnnual bonus plan participation401(k) with generous matchEmployee Awards and Recognition11 company holidaysWinter break (office closed between Christmas and New Year's Day)Unlimited vacation timeEmployee Resource GroupsGenerous family leave policy (12 week maternity leave / 6 week paternity leave)Phone, internet, wellness, and professional development allowancesEmployee gatherings, including Town Hall meetings
Additionally, our Burbank, CA area, hybrid model Zestys enjoy:Beautiful, modern, dog-friendly office with lounge areas, video games, and gigantic jigsaw puzzlesDaily catered lunches from LA’s best restaurants and a fully stocked kitchenComplimentary manicures, pedicures, and mindfulness sessionsCompany happy hours, social events, outings, and much more!
About Zest AI:Creating a diverse and inclusive culture where all are welcomed, valued, and empowered to achieve our full potential is important to who we are and where we’re headed in the future. We know that unique backgrounds, experiences, and perspectives help us think bigger, spark innovation, and succeed together. Zest is committed to diversity, equity, and inclusion and encourages professionals from underrepresented groups in technology and financial services to apply.
Our core values are Communication, Collaboration, Bias for Action, Client-centricity, and Heart. Learn more at Zest.ai, follow us on LinkedIn (linkedin.com/company/zest-ai/) or Twitter @Zest_AI, or check out our Insights blog (https://www.zest.ai/cms/insights).",85000.0,YEARLY,United States,29322289.0,99.0,,65000.0,Full-time,54.0,1713550117000.0,1.0,https://www.linkedin.com/jobs/view/3902802811/?trk=jobs_biz_prem_srch,,ComplexOnsiteApply,1716142117000.0,,Entry level,,1713550117000.0,,0,FULL_TIME,USD,BASE_SALARY,75000.0,,
3902814864,Swoon,Marketing Analyst - 79497,"We are hiring a best in class Marketing Analyst for our leading delivery platform client - recognized as the largest food delivery company in the United States.
This is a 1 year contract and fully remote with a rate of $33 per hour, W2. 
We offer 50% paid health benefits (medical, dental, and vision).
What you'll bring:You have experience building marketing campaignsBachelor’s DegreePrior experience working with Google SuiteYou are proficient in spreadsheets and SQL.Ideally some experience in marketing or growthProficiency in with email marketing systems like iterableProficiency building marketing collateral in Figma or canva
What you'll doDevelop and manage marketing campaigns for all merchants.Monitor and report on the performance of campaigns contractually driving improvement.Run A/B tests Design and build marketing collateral Work cross functional to promote our merchants across the entire platform.",,YEARLY,United States,731128.0,67.0,33.0,,Contract,21.0,1713551711000.0,1.0,https://www.linkedin.com/jobs/view/3902814864/?trk=jobs_biz_prem_srch,,ComplexOnsiteApply,1716143711000.0,,Entry level,,1713551711000.0,,0,CONTRACT,USD,BASE_SALARY,33.0,,
3902829853,Excelon Solutions,Business Analyst,"Hi,My name is Dheeraj Singh, and I am a Staffing Specialist at Excelon Solutions. I am reaching out to you on an exciting job opportunity with one of our clients. If you’re interested in learning more, I’d love to connect. Please share your updated resume on Dheeraj. Singh @excelonsolutions.com. I look forward to hearing from you soon
Role-Business AnalystLocation-RemoteMode of hire -Full Time Business analysts are the drivers of our continued growth and success. With their commitment to innovation, these analysts seek, develop, and help implement strategic initiatives for improved efficiency and productivity. We’re currently searching for an experienced business analyst to help guide our organization to the future. From researching progressive systems solutions to evaluating their impacts, the ideal candidate will be a detailed planner, expert communicator, and top-notch analyst. This person should also be wholly committed to the discovery and development of innovative solutions in an ever-changing digital landscape.
Objectives of this roleDrive awareness of requirements across business units and identify substandard systems processes through evaluation of real-time dataServe as thought leader for technical business processes, developing systems prototypes that promote increased efficiency and productivity on multiple levelsCreate and implement precise management plans for every project, with attention to transparent communication at all levelsPerform, evaluate, and communicate thorough quality assurance at every stage of systems developmentDetermine and develop user requirements for systems in production, to ensure maximum usability ResponsibilitiesPartner with stakeholders across business units (ex: sales, finance, security, compliance) to develop analyses and documentation in a collaborative way, communicating effectively and efficiently with production, managerial, and executive teamsEvaluate, analyze, and communicate systems requirements on a continuing basis, and maintain systems processes, including the delivery of monthly status reports to all appropriate partiesAuthor and update internal and external documentation, and formally initiate and deliver requirements and documentationConduct daily systems analytics to maximize effectiveness and troubleshoot problemsDevelop meaningful and lasting relationships with partners for optimized systems integration, and respond to questions and concerns from managers and executives with supporting research and recommendationsRequired skills and qualifications.Five or more years of experience in analytics and systems developmentHigh proficiency with SQL and database managementProven analytical abilitiesExperience in generating process documentation and reportsExcellent communication skills, with an ability to translate data into actionable insightsPreferred skills and qualificationsBachelor’s degree (or equivalent) in information technology or computer scienceStrong working knowledge of relevant Microsoft applications, including VisioProven ability to manage projects and user testingExtensive experience with data visualizationHigh proficiency in technical writing
Thanks & Regards!Dheeraj Singh IT RecruiterExcelon Solutions LLCMail id-dheeraj.singh@excelonsolutions.com Contact Number-9729964810",,,United States,79760947.0,44.0,,,Full-time,10.0,1713555692000.0,1.0,https://www.linkedin.com/jobs/view/3902829853/?trk=jobs_biz_prem_srch,,ComplexOnsiteApply,1716147692000.0,,,,1713555692000.0,,0,FULL_TIME,,,,,
3902830434,USCTEK - Recruiting & Staffing,Business Analyst,"Company Description
 
USCTEK - Recruiting & Staffing is a technology and business consultancy with a diverse team of over three hundred software engineers, business analysts, and subject matter experts. With expertise in Data Analytics, Quality Assurance/Testing, Business Intelligence, Data Warehousing, Legacy Systems Migration, and Custom Application Frameworks, USCTEK provides peak performance solutions to clients in the Financial Services, Healthcare, Life Sciences, and Pharmaceutical industries.

 Role Description
 
This is a contract remote role for a Business Analyst. The Business Analyst will be responsible for performing day-to-day tasks such as business analysis, communication, and gathering business requirements. They will also be involved in analyzing data and assisting in business process improvements.

 Qualifications
 
Analytical Skills, Business Analysis, and Business RequirementsStrong communication skillsExperience in business process improvementsKnowledge of data architecture and data modelingProject management experienceDatabase administration skillsExperience with BI tools such as Hyperion, Business Objects, and CognosExperience with ETL tools such as Oracle Data Integration, Informatica, and SSISExperience with Big Data technologies like Hadoop and NetezzaExperience in the Financial Services, Healthcare, Life Sciences, or Pharmaceutical industries is a plus",,,"Michigan, United States",13637042.0,24.0,,,Contract,7.0,1713553081000.0,1.0,https://www.linkedin.com/jobs/view/3902830434/?trk=jobs_biz_prem_srch,,SimpleOnsiteApply,1716145081000.0,,,,1713553081000.0,,0,CONTRACT,,,,,
3902830453,BCforward,Master Data Analyst,"BCforward is currently seeking a highly motivated Master Data Analyst for an opportunity in United States – Remote! Position Title: Master Data AnalystLocation: United States – RemoteAnticipated Start Date: 04/29/2024.Please note this is the target date and is subject to change. BCforward will send official notice ahead of a confirmed start date.Expected Duration: 6+ months.Job Type: Contract/Contract to hirePay Range: $50-55/hr. on W2Please note that actual compensation may vary within this range due to factors such as location, experience, and job responsibilities, and does not encompass additional non-standard compensation (e.g., benefits, paid time off, per diem, etc.). Job Description:Work with Material Master product team to gather requirements, collect data, lead cleansing efforts and load/support data loads into SAP.Will need to bridge the gap between business and IT teams to document and set expectations of work/deliverables.Create and maintain trackers that show progress and hurdles to PM’s and stakeholders.Assist in go live of site including, collecting, cleansing and loading data into SAP system.Middleman between IT and business stakeholderAble to communicate data models.Knowledge in SAP and MDG is preferred.Years of experience: 2+ in data analytics spaceStrong communication skills are a must.Will be working on multiple high priority, high paced projects where attention to detail and organization is required.Intermediate to Senior position – great opportunity to learn an in-demand area of SAP MDG.Strong willingness to learn – no ceiling on learning and growth potential and plenty of work to go around. About BCforward:Founded in 1998 on the idea that industry leaders needed a professional service, and workforce management expert, to fuel the development and execution of core business and technology strategies, BCforward is a Black-owned firm providing unique solutions supporting value capture and digital product delivery needs for organizations around the world. Headquartered in Indianapolis, IN with an Offshore Development Center in Hyderabad, India, BCforward’s 6,000 consultants support more than 225 clients globally.BCforward champions the power of human potential to help companies transform, accelerate, and scale. Guided by our core values of People-Centric, Optimism, Excellence, Diversity, and Accountability, our professionals have helped our clients achieve their strategic goals for more than 25 years. Our strong culture and clear values have enabled BCforward to become a market leader and best in class place to work.BCforward is an equal opportunity employer. All qualified applicants will receive consideration for employment without regard to race, color, religion, sex, sexual orientation, gender identity, national origin, or protected veteran status and will not be discriminated against based on disability.To learn more about how BCforward collects and uses personal information as part of the recruiting process, view our Privacy Notice and CCPA Addendum. As part of the recruitment process, we may ask for you to disclose and provide us with various categories of personal information, including identifiers, professional information, commercial information, education information, and other related information. BCforward will only use this information to complete the recruitment process.This posting is not an offer of employment. All applicants applying for positions in the United States must be legally authorized to work in the United States. The submission of intentionally false or fraudulent information in response to this posting may render the applicant ineligible for the position. Any subsequent offer of employment will be considered employment at-will regardless of the anticipated assignment duration.",,,United States,947715.0,13.0,,,Contract,4.0,1713553503000.0,1.0,https://www.linkedin.com/jobs/view/3902830453/?trk=jobs_biz_prem_srch,,ComplexOnsiteApply,1716145503000.0,,,,1713553503000.0,,0,CONTRACT,,,,,
3902833722,Ventegra,Reporting and Data Analyst,"Ventegra is a fast paced, innovative virtual company. The Reporting and Data Analyst will help develop Ventegra’s strategic roadmap for reporting and analytics that fosters a data-driven culture within Ventegra. This position provides a unique opportunity for a high-performing, analytically-inclined individual to apply and build their skills in a dynamic and entrepreneurial operating environment. Duties include:Interpret and refine customer requirements/requests for informationQuantifying, Measuring and Analyzing Financial and Utilization Metrics of HealthcarePerform research and analysis of complex healthcare claims and pharmacy dataEffectively fulfill information needs using available analytical tools and techniques or through development of ad hoc queriesDevelop and present actionable insights to internal customers, including management, as well as external customersManage and meet competing deliverables in a dynamic and fast-paced environmentMaintain and develop enterprise reports in Tableau serverDevelop and execute queries and reports in Access, SQL, and VBAOther duties as assigned Skills/Qualifications:Ability to present complex information in an easy-to-understand mannerStrong desire to learn the design, development, and maintain of ongoing metrics, reports, analyses, etc.Ability to solve problems logically and systematically with attention to detailExceptional verbal and written communication skillsCollaborative working style with the ability to effectively interface with different organizations and personalitiesSelf-motivated with ability to work remotely is a must Education/Experience:Bachelor's degree in Business, Statistics, Computer Science, Mathematics or related fieldExperience in two or more of the following environments: Access, Excel, SQL, VBA, PythonExperience with quantitative analyticsExperience managing/working with large databases is a strong advantageExperience with Tableau Desktop/Server strongly preferredProject management experience is a plusKnowledge of PBM/healthcare industry strongly preferred",93600.0,YEARLY,United States,10052668.0,64.0,,52000.0,Full-time,28.0,1713556188000.0,1.0,https://www.linkedin.com/jobs/view/3902833722/?trk=jobs_biz_prem_srch,https://www.indeed.com/job/reporting-and-data-analyst-446cdf391e3fc2ba,OffsiteApply,1716148188000.0,,,,1713556188000.0,,0,FULL_TIME,USD,BASE_SALARY,72800.0,,
3902873579,USCTEK - Recruiting & Staffing,Data Analyst,"Company Description
 
USCTEK - Recruiting & Staffing is a technology and business consultancy with a highly skilled workforce of software engineers, business analysts, and subject matter experts located across the United States and globally. Known for its expertise in Data Analytics, Quality Assurance/Testing, Business Intelligence, Data Warehousing, Legacy Systems Migration, and Custom Application Frameworks, USCTEK partners with clients in the Financial Services, Healthcare, Life Sciences, and Pharmaceutical industries to optimize their enterprise software solutions.

 Role Description
 
This is a full-time remote role for a Data Analyst at USCTEK - Recruiting & Staffing. The Data Analyst will be responsible for performing data analysis, utilizing statistical techniques, and communicating insights to stakeholders. The role will also involve data modeling and collaborating with cross-functional teams to gather and analyze requirements.

 Qualifications
 
Strong analytical skills, with experience in data analysis and statistical techniquesProficiency in data modeling and data visualization toolsExcellent communication skills, with the ability to effectively convey insights to stakeholdersExperience in business analysis and requirements analysisProject management skillsDatabase administration knowledgeBackground in Data Analytics and StatisticsExperience with Big Data technologies like Hadoop",,,United States,13637042.0,3.0,,,Full-time,,1713568027000.0,1.0,https://www.linkedin.com/jobs/view/3902873579/?trk=jobs_biz_prem_srch,,SimpleOnsiteApply,1716160027000.0,,,,1713568027000.0,,0,FULL_TIME,,,,,
3902948256,Adaptavist,Senior Data Analyst,"Working at Adaptavist

The Adaptavist Group is a global family of companies with a common goal. We combine the best of teamwork, technology, and processes, helping all kinds of businesses be better today and tomorrow.

We are experts at delivering enterprise software, tailored solutions, and quality services across some of the world’s most trusted technology ecosystems, including Atlassian, AWS, Slack, GitLab, Monday.com and Aha!

We make change happen. From anywhere.

Our flexible, remote-first way of working means that work can fit around your life, rather than your life fitting around work.

About The Role

The Senior Data Analyst (RevOps) will play an integral role in establishing and maintaining the highest standard of accuracy and reliability for all data-related matters within Revenue Operations. You will be tasked with creating comprehensive descriptive and diagnostic reports, maintaining data hygiene, and providing valuable insights into our sales trends and performance. Additionally, you will lead the development of predictive and prescriptive analyses and reports. These will serve as crucial tools in future decision-making processes, helping to drive our sales strategies and initiatives.

This role requires a professional with a strong analytical mindset and the ability to translate complex data into actionable business strategies.

What You'll Be Doing

Partner with Business Development, Sales Development and Data teams to develop metrics and insights that drive the businessDevelop sales forecasts based on historical data and market trendsGenerate regular reports to provide insights into sales performance and help management make informed decisionsMonitor and identify areas for improvement of key performance indicators (KPIs) such as conversion rates, win/loss ratios, and sales velocityArchitect models, reports, and dashboards that the sales team and management will use in the daily course of businessProfessionally package critical business metrics for weekly, monthly, and quarterly meetingsManage the modeling and implementation of sales territories and quota setting to maximize revenue potentialAnalyze and identify gaps in data hygieneEvaluate and improve sales processes to streamline operations and enhance productivity by identifying bottlenecks, proposing workflow improvements, and implementing automation solutionsWork in partnership with Senior Leadership on special projects that support sales and broader initiatives

What We're Looking For

Highly proficient in Python, Excel, and other BI analytical toolsEstablished experience of business analytics, CRM reporting, writing and revising reportsFirm understanding of the structure and operations of relational databases and the ability to aggregate data through ExcelAbility to independently make decisions and deliver work quicklyAbility to analyze data and identify trends to inform strategic decisionsStrong strategy, planning, and organizational skillsInterpersonal skills to work effectively across functional teamsMust be self-managed, responsive and able to work in a virtual team environment

A few nice to haves

Previous experience using Jira 

At Adaptavist, we are committed to promoting a diverse and inclusive community, and believe this positively impacts both the creation of our innovative products and our delivery of bespoke solutions to our global customers and our own unique culture. We encourage all qualified applicants, regardless of age, disability, race, sexual orientation, religion or belief, sex, gender identity, pregnancy and maternity, marriage, and civil partnership status. From our family-friendly policies to our flexible work environment we offer a range of benefits and policies in order to support staff from all different backgrounds. If you have any questions, please do ask us.

Check out our WORK180 page

Check out our Flexa page

We look forward to your application!

",,,United States,443738.0,119.0,,,Full-time,67.0,1713280418000.0,1.0,https://www.linkedin.com/jobs/view/3902948256/?trk=jobs_biz_prem_srch,https://jobs.lever.co/adaptavist/a09839be-3553-46bf-afe3-d1cba80d15b8/apply?lever-source=LinkedInJW,ComplexOnsiteApply,1715873100000.0,,Mid-Senior level,,1713281100000.0,jobs.lever.co,0,FULL_TIME,,,,,
3903432075,Nubitz,Junior Business Analyst - IT,"*ONLY US CITIZENS CAN APPLY*
The toolset is:• Visio• Word• Excel• Jira• Outlook• Power BI
The interaction is heavy with the development team, but the Software Specifications Engineer (Level 1) will interact with Capital staff, customers, and partners in these upstream activities:• Strategic Product Design Sessions• Business Requirements Development• Partnership Conceptualization Meetings• Integration Planning and Migration Efforts• Marketing, Sales, and Customer Roundtable Discussions• Tier 3 Support (i.e. expert analysis)
Key Responsibilities:
The key responsibilities are:• Manage multiple concurrent stakeholders through the specifications development and serve as document author.• Write thorough and thoughtful specifications, data definitions, workflow diagrams, swim lanes, wireframes, and storyboards.• Lead process analysis, transformation, automation, and documentation efforts.• Sort, prioritize, and assign work to development team members by participating in daily standups with a keen ability to identify scope gaps and break development logjams.• Provide project management oversight of technology developments throughout SDLC, including testing and release management.• Predict development collisions in the SDLC including those created by non-technology dependencies.• Serve as Test Lead for the QA and Business Line Testers including test methodology and script writing.• Act as enterprise-wide SME for tech products as Tier 3 escalation point for customer support and business line managers.
Qualifications:
Many engineering best practices are crucial to this role's success in writing requirements and specifications: precision, efficiency, and completeness.
• Bachelor's degree or equivalent relevant experience.• 1+ years of experience as a technical product owner or business analyst, with preference to candidates with experience in finance, healthcare, or aviation industries.• Experience implementing Salesforce customizations.• Experience documenting clear, granular, accurate, and testable system specifications.• Ability to document complex workflows and produce data maps.• Experience using Jira or other SDLC management tools for tracking work.• Strong experience testing and leading other testers.• A desire and capacity to innovate in a fast-paced start-up style work environment.• Organized and efficient, with the ability to prioritize and multi-task based on urgency of business needs.• Self-motivated, positive, energetic, collaborative, and willing to help others.• A tenacious results-driven outlook on project delivery for stakeholders.",,,United States,35686900.0,121.0,,,Full-time,45.0,1713449323000.0,1.0,https://www.linkedin.com/jobs/view/3903432075/?trk=jobs_biz_prem_srch,,SimpleOnsiteApply,1716041323000.0,,,,1713449323000.0,,0,FULL_TIME,,,,,
3903441763,"Triunity Software, Inc. ",Data Analyst (W2 Only),"Hi,This is Prashant, a Senior Recruiter from Triunity Software Inc. a leading staffing organization.I came across your profile in one of the job boards and feel that your skills and professional experience would be a good fit for a position with one of our premier clients. Please review the job description below. If you are interested in this position, please forward your updated resume for immediate consideration and preferred time to discuss this opportunity further.
Title- Data Analyst/Senior Data Analyst (W2 Only)Location- Remote
Required Skills – 
AWS, Python, Scala & Health domain (claims / payers)Excellent Communication Skills",,,United States,80167387.0,370.0,,,Contract,128.0,1713452931000.0,1.0,https://www.linkedin.com/jobs/view/3903441763/?trk=jobs_biz_prem_srch,,ComplexOnsiteApply,1716044931000.0,,Mid-Senior level,,1713452931000.0,,0,CONTRACT,,,,,
3903444383,ClarisHealth,Data Analyst,"You may be ideal for this position if...
You have a healthcare technology background and a thorough understanding of healthcare claims data.You can write complex SQL statements.You have an aptitude for learning new coding methods and a desire to write optimized SQL for faster run times.You have a desire to learn something new and be a team player.Strong analytical skills.Excellent communication and organizational skills.
The Data Analyst is responsible for researching, developing, and implementing analytics solutions for our healthcare clients. Solutions may be in specific areas such as contractual reimbursement, coordination of benefits, behavioral health, or third-party liability. Solutions may also be general in nature or focused on a system solution. The Data Analyst also provides ETL support to our Operations team by in-taking and loading data.
More about the role:
Work with operations to identify areas of focus for data analysisResearch, develop, and test queries and data solutionsAnalyze, map, and load data to SQL, PostgreSQL, or Mongo databases as part of client implementationAnalyze, interpret, and summarize large data setsIdentify new areas of focus for payer cost containmentWork with C# consoles to make edits for ETL processesCreate complex SQL statements to find claims identified for a refund based on specsWork with the team to brainstorm new ideasLearn medical billing terminology
Why choose ClarisHealth?
ClarisHealth unites data and people through innovative technology.Remote-first flexible working environment.OUR AMAZING BENEFITS including, but not limited to:Health insurance, including $0 premium HDHP and $0 deductible PPO options. FIRST-DAY COVERAGE!Generous Paid Time Off including PTO, Wellness, and Volunteer Time Off.401(k) with matching, immediate vesting.“Got Your Back” environment.Professional development reimbursement.We work hard, but we know how to take time and enjoy life.
ClarisHealth embraces a supportive working culture of creativity and innovation internally termed “Got Your Back.” We live out this #GYB spirit every day by leading with Compassion, Communicating with transparency, and committing to improving our Community. For more information about ClarisHealth, our culture, and employment opportunities, please visit us at https://www.clarishealth.com/careers/. #GYB
Help develop the industry-leading solution for the healthcare payer market. Join our team at ClarisHealth in challenging the traditional paper-based, time- and labor-intensive audit and data mining methods and impact the evolution of claims payment recovery.
ClarisHealth is the answer to the health plan industry’s siloed solutions and traditional models for identification and overpayment recovery services. Founded in 2013, we provide health plans and payers with total visibility into payment integrity operations through our advanced cost containment technology Pareo®. Pareo enables health plans to maximize avoidance and recoveries at the most optimized cost for a 10x return on their software investment. Currently, nearly 33 million lives are served by our total payment integrity platform.
Applicants must be currently authorized to work in the United States on a full-time basis.ClarisHealth is not able to sponsor applicants for work visas.
ClarisHealth is an Equal Opportunity Employer. Anyone needing accommodation to complete the interview process should notify the Director, People & Management.
EOE including Disability/Veterans/",,,United States,25074734.0,1142.0,,,Full-time,369.0,1713452447000.0,1.0,https://www.linkedin.com/jobs/view/3903444383/?trk=jobs_biz_prem_srch,https://clarishealth.clearcompany.com/careers/jobs/3af62f42-ec46-6b38-9595-6e12b53d9b37/apply?source=3021745-CS-55711,OffsiteApply,1716044447000.0,,Mid-Senior level,,1713452447000.0,,0,FULL_TIME,,,,,
3903450989,Straight Arrow News,Data Analyst,"Straight Arrow News is seeking a Data Analyst to join our growing team. We’re on a mission to raise the bar on journalism, and delivering world-class digital products is key in fulfilling that mission.
As a Data Analyst at Straight Arrow News, you will be part of a dynamic and innovative team that is constantly seeking to improve the news media industry and deliver news to viewers in innovative ways. Your work will involve analyzing and reporting on SAN.com and SAN mobile apps audience data and providing executive management with insights and recommendations based on data. The ideal candidate will have a passion for revealing insights.
ResponsibilitiesSupport the SAN Executive Team with actionable insights based on audience data.Gather data from various sources while ensuring data accuracy, completeness, and consistency. Perform preprocessing and data cleaning where needed, ensuring data are ready for analysis.Identify patterns, trends, and outliers and provide actionable business recommendations based on the data.Develop and maintain dashboards and reports to track key performance indicators related to audience growth and content performance.Provide input and recommendations for product enhancements and feature prioritization based on data analysis and user feedback.
Required QualificationsBachelor's degree in Computer Science, Statistics, Mathematics, Economics, or related field. At least five years of experience as a Data Analyst in a digital media or ecommerce setting.Proficiency in SQL, Python, R, or other programming languages for data manipulation and analysis.Experience with Google Data Studio or other data visualization tools.Experience creating custom data pipelines, automated reports, and data visualizations.Expertise in web and mobile analytics platforms (e.g. Google Analytics, Adobe Analytics, AppsFlyer, Amplitude).Current understanding of internet consumer data privacy matters.Excellent communication and collaboration skills, with the ability to present findings and recommendations to both technical and non-technical stakeholders.Strong analytical skills and attention to detail, with the ability to translate complex data into actionable insights.

Preferred QualificationsExperience with video delivery systems (encoding platforms, video players, video ad integration)Experience with digital media systems including content management systems, advertising systems, consent management platforms, and identity management frameworks.Experience with machine learning, statistical analysis, and predictive modeling.",120000.0,YEARLY,United States,71622423.0,360.0,,110000.0,Full-time,198.0,1713455449000.0,1.0,https://www.linkedin.com/jobs/view/3903450989/?trk=jobs_biz_prem_srch,,ComplexOnsiteApply,1716047449000.0,,Associate,,1713455449000.0,,0,FULL_TIME,USD,BASE_SALARY,115000.0,,
3903464498,Sagility,Senior Business Analyst - Payment Integrity,"

Sagility combines industry-leading technology and transformation-driven BPM services with decades of healthcare domain expertise to help clients draw closer to their members. The company optimizes the entire member/patient experience through service offerings for clinical, case management, member engagement, provider solutions, payment integrity, claims cost containment, and analytics. Sagility has more than 25,000 employees across 5 countries.

Job title:



Senior Business Analyst - Payment Integrity



Job Description:

We are currently hiring a talented Senior Business Analyst to join the Sagility Payment Integrity Solutions team. In this role you will connect with IT and Audit staff to create and present reporting to identify trends, measure audit potential and show opportunities or issues. This role is a strong partner with IT and the Audit team to resolve claims issues, pricing, and fix contract issues.

Key Role Responsibilities:

 Create and present reports.Research, design, and develop new reports to assist Audit Team.Trouble shoot contract issues and pricing.Function as project manager for new features in audit tool/application.Serve as a liaison between IT and Audit staff to research, quantify and develop solutions to system issues. Identify trends and audit potential.Fix contract pricing issues with Audit staff.Other duties as assigned.  

Education and Experience:

 Bachelor's degreeUnderstanding of claims processing and the lifecycle of a claim.3 plus years of experience with healthcare reporting and analytics requiredKnowledge of healthcare economicsExperience with CMS inpatient and Outpatient claim regulationsExperience with State Medicaid pricing.  

Qualifications:

 MS SQL experience- Moderate Level,Experience with relational and non-relational databases,Knowledge OF ICD10, CPT, DRG coding,Experience identifying and measuring business trends.Project Management experience researching system enhancements,Strong people skills to communicate with a wide range of auditor skillsets.Strong collaboration skills and ability to work independently and as part of a team.Ability to thrive in a fast paced, changing environment.Ability to create understanding of and obtain buy in on proposed solutions.Knowledge OF ICD10, CPT, DRG coding a strong plus  

Sagility Offers Competitive Benefits Including:

 MedicalDentalVisionLife InsuranceShort-Term and Long-Term DisabilityFlexible Spending AccountLife Assistance Program401K with employer contributionPTO and Sick TimeTuition Reimbursement  

Join our team, we look forward to talking with you!

An Equal Opportunity Employer/Vet/Disability

Location:



Work@Home USAUnited States of America",,,United States,76202589.0,101.0,,,Full-time,21.0,1713457277000.0,1.0,https://www.linkedin.com/jobs/view/3903464498/?trk=jobs_biz_prem_srch,https://ars2.equest.com/?response_id=2398c7ffeaccc795c33e56edb605d56a,OffsiteApply,1716049239000.0,,,,1713457277000.0,ars2.equest.com,0,FULL_TIME,,,,,
3903467166,Zywave,Business Analyst - Remote,"Brief Description

Zywave is a leading provider of software solutions for the insurance and benefits industry, making it an exciting place to work at the forefront of technology in a growing and dynamic field. As a Business Analyst, you will play a crucial role in utilizing proprietary API-first tools like backend ""InsuredApp"" and frontend ""ClarionDoor Portal"" to decompose customer rating models into algorithms, develop dynamic forms selection logic, and accurately map insured data for the generation of policy documents. Additionally, you will construct customer quoting portals, design XML and JSON-based web services, and build dynamically populated insurance documents while collaborating with the project team to meet customer requirements and deadlines. You will also be responsible for analyzing and addressing reported bugs during User Acceptance Testing, ensuring a seamless user experience.

Why Should You Apply?

Business Analysts at Zywave contribute to improving the user experience, helping address customer needs, and ensuring the smooth operation of insurance and benefits software, which can be highly satisfying for those who want their work to have a meaningful impact. Zywave also offers a pathway for career growth, providing an exciting prospect for candidates to advance their careers and take on more responsibilities over time.

Factors for Success:

 College degree and 1-3 years of relevant experience required  Proficiency in Microsoft Excel requiredKnowledge of the commercial insurance industry is a plus Experience with XML, JSON or XSLT is a plusExperience in using web-based software applications or configurable platforms is a plus Strong analytical skills, ability to troubleshoot complex issues and problem solve Self-starter can begin work and manage tasks to timelines on their own Strong ability to meet deadlines and communicate reasonable goals Familiarity with Swagger, Postman or other online documentation and API testing tools a plus

Company Background

Why pick Zywave? Zywave is a cutting edge, web-based SaaS company that has revolutionized the insurance industry by helping independent agencies leverage technology solutions to grow their business in employee benefits and property and casualty markets. Zywave has been a highly profitable and growing business for over 25 years and is consistently voted a Top Workplace, also earning an award for Work/Life Balance.

",,,United States,27853.0,92.0,,,Full-time,41.0,1713457192000.0,1.0,https://www.linkedin.com/jobs/view/3903467166/?trk=jobs_biz_prem_srch,,ComplexOnsiteApply,1716049834000.0,,Mid-Senior level,,1713457834000.0,secure4.saashr.com,0,FULL_TIME,,,,,
3903473732,Viatris,"Intern, Data Analyst (Projects) IOAO Supply Chain","Viatris Specialty LLC

At VIATRIS, we see healthcare not as it is but as it should be. We act courageously and are uniquely positioned to be a source of stability in a world of evolving healthcare needs.

Viatris empowers people worldwide to live healthier at every stage of life.

We do so via:

Access – Providing high quality trusted medicines regardless of geography or circumstance;Leadership – Advancing sustainable operations and innovative solutions to improve patient health; and Partnership – Leveraging our collective expertise to connect people to products and services. 


Every day, we rise to the challenge to make a difference and here’s how the Intern, Data Analyst (Projects), IOAO Supply Chain will make an impact:

Key responsibilities for this role include:

Provides data analytical and visualization support to assist in the management of initiatives and projects. Collaborates with cross-functional teams to analyze, extrapolate, interpret, and organize data sets to issue reports, dashboards, and presentations.Issues operational and tactical reports to track performance to plan (timeline and budget) and to provide visibility to potential issues.Develops innovative, value-added methods to measure key performance indicators and metrics used to ensure project goals and objectives are achieved. Plays a lead role in the development and improvement of the project’s performance scorecard while streamlining the visualization of recurring metrics. Supports a database optimization project supporting stock build requirements.Supports a database optimization project supporting trade dress cut-over requirements.Prepare and present reports for and to key leaders throughout the organization. Perform and assist with additional duties as directed by the Project Lead/Team Leader.


The minimum qualifications for this role are:

The successful candidate will have preferably completed a minimum of their sophomore year and be currently enrolled in an accredited college or university in a Data Analytics, Industrial Engineering, Supply Chain, or a related field of study.A minimum 3.0 GPA is strongly preferred, however, a combination of experience and/or education will be taken into consideration.Must possess advanced computer skills, MS Office, Power BI/Tableau, Data Analytics platforms.Knowledge of Data Analytics, Industrial Engineering or Supply Chain competencies.Strong verbal and written communication including presentation skills.Able to work in diverse multi-level, cross-divisional and multi-cultural working environment.Excellent organization skills, takes initiative and is proactive and persistent.


The salary range for this position is: If pursuing Bachelors degree = $20/hour, if pursuing Masters degree = $25/hour, if pursuing Doctorate degree = $30/hour.

At Viatris, we offer competitive salaries, benefits and an inclusive environment where you can use your experiences, perspectives and skills to help make an impact on the lives of others.

Viatris is an Equal Opportunity Employer. All qualified applicants will receive consideration for employment without regard to race, national origin, religion, age, color, sex, sexual orientation, gender identity, gender expression, disability, or protected veteran status, or any other characteristic protected by local, state, or federal laws, rules, or regulations.

",30.0,HOURLY,United States,52143761.0,71.0,,20.0,Full-time,18.0,1713458840000.0,1.0,https://www.linkedin.com/jobs/view/3903473732/?trk=jobs_biz_prem_srch,https://viatris.wd5.myworkdayjobs.com/External/job/United-States-Remote-Office/Intern--Data-Analyst--Projects--IOAO-Supply-Chain_R5645989,OffsiteApply,1716051571000.0,,Internship,,1713459571000.0,viatris.wd5.myworkdayjobs.com,0,FULL_TIME,USD,BASE_SALARY,52000.0,,
3903485883,"LanceSoft, Inc.",Sr. Provider Data Analyst ( 100% Remote),"True Job Title- Sr. Provider Data AnalystWork hours M-F 8-5pm EST fully remote.
The purpose of the Sr. Provider Data Analyst is to analyze complex business problems and issues using data from internal and external sources to provide insight to decision-makers. Identifies and interprets trends and patterns in datasets to locate influences. Constructs forecasts, recommendations and strategic/tactical plans based on business data and market knowledge. Creates specifications for reports and analysis based on business needs and required or available data elements. Collaborates with health plan and shared services to modify or tailor existing analysis or reports to meet their specific needs. May participate in management reviews, including presenting and interpreting analysis results, summarizing conclusions, and recommending a course of action. This is a general role in which employees work with multiple types of business data. Work is internal operations focused.Responsible for accurate and timely identification of critical information on configuration and claims databases. Maintains critical knowledge on configuration and claims databases. Oversees operational and claims systems and application of business rules as they apply to health plan. Validates data to be housed on databases and ensures adherence to business and system requirements of health plan as it pertains to contracting, benefits, prior authorizations, fee schedules, and other business requirements.
•Analyze and interpret data to determine appropriate configuration changes.• Accurately interprets specific state and/or federal benefits, contracts as well as additional business requirements and converting these terms to configuration parameters.• Oversees coding, updating, and maintaining benefit plans, provider contracts, fee schedules and various system tables through the user interface.• Applies previous experience and knowledge to research and resolve claim/encounter issues, pended claims and update system(s) as necessary.• Works with fluctuating volumes of work and can prioritize work to meet deadlines and needs of user community.• Provides analytical, problem-solving foundation including definition and documentation, specifications.• Recognizes, identifies and documents changes to existing business processes and identifies new opportunities for process developments and improvements.• Reviews, researches, analyzes, and evaluates all data relating to specific area of expertise. Begins process of becoming subject matter expert.• Conducts analysis and uses analytical skills to identify root cause and assist with problem management as it relates to state requirements.• Analyzes business workflow and system needs for conversions and migrations to ensure that encounter, recovery and cost savings regulations are met.• Prepares high level user documentation and training materials as needed.
• Works to identify opportunities for continuous improvement, standardization, and reduction of rework across health plan and shared services• Monitors, coordinates, and communicates the strategic objectives of health plan across shared services to optimize performance/results.• Aggregates and assists with the analysis of health plan and shared service data.
2-5 years• Bachelor’s Degree or equivalent combination of education and experience• 1-3 years formal training in Business Analysis and/or Systems Analysis",,,United States,16388.0,26.0,,,Full-time,11.0,1713464034000.0,1.0,https://www.linkedin.com/jobs/view/3903485883/?trk=jobs_biz_prem_srch,,SimpleOnsiteApply,1716056034000.0,,,,1713464034000.0,,0,FULL_TIME,,,,,
3903498810,Datasys Consulting and Software Inc.,Full Time : Financial Business Analyst With Regulatory Report Exp.,"Job Description: Title : Financial Business AnalystLocation: New JerseyWork Mode: Remote  We are seeking a highly skilled and motivated Financial Analyst specializing in regulatory reporting to join our team. The ideal candidate will have a strong understanding of financial principles, regulatory requirements, and reporting standards. The role involves analyzing financial data, ensuring compliance with regulatory guidelines, and providing insights to support strategic decision-making. Experience preparing and delivering financial statements and regulatory reports in the financial services industry, a Bank Holding Company or similar.Experience conducting research and preparing business and operational financial analysisStrong knowledge of Generally Accepted Accounting Principles (GAAP).Experience preparing and delivering holding company regulatory reports.Experience in the use of Axiom.In-depth familiarity with regulatory frameworks such as Dodd-Frank, Basel III, and reporting regulations.Master’s degree in Finance, accounting, or Business Administration (MBA)8+ years of exp is required.. Benefits  401K contributionHealth InsuranceDentalVisionPaid Time-off
",,,United States,5156208.0,7.0,,,Full-time,,1713466492000.0,1.0,https://www.linkedin.com/jobs/view/3903498810/?trk=jobs_biz_prem_srch,,ComplexOnsiteApply,1716058492000.0,,,,1713466492000.0,,0,FULL_TIME,,,,,
3903802377,Datasys Consulting and Software Inc.,Full Time - Financial Business Analyst with Regulatory Reporting Experience,"JOB DESCRIPTION: Title: Financial Business Analyst with Regulatory Reporting ExperienceLocation: New JerseyWork Mode: Hybrid/Remote We are seeking a highly skilled and motivated Financial Analyst specializing in regulatory reporting to join the team. The ideal candidate will have a strong understanding of financial principles, regulatory requirements, and reporting standards. The role involves analyzing financial data, ensuring compliance with regulatory guidelines, and providing insights to support strategic decision-making.  1. Experience preparing and delivering financial statements and regulatory reports in the financial services industry, a Bank Holding Company or similar. 2. Experience conducting research and preparing business and operational financial analysis 3. Strong knowledge of Generally Accepted Accounting Principles (GAAP). 4. Experience preparing and delivering holding company regulatory reports. 5. Experience in the use of Axiom. 6. In-depth familiarity with regulatory frameworks such as Dodd-Frank, Basel III, and SEC reporting regulations. 7. Master’s degree in finance, accounting, or Business Administration (MBA) Benefits:• 401K contribution• Health Insurance• Dental• Vision• Paid Time-off
Please send your updated resume onaditya.d@datasysamerica.com",55.0,YEARLY,"New Jersey, United States",5156208.0,5.0,,50.0,Full-time,1.0,1713466616000.0,1.0,https://www.linkedin.com/jobs/view/3903802377/?trk=jobs_biz_prem_srch,,SimpleOnsiteApply,1716058616000.0,,,,1713466616000.0,,0,FULL_TIME,USD,BASE_SALARY,52.5,,
3903802602,Stearns Bank N.A.,Data Analyst Strategist & Technology Engineer,"Come Grow with Us and Join an Award-Winning Organization! Stearns Bank is looking for a Data Analyst Strategist and Technology Engineer. This is a remote-eligible position headquartered out of St. Cloud, Minnesota. 
JOB SUMMARY As a Data Analyst Strategist and Technology Engineer at Stearns Bank, you will play a critical role in driving data-driven decision-making and technology innovation across the organization. Leveraging your expertise in data analysis, strategy development, and technology engineering, you will collaborate with cross-functional teams to design, implement, and optimize data-driven solutions that drive business growth and enhance operational efficiency.
Starting annual salary of $130,000.00. Employment offers will be dependent upon the selected candidate’s relevant qualifications and experience.
RESPONSIBILITIESData Analysis and Insights: Utilize advanced data analysis techniques to extract insights from large datasets, identify trends, patterns, and correlations, and translate findings into actionable recommendations for business stakeholders. Develop predictive models, algorithms, and data visualization tools to support decision-making processes, optimize business performance, and drive strategic initiatives.Strategy Development: Collaborate with senior leadership and key stakeholders to develop data-driven strategies and roadmaps that align with business objectives and drive innovation across the organization. Conduct market research, competitive analysis, and industry benchmarking to identify opportunities for growth, differentiation, and competitive advantage.Technology Engineering: Design, develop, and implement technology solutions and platforms to support data analytics, reporting, and automation initiatives, leveraging tools and technologies such as SQL, Python, R, Tableau, Power BI, and cloud-based platforms. Architect and maintain data infrastructure, databases, and systems to ensure scalability, reliability, and security of data assets.Cross-Functional Collaboration: Partner with cross-functional teams, including IT, Marketing, Operations, and Finance, to gather requirements, define solution specifications, and ensure successful implementation and adoption of data-driven initiatives. Provide technical guidance, training, and support to stakeholders to enable self-service analytics and empower data-driven decision-making throughout the organization.Performance Monitoring and Optimization: Monitor and analyze the performance of data analytics solutions and technology platforms, identifying opportunities for optimization, scalability, and continuous improvement. Implement best practices, standards, and governance frameworks to ensure data integrity, privacy, and compliance with regulatory requirements.
REQUIREMENTSOccasionally lift and/or move up to 25 lbs. Ability to understand and follow instructions in English.Ability to sit for extended periods of time, twist, bend, sit, walk use hands to twist, handle or feel objects, tools or controls, such as computer mouse, computer keyboard, calculator, stapler, telephone, staple puller, etc., reach with hands and arms, balance, stoop, kneel, talk or hear.Specific vision abilities required by the job include close vision, distance vision, peripheral vision, depth perception and the ability to adjust focus.
QUALIFICATIONSBachelor's degree in Computer Science, Data Science, Information Systems, or related field; Master's degree or relevant certification preferred.X years of experience in data analysis, strategy development, and technology engineering roles, preferably in the financial services or banking industry.Strong proficiency in data analysis tools and programming languages, such as SQL, Python, R, and experience with data visualization tools such as Tableau or Power BI.Solid understanding of data modeling, database design, and data warehousing principles, with experience working with relational databases and cloud-based platforms.Proven track record of developing and implementing data-driven strategies and technology solutions that drive business value and operational efficiency.Excellent communication, problem-solving, and stakeholder management skills.Ability to work independently as well as collaboratively in a fast-paced, dynamic environment. Strong analytical mindset, attention to detail, and a passion for leveraging data and technology to solve complex business challenges.
ABOUT STEARNS BANKStearns Bank is a leading financial institution dedicated to leveraging cutting-edge technology and data analytics to provide innovative banking solutions. With a commitment to excellence and continuous improvement, Stearns Bank offers a dynamic and collaborative work environment for professionals seeking to make a significant impact in the finance and technology sectors.
WHY JOIN STEARNS BANK?Opportunity to work at the intersection of finance, technology, and data analytics, driving innovation and shaping the future of banking. Collaborative and inclusive work culture that values diversity, creativity, and continuous learning. Competitive compensation package with comprehensive benefits and opportunities for professional development and advancement. Make a meaningful impact by leveraging your expertise to drive data-driven decision-making and technology innovation, contributing to the success and growth of Stearns Bank.Note: The above job description is intended to outline the general nature and level of work being performed by individuals assigned to this position. It is not intended to be construed as an exhaustive list of responsibilities, duties, and skills required. Management reserves the right to modify, add, or remove duties as necessary to meet business needs.
EQUAL OPPORTUNITY EMPLOYER /AFFIRMATIVE ACTION PLANWe are an equal opportunity employer and all qualified applicants will receive consideration for employment without regard to race, color, or creed, religion, sex, marital status, familial status, sexual orientation, national origin, age, disability, veteran’s status, status with regard to public assistance, or any other class protected by Federal, State, local laws governing nondiscrimination in employment.",,YEARLY,United States,71101.0,5.0,130000.0,,Full-time,2.0,1713467523000.0,1.0,https://www.linkedin.com/jobs/view/3903802602/?trk=jobs_biz_prem_srch,https://workforcenow.adp.com/mascsr/default/mdf/recruitment/recruitment.html?cid=cbc61a9e-850d-4133-ba7a-16f730256632&ccId=19000101_000001&lang=en_US&selectedMenuKey=CareerCenter&jobId=511445,OffsiteApply,1716059522000.0,,Mid-Senior level,,1713467523000.0,,0,FULL_TIME,USD,BASE_SALARY,130000.0,,
3903814368,Flock Safety,Data Analyst,"Who is Flock?

Flock Safety is an all-in-one technology solution to eliminate crime and keep communities safe. Our intelligent platform combines the power of communities at scale - including cities, businesses, schools, and law enforcement agencies - to shape a safer future together. Our full-service, maintenance-free technology solution is trusted by communities across the country to help solve and deter crime in the pursuit of safer communities for everyone.

Our holistic public safety platform is comprehensive and intelligent, providing the actionable evidence needed to solve, deter and reduce crime across neighborhoods, schools, businesses and entire cities. Without compromising transparency or privacy, we are turning unbiased data into objective answers.

Flock strives to offer a career-defining experience where you can also make an impact on your community. While safety is a serious business, we are a supportive team that is optimizing the remote experience to create strong and fulfilling relationships even when we are physically apart. Our group of hard-working employees thrive in a positive and inclusive environment, where a bias towards action is rewarded.

We have raised over $380M in venture capital from investors including Tiger Global, Andreessen Horowitz, Matrix Partners, Meritech Capital Partners, and Initialized Capital. Now surpassing a $3B valuation, Flock is scaling intentionally and seeking the best and brightest to help us meet our goal of reducing crime in the United States by 25% in the next three years.

The Opportunity

As a Senior Data Analyst on the ML team, you will be responsible for extracting insights aggregated from various data sources, developing dashboards to identify trends and patterns that highlight model performance issues, performing analysis to determine the root-cause of ML and product anomalies, and presenting your findings to stakeholders to guide business and technical decisions. You will work closely with ML and Data Engineering, and other engineering teams to direct and validate technical and business decisions using data. Your work will directly impact the success of our ML initiatives, ensuring they are grounded in solid data analysis and capable of delivering tangible business value.

The Skillset

3+ years of experience as Data Analyst / Data ScientistAbility to develop robust monitoring and alerting systems to detect regressions in model behaviorStrong proficiency in SQLStrong proficiency using Data Warehouses and other large data systems (Spark, Trino, etc.)Strong proficiency in developing dashboards (Tableau, SuperSet, Sigma, etc.)Experience in statistical analysisExperience using Python as a scripting languageBasic git knowledgeBasic bash knowledgeKnowledge in ML concepts is desirable

Feeling uneasy that you haven’t ticked every box? That’s okay, we’ve felt that way too. Studies have shown women and minorities are less likely to apply unless they meet all qualifications. We encourage you to break the status quo and apply to roles that would make you excited to come to work every day.

90 Days at Flock

We are a results-oriented culture and believe job descriptions are a thing of the past. We prescribe to 90 day plans and believe that good days, lead to good weeks, which lead to good months. This serves as a preview of the 90 day plan you will receive if you were to be hired as a Senior Data Analyst at Flock Safety.

The First 30 Days

Understand the teams, data sources, and existing tools used to work with data. Work with ML and Data Engineering to improve monitoring and alerting. 

The First 60 Days 

Work to help develop the metrics and data necessary to quantify changes made to the systems from cross-functional projects. 

90 Days & Beyond

Understand the data that ML and related projects are most involved inGain competency in developing monitoring and analysis to deliver value from that dataCollaborate well with the team and the rest of the FlockAnalyze known anomalies to understand the reason for the specific behavior

The Interview Process 

We want our interview process to be a true reflection of our culture: transparent and collaborative. Throughout the interview process, your recruiter will guide you through the next steps and ensure you feel prepared every step of the way.

[Pick and choose what stages you will have in your interview process]

Our First Chat: During this first conversation, you’ll meet with a recruiter to chat through your background, what you could bring to Flock, what you are looking for in your next role, and who we are. The Hiring Manager Interview: You will meet with your potential future boss to really dive into the role, the team, expectations, and what success means at Flock. This is your chance to really nerd out with someone in your field. The Technical Assessment: Our technical assessments seek to test the hard skills required to do the job. Engineers may find themselves in coding interviews or architecture discussions, sales roles may present mock discovery calls, and leadership roles may craft 90 day plans. Your recruiter will inform you of which assessment you will be assigned and ensure you are fully prepared for your big day. The Executive Review: A chance to meet an executive in your function and view Flock from a different lens. Be prepared to ask well-thought-out questions about the company, culture, and more. 

The Perks

💰Salary & Equity: In this role, you’ll receive a starting salary of $110,000-$145,000 as well as stock options

🌴Use what you need PTO: We seriously mean it, plus 11 company holidays and your birthday off!

⚕️Fully-paid health benefits plan for employees: including Medical, Dental, and Vision and an HSA match.

👪Family Leave: All employees receive 12 weeks of 100% paid parental leave. Birthing parents are eligible for an additional 6-8 weeks of physical recovery time.

🍼Fertility & Family Benefits: We have partnered with Maven, a complete digital health benefit for starting and raising a family. We will reimburse $10,000 a year for adoption, surrogacy, or infertility.

🧠Mental Health: All employees receive an annual subscription to Headspace

💖Caregiver Support: We have partnered with Cariloop to provide our employees with caregiver support

💸Carta Tax Advisor: Employees receive 1:1 sessions with Equity Tax Advisors who can address individual grants, model tax scenarios, and answer general questions.

💻WFH Stipend: $150 per month to cover the costs of working from home.

📚L&D Stipend: $250 per year to use on Audible, Calm, Masterclass, Duolingo, Grammarly and so much more.

🏠Home Office Stipend: A one-time $750 to help you create your dream office.

🏢Coworking Space: If you’re not local to our ATL HQ, we’ll provide $250 a month to get you set up with an All Access Membership to WeWork (or a local coworking space in your area).

🐾Pet Insurance: We’ve partnered with Pumpkin to provide insurance for our employee’s fur babies.

Flock is an equal opportunity employer. We celebrate diverse backgrounds and thoughts and welcome everyone to apply for employment with us. We are committed to fostering an environment that is inclusive, transparent, and collaborative. Mutual respect is central to how Flock operates, and we believe the best solutions come from diverse perspectives, experiences, and skills. We embrace our differences and know that we are stronger working together.

If you need assistance or an accommodation due to a disability, please email us at careers@flocksafety.com. This information will be treated as confidential and used only to determine an appropriate accommodation for the interview process.",145000.0,YEARLY,United States,18021229.0,18.0,,110000.0,Full-time,4.0,1713398400000.0,1.0,https://www.linkedin.com/jobs/view/3903814368/?trk=jobs_biz_prem_srch,https://boards.greenhouse.io/flocksafety/jobs/7332354002?gh_src=3ae1c5e42us,OffsiteApply,1716064192000.0,,Entry level,,1713472192000.0,boards.greenhouse.io,0,FULL_TIME,USD,BASE_SALARY,127500.0,,
3903832397,Quess US,Data Analyst - Python/AWS (W2) (REMOTE),"KEY DUTIES AND RESPONSIBILITIES:Architect, design, and develop high-quality software solutions using Java, Scala, and Python.Address complex technical challenges and spearhead refactoring initiatives to improve code quality.Demonstrate hands-on coding expertise and deep understanding of technology stacks.Participate in all phases of the software development life cycle, ensuring the successful delivery of projects.Collaborate with cross-functional teams to define requirements, identify opportunities for improvement, and drive innovation.Provide technical guidance and mentorship to team members, fostering their professional growth and development.Champion technical excellence within the engineering team and ensure adherence to best practices and coding standards.Constantly seek to increase Pareto’s competitive edge by applying world-class technology to solve healthcare data and analytics problems.
REQUIRED SKILLS:Relevant years of experience in software development, with proficiency in Java, Scala, and Python.Expertise in AWS services coupled with a history of deploying data solutions on cloud platforms.Experience in engineering project and process management in an agile environment.Experience leading engineering teams with a track record of increased quality and productivity.Proficiency in Go language is a plus.Have a background in back-end technologies, including API Rest Interfaces & SQL.Experience working with healthcare data, including but not limited to eligibility, claims, payments, and risk adjustment datasets.Strong programming/debugging skills, with a hands-on approachRelevant certifications in AWS or software engineering would be a plus.
OTHER DUTIES AND RESPONSIBILITIES:Responsible for compliance with all federal, state, and local laws, rules, and regulations affecting the Company.Responsible for participating in quality assurance, compliance, and in-service and continuing education activities as requested by Company.Responsible for performing other duties and responsibilities as required.",50.0,HOURLY,United States,82149043.0,12.0,,45.0,Contract,4.0,1713476203000.0,1.0,https://www.linkedin.com/jobs/view/3903832397/?trk=jobs_biz_prem_srch,,ComplexOnsiteApply,1716068202000.0,,Mid-Senior level,,1713476203000.0,,0,CONTRACT,USD,BASE_SALARY,98800.0,,
3903844013,Florida Blue,Telesales Business Analyst,"Job Summary

The Telesales Business Analyst is responsible for providing 3rd party data insights and reporting to the Telesales leadership team and provide peer or leadership support as needed on existing projects. Analysts will understand pain points, identify gaps in channel performance, and execute process improvement initiatives to support increased sales conversion rates and improve member satisfaction. Analysts will generate easy to interpret reports based on collected data and findings. Analysts are relied upon to apply business knowledge to projects and provide value-added insights to directly impact business outcomes.

Essential Functions

Listens to calls, reviews chats, transcriptions, and survey data to mine for qualitative and quantitative analysis to ensure that the channel’s teams are consistently performing in compliance with organizational and direct sales policies and procedures, rulings, laws, and government regulations. Identify, investigate, and document possible root causes of trends, issues, and performance gaps based on analyses and campaign results to determine improvements and recommendations. Develop daily reports and presentations documenting analysis and ensure that key stakeholders understand the business implications for those analyses. Research, analyze, maintain, validate, and prepare data, information and content used in making business decisions. Present and articulate findings to a variety of audiences including Telesales leadership, Sales and Engagement managers, Direct Sales Enablement, and the Continuous Improvement team. Also produce, edit, and distribute a variety of other business documents such as proposals, ad hoc presentations, and continuous improvement plans. Produces ad hoc reporting and assists with presentation building as needed. 


Qualifications

 Required Work Experience


2+ years related work experience. Experience Details: data analysis experience, preferably in a call center environment, data science. Detail oriented with experience recognizing patterns and trends. Or any combination of the above.

 Required Management Experience


No Supervisory/management Experience Required

 Required Education


Related Bachelor’s degree or additional related equivalent work experience

 Demonstrated ability to use process and operational workflows. Demonstrated understanding of process improvement concepts. Proficient with Microsoft Office, including Word, Excel and PowerPoint. Great communication skills: written and oral. Preferred Education


Bachelor’s degree Data Science

 Additional Preferred Qualifications


Strong qualitative thinking and statistical data analysis skills.

General Physical Demands

Sedentary work: Exerting up to 10 pounds of force occasionally to move objects. Jobs are sedentary if traversing activities are required only occasionally.

Physical/Environmental Activities

Must be able to travel to multiple locations for work (i.e. travel to attend meetings, events, conferences). Occasionally

What We Offer:

As a Florida Blue employee, you will thrive in our Be Well, Work Well, GuideWell culture where being well as an individual, and working well as a team, are both important in serving our members and communities.

To support your wellbeing, comprehensive benefits are offered. As an employee, you will have access to:

Medical, dental, vision, life and global travel health insurance;Income protection benefits: life insurance, Short- and long-term disability programs;Leave programs to support personal circumstances;Retirement Savings Plan includes employer contribution and employer match;Paid time off, volunteer time off, 10 holidays and two flexible Well-Being daysAdditional voluntary benefits available; andA comprehensive wellness program


Employee benefits are designed to align with federal and state employment laws. Benefits may vary based on the state in which work is performed. Benefits for intern, part-time and seasonal employees may differ.

To support your financial wellbeing, we offer competitive pay as well as opportunities for incentive or commission compensation. We also conduct regular annual reviews with pay for performance considerations for base pay increases.

Annualized Salary Range: $57,200 - $93,000

Typical Annualized Hiring Range: $57,200 - $71,500

Final pay will be determined with consideration of market competitiveness, internal equity, and the job-related knowledge, skills, training, and experience you bring.

We are an Equal Opportunity/Protected Veteran/Disabled Employer committed to creating a diverse, inclusive and equitable culture for our employees and communities.",93000.0,YEARLY,United States,239879.0,15.0,,57200.0,Full-time,2.0,1713478649000.0,1.0,https://www.linkedin.com/jobs/view/3903844013/?trk=jobs_biz_prem_srch,https://careers.floridablue.com/us/en/job/34037/Telesales-Business-Analyst,OffsiteApply,1716072936000.0,,Mid-Senior level,,1713480936000.0,careers.floridablue.com,0,FULL_TIME,USD,BASE_SALARY,75100.0,,
3903845884,Amazon,"Business Analyst Manager, Visual Innovation Services","Description

The Visual Innovation Team (VIT) helps build the world’s best online shopping experience through immersive photography, videography, and cutting edge virtual and augmented reality content. VIT is a large and fast-growing network of teams, focusing on content creation and standards across a diverse set of product categories. We are obsessed with innovating on behalf of our customers, and are continuously pushing the boundaries of the e-commerce experience.

We are seeking a Business Analyst Manager for our Product, Programs, and Analytics team (PPA). This role will be responsible for managing a team of business analysts, developing roadmaps to streamline access to business KPIs, and support projects that improve operational efficiency and or enable strategic shifts in our business model. The ideal candidate can balance data and customer anecdotes to influence decisions, has experience leading others, and dives deep into problems while distilling findings into concise action plans understood by a broad range of individuals.

Key job responsibilities

 Manage a team of business analysts responsible for ensuring key business decision data is accurate, automated and delivered in a timely fashion. Develop and influence roadmaps to improve data access and ease of deriving business insights to make tactical and strategic decisions. Work with partner teams to define business metrics/goals Manage end-to-end projects as needed

About The Team

The VIT PPA team is responsible for the development and continuous improvement of Content Creation workflows, tooling, and reporting that support our global operations, as well as dictating the organization’s adherence to Financial and Business Excellence best practices. We partner closely with production, workflow, reporting, corporate finance, and CX partner teams to ensure we are able to deliver internally and externally produced content at scale, on time, and at the required quality.

We are open to hiring candidates to work out of one of the following locations:

New York, NY, USA | Seattle, WA, USA

Basic Qualifications

 5+ years relevant experience in program management/business analysis 3+ years people management experience Experience defining requirements and using data and metrics to draw business insights Experience making business recommendations and influencing stakeholders Experience in Excel

Preferred Qualifications

 Ability to communicate to a broad range of stakeholders Ability to work autonomously Effectively escalates to unblock as necessary Experience with Tableau, Quicksight, or other visualization platforms Experience with SQL Experience with Agile Sprint methodology

Amazon is committed to a diverse and inclusive workplace. Amazon is an equal opportunity employer and does not discriminate on the basis of race, national origin, gender, gender identity, sexual orientation, protected veteran status, disability, age, or other legally protected status. For individuals with disabilities who would like to request an accommodation, please visit https://www.amazon.jobs/en/disability/us.

Our compensation reflects the cost of labor across several US geographic markets. The base pay for this position ranges from $114,300/year in our lowest geographic market up to $212,600/year in our highest geographic market. Pay is based on a number of factors including market location and may vary depending on job-related knowledge, skills, and experience. Amazon is a total compensation company. Dependent on the position offered, equity, sign-on payments, and other forms of compensation may be provided as part of a total compensation package, in addition to a full range of medical, financial, and/or other benefits. For more information, please visit https://www.aboutamazon.com/workplace/employee-benefits. This position will remain posted until filled. Applicants should apply via our internal or external career site.


Company - Amazon.com Services LLC

Job ID: A2617364",212600.0,YEARLY,"New York, United States",1586.0,5.0,,114300.0,Full-time,,1712793600000.0,,https://www.linkedin.com/jobs/view/3903845884/?trk=jobs_biz_prem_srch,https://www.amazon.jobs/jobs/2617364/business-analyst-manager-visual-innovation-services?cmpid=SPLICX0248M&utm_source=linkedin.com&utm_campaign=cxro&utm_medium=social_media&utm_content=job_posting&ss=paid,OffsiteApply,1716077662000.0,,Mid-Senior level,,1713485662000.0,www.amazon.jobs,0,FULL_TIME,USD,BASE_SALARY,163450.0,,
3903873373,BLUEBERRY STAFFING LLC,Business Analyst,"Role Description This is a full-time remote role for a Business Analyst. The Business Analyst will be responsible for analyzing business processes, gathering and documenting business requirements, and communicating effectively with stakeholders. The role will involve day-to-day tasks such as conducting business analysis, documenting system requirements, facilitating meetings, and creating process flows.
Qualifications Analytical Skills, Business Analysis, and Business Process knowledgeStrong communication skills, including the ability to effectively communicate with stakeholdersExperience in gathering and documenting business requirementsAttention to detail and the ability to create thorough documentationAbility to work independently and remotelyExperience in the staffing industry is a plusBachelor's degree in Business Administration, Information Systems, or related field",,,United States,101331233.0,3.0,,,Full-time,,1713489894000.0,1.0,https://www.linkedin.com/jobs/view/3903873373/?trk=jobs_biz_prem_srch,,SimpleOnsiteApply,1716081894000.0,,,,1713489894000.0,,0,FULL_TIME,,,,,
3903875930,Cardinal Health,Quality Business Analyst - Nationwide,"What Quality Business Analysis contributes to Cardinal HealthCommercial Technologies manages the enterprise's portfolio of commercial technologies to maximize the business value of the technologies and enhance the customer experience. This function creates strategies for the portfolio and innovative solutions based on relationships with business leaders, develops back-end solutions and capabilities, and improves the front-end experience.Responsibilities Serves as a liaison between the business and IT to align product strategies and capabilities, also providing technical business specifications to IT. Identifies and analyzes product needs, defines requirements, objectives, and participates in the solutions making processQualifications2-4 years experience preferredBA, BS or equivalent experience in related field preferredPharmacy Experience preferredCRM and Pharmacy Systems intermediate knowledgeWhat is expected of you and others at this levelApplies working knowledge in the application of concepts, principles and technical capabilities to perform varied tasksWorks on projects of moderate scope and complexityIdentifies possible solutions to a variety of technical problems and takes action to resolveApplies judgment within defined parametersReceives general guidance and may receive more detailed instruction on new projectsWork reviewed for sound reasoning and accuracyAnticipated salary range: $66,500-$85,500Bonus eligible: NoBenefits: Cardinal Health offers a wide variety of benefits and programs to support health and well-being.Medical, dental and vision coveragePaid time off planHealth savings account (HSA)401k savings planAccess to wages before pay day with myFlexPayFlexible spending accounts (FSAs)Short- and long-term disability coverageWork-Life resourcesPaid parental leaveHealthy lifestyle programsApplication window anticipated to close: 06/18/2024 *if interested in opportunity, please submit application as soon as possible.Candidates who are back-to-work, people with disabilities, without a college degree, and Veterans are encouraged to apply.

Cardinal Health supports an inclusive workplace that values diversity of thought, experience and background. We celebrate the power of our differences to create better solutions for our customers by ensuring employees can be their authentic selves each day. Cardinal Health is an Equal Opportunity/Affirmative Action employer. All qualified applicants will receive consideration for employment without regard to race, religion, color, national origin, ancestry, age, physical or mental disability, sex, sexual orientation, gender identity/expression, pregnancy, veteran status, marital status, creed, status with regard to public assistance, genetic status or any other status protected by federal, state or local law.",85500.0,YEARLY,"Illinois, United States",2162.0,4.0,,66500.0,Full-time,,1713496117000.0,1.0,https://www.linkedin.com/jobs/view/3903875930/?trk=jobs_biz_prem_srch,https://jobs.cardinalhealth.com/search/jobdetails/quality-business-analyst/291b7f93-17ab-4161-b226-02be3fd36632?utm_campaign=linkedin_paid&utm_medium=paid_job_board&source=LinkedIn&utm_source=linkedin,OffsiteApply,1716088962000.0,,Entry level,,1713496962000.0,jobs.cardinalhealth.com,0,FULL_TIME,USD,BASE_SALARY,76000.0,,
3903880514,Cardinal Health,Quality Business Analyst - Nationwide,"What Quality Business Analysis contributes to Cardinal HealthCommercial Technologies manages the enterprise's portfolio of commercial technologies to maximize the business value of the technologies and enhance the customer experience. This function creates strategies for the portfolio and innovative solutions based on relationships with business leaders, develops back-end solutions and capabilities, and improves the front-end experience.Responsibilities Serves as a liaison between the business and IT to align product strategies and capabilities, also providing technical business specifications to IT. Identifies and analyzes product needs, defines requirements, objectives, and participates in the solutions making processQualifications2-4 years experience preferredBA, BS or equivalent experience in related field preferredPharmacy Experience preferredCRM and Pharmacy Systems intermediate knowledgeWhat is expected of you and others at this levelApplies working knowledge in the application of concepts, principles and technical capabilities to perform varied tasksWorks on projects of moderate scope and complexityIdentifies possible solutions to a variety of technical problems and takes action to resolveApplies judgment within defined parametersReceives general guidance and may receive more detailed instruction on new projectsWork reviewed for sound reasoning and accuracyAnticipated salary range: $66,500-$85,500Bonus eligible: NoBenefits: Cardinal Health offers a wide variety of benefits and programs to support health and well-being.Medical, dental and vision coveragePaid time off planHealth savings account (HSA)401k savings planAccess to wages before pay day with myFlexPayFlexible spending accounts (FSAs)Short- and long-term disability coverageWork-Life resourcesPaid parental leaveHealthy lifestyle programsApplication window anticipated to close: 06/18/2024 *if interested in opportunity, please submit application as soon as possible.Candidates who are back-to-work, people with disabilities, without a college degree, and Veterans are encouraged to apply.

Cardinal Health supports an inclusive workplace that values diversity of thought, experience and background. We celebrate the power of our differences to create better solutions for our customers by ensuring employees can be their authentic selves each day. Cardinal Health is an Equal Opportunity/Affirmative Action employer. All qualified applicants will receive consideration for employment without regard to race, religion, color, national origin, ancestry, age, physical or mental disability, sex, sexual orientation, gender identity/expression, pregnancy, veteran status, marital status, creed, status with regard to public assistance, genetic status or any other status protected by federal, state or local law.",85500.0,YEARLY,"California, United States",2162.0,8.0,,66500.0,Full-time,1.0,1713496116000.0,1.0,https://www.linkedin.com/jobs/view/3903880514/?trk=jobs_biz_prem_srch,https://jobs.cardinalhealth.com/search/jobdetails/quality-business-analyst/291b7f93-17ab-4161-b226-02be3fd36632?utm_campaign=linkedin_paid&utm_medium=paid_job_board&source=LinkedIn&utm_source=linkedin,OffsiteApply,1716088962000.0,,Entry level,,1713496962000.0,jobs.cardinalhealth.com,0,FULL_TIME,USD,BASE_SALARY,76000.0,,
3904004893,Cloobot Inc.,Business Analyst,"Company DescriptionCloobot Inc. is the creator of Cloobot X, a Gen AI-assisted Workflow Builder that enables the creation of custom workflow solutions through iterative natural language conversations. Our cutting-edge technology helps businesses streamline their processes and improve overall efficiency.
Job DescriptionDoes working in a young rapidly growing startup excite you?Do you love working independently and taking complete ownership of your work?Do you love interacting with people, understanding their challenges & playing the role of a problem solver?
We are seeking a detail-oriented and strategically-minded Business Analyst to join our team. As a Business Analyst, you will be crucial in enhancing our business processes and systems. You will work closely with cross-functional teams to analyze business needs, develop strategies, and implement solutions that drive success. 
Responsibilities:
Business Requirements Gathering and Solution Design:· Collaborate closely with business teams to understand their requirements and challenges.· Utilize Cloobot X to create Business Requirement Documents (BRDs) and design custom workflow applications.· Translate business needs into technical specifications for the development team.
Project Coordination and Execution:· Serve as the primary point of contact between business stakeholders and the development team.· Coordinate project timelines, deliverables, and resources to ensure successful implementation of solutions.· Conduct user acceptance testing (UAT) and provide support during deployment and post-implementation phases.
Continuous Improvement and Innovation:· Stay abreast of Cloobot X capabilities and emerging trends in workflow automation.· Identify opportunities for process optimization and enhancement to drive business value.· Champion a culture of innovation and continuous improvement within the organization.
Qualifications· Proven experience in gathering business requirements and designing workflow solutions.· Strong analytical and problem-solving skills.· Excellent communication and stakeholder management abilities.· Proficiency in SQL, Excel, and business intelligence tools.· Minimum of 4 years of experience in a business analysis role within an IT environment.",,,United States,28725265.0,3.0,,,Full-time,,1713502999000.0,1.0,https://www.linkedin.com/jobs/view/3904004893/?trk=jobs_biz_prem_srch,,ComplexOnsiteApply,1716094999000.0,,,,1713502999000.0,,0,FULL_TIME,,,,,
3904055737,Cloobot Inc.,Business Analyst,"Company DescriptionCloobot Inc. is the creator of Cloobot X, a Gen AI-assisted Workflow Builder that enables the creation of custom workflow solutions through iterative natural language conversations. Our cutting-edge technology helps businesses streamline their processes and improve overall efficiency.
Job DescriptionDoes working in a young rapidly growing startup excite you?Do you love working independently and taking complete ownership of your work?Do you love interacting with people, understanding their challenges & playing the role of a problem solver?
We are seeking a detail-oriented and strategically-minded Business Analyst to join our team. As a Business Analyst, you will be crucial in enhancing our business processes and systems. You will work closely with cross-functional teams to analyze business needs, develop strategies, and implement solutions that drive success. 
Responsibilities:
Business Requirements Gathering and Solution Design:· Collaborate closely with business teams to understand their requirements and challenges.· Utilize Cloobot X to create Business Requirement Documents (BRDs) and design custom workflow applications.· Translate business needs into technical specifications for the development team.
Project Coordination and Execution:· Serve as the primary point of contact between business stakeholders and the development team.· Coordinate project timelines, deliverables, and resources to ensure successful implementation of solutions.· Conduct user acceptance testing (UAT) and provide support during deployment and post-implementation phases.
Continuous Improvement and Innovation:· Stay abreast of Cloobot X capabilities and emerging trends in workflow automation.· Identify opportunities for process optimization and enhancement to drive business value.· Champion a culture of innovation and continuous improvement within the organization.
Qualifications· Proven experience in gathering business requirements and designing workflow solutions.· Strong analytical and problem-solving skills.· Excellent communication and stakeholder management abilities.· Proficiency in SQL, Excel, and business intelligence tools.· Minimum of 4 years of experience in a business analysis role within an IT environment.",,,United States,28725265.0,8.0,,,Full-time,1.0,1713514849000.0,1.0,https://www.linkedin.com/jobs/view/3904055737/?trk=jobs_biz_prem_srch,,ComplexOnsiteApply,1716106849000.0,,,,1713514849000.0,,0,FULL_TIME,,,,,
3904072237,CDW,Business Analyst – Cloud Managed Services - Digital Velocity,"The Cloud Managed Services Business Analyst will play a pivotal role in facilitating the presales process, post sales process, and performing financial analyses. With a solid background in IT, along with a deep understanding of sales and IT operations, this individual will collaborate closely with CDW sales teams, technical presales teams, and back office operations.

The ideal candidate should be comfortable engaging with management at all levels to gain a deep understanding of our strategy and services. They will offer clients technical solutions, engage in discussions about their technical requirements, and actively participate in implementing technical solutions while adhering to industry best standards and practices.

This role works in a quality, professional manner to complete project responsibilities on time and on budget, resulting in high client satisfaction.

Primary Duties & Responsibilities

Performs a variety of billable consulting activities in support of clients’ objectives, which may include, but are not limited to:Pre and Post Sales Process ManagementApplication Administration and ConfigurationProcess ImprovementMarketing technology consultingData EngineeringDatabase AdministratioDocumentationReport development & VisualizationBusiness analysis and requirements gatheringData Analytics

Escalates technical questions and issues to more senior personnel as needed; asks for needed guidance to perform job responsibilitiesAchieves high levels of Client Satisfaction on all consulting engagements by executing to achieve client project expectations set by technical leads and project managersDocuments completed technical work for clientsMaintains technical specifications throughout a projectReviews and understands all assigned Statement of Work (SOW) obligations prior to services deliveryComplies with all time compliance and time entry guidelinesMeets billable utilization targetsTraining/Certifications: Attends training sessions or shadowing activities, and obtains industry related certifications as determined by managementAdministrative Overhead – Responds to email, phone calls, completes timecards in a timely manner, expense reports and status reports as required 

Basic Qualifications

Bachelor’s degree in Computer Science, Management Information Systems, Information Technology, Engineering, Mathematics, or a related fieldAt least six (6) months of related work experience dealing with Data solutions. 


Other Required Qualifications

2+ years of experience in service management, service delivery, or related fields.At least 1 year of experience with cloud managed services platforms, preferably ServiceNow.Demonstrated ability to collaborate effectively with a wide variety of client and CDW team members, including management and technical staffStrong analytical and problem-solving skills.Proficiency in presenting complex concepts to diverse audiences.Experience in business process optimization via technology and integration.Ability to travel up to 25% of the time.Demonstrated ability to implement and troubleshoot application systems and configurations in the designated practice using procedures, scripts, and templatesDemonstrated understanding of core business functions of a typical company, and ability to employ step by step logic to solve business problemsDemonstrated ability to acquire further technical and consulting skillsDemonstrated verbal and written communication skillsDemonstrated ability to multitask and prioritize workloadDemonstrated customer service skillsDemonstrated ability to investigate problems and utilize problem solving techniquesDemonstrated ability to establish positive working relationships and work as a team player in a consulting environmentDemonstrated ability to be resourceful in working with disparate client and internal departments to deliver meaningful solutions 


Preferred Qualifications

Degree or equivalent experience in Computer Science or Information Technology.Technical consulting experience with a focus on client-facing solutions involving enterprise software.


Essential Functions

The position exists to provide technical consulting solutions to customers and as such requires the ability to travel to and from customer sites and interact with customers on an ongoing and regular basis.

The above primary duties, responsibilities, and position requirements are not all inclusive.",,,United States,3334.0,4.0,,,Full-time,,1713398400000.0,1.0,https://www.linkedin.com/jobs/view/3904072237/?trk=jobs_biz_prem_srch,https://jsv3.recruitics.com/redirect?rx_cid=3031&rx_jobId=24001228&rx_url=https%3A%2F%2Fwww.cdwjobs.com%2Fjobs%2F14264193-business-analyst-cloud-managed-services-digital-velocity%3Fbid%3D370%26rx_campaign%3DLinkedin1%26rx_ch%3Dconnector%26rx_group%3D110011%26rx_job%3D24001228%26rx_medium%3Dpost%26rx_r%3Dnone%26rx_source%3DLinkedin%26rx_ts%3D20240419T064817Z%26rx_vp%3Dslots%26tm_company%3D2376%26tm_event%3Dview%26tm_job%3D24001228,OffsiteApply,1716113276000.0,,Mid-Senior level,,1713521276000.0,jsv3.recruitics.com,0,FULL_TIME,,,,,
3904086555,Datasys Consulting and Software Inc.,Financial Business Analyst With Regulatory Report Exp.,"Job Description: Title : Financial Business AnalystLocation: New JerseyWork Mode: Remote  We are seeking a highly skilled and motivated Financial Analyst specializing in regulatory reporting to join our team. The ideal candidate will have a strong understanding of financial principles, regulatory requirements, and reporting standards. The role involves analyzing financial data, ensuring compliance with regulatory guidelines, and providing insights to support strategic decision-making. Experience preparing and delivering financial statements and regulatory reports in the financial services industry, a Bank Holding Company or similar.Experience conducting research and preparing business and operational financial analysisStrong knowledge of Generally Accepted Accounting Principles (GAAP).Experience preparing and delivering holding company regulatory reports.Experience in the use of Axiom.In-depth familiarity with regulatory frameworks such as Dodd-Frank, Basel III, and reporting regulations.Master’s degree in Finance, accounting, or Business Administration (MBA)8+ years of exp is required.. Benefits  401K contributionHealth InsuranceDentalVisionPaid Time-off
",,,"New Jersey, United States",5156208.0,4.0,,,Full-time,,1713530475000.0,1.0,https://www.linkedin.com/jobs/view/3904086555/?trk=jobs_biz_prem_srch,,ComplexOnsiteApply,1716122475000.0,,,,1713530475000.0,,0,FULL_TIME,,,,,
3904360773,Crescens Inc., SharePoint Business Analyst,"Job Title: SharePoint Product Specialist / SharePoint Business AnalystLocation: Raleigh NC (Remote)Duration: 6+ MonthsType: Contract
Notes: Remote
Job Description:Client is seeking a SharePoint Product Specialist contractor for a 6-month engagement for the as a SharePoint Product Specialist.This person will be responsible for business analysis and solution design in support of SharePoint sites and Lists, and utilize Power Automate to create solutions.This person will also perform quality assurance testing, coordinate test validation and rollout for these projects, ensuring customers are informed & trained, sufficient help & training materials are created and delivered, and that operational support is arranged.This individual should have experience with standard business analysis processes, quality assurance testing as well as experience with business process transformation.The individual must be knowledgeable and experienced with project management, product ownership and the system development life cycle.This individual must have proven SharePoint experience with designing custom Microsoft SharePoint lists, libraries & content types as well as Power Automate.Design SharePoint and web-based solutions to support Operations and Maintenance business processesBreak down design into clearly defined, manageable work items for the development team • Prioritize and track progress on work items and deliverablesEnsure work items and deliverables are scheduled, completed, and delivered to the clients on time and with high quality & excellent, usable documentation.Document the program and project deliverables as assignedCoordinate with clients to implement re-engineered business processesTest SharePoint and web-based content management deliverables as required to support the re-engineered business processesDraft and deliver training materials for changed business processes and IT applicationsConsult with clients to prototype, refine, test, and debug applications and processes to meet needs Provide quality control for program and project deliverablesProvide guidance to team membersRequired Skills:Proven experience as a Business AnalystSharePoint experience with designing custom Microsoft SharePoint lists, libraries, and content types and JSONDesigning and testing SharePoint and web-based content management solutionsStrong analytical and conceptual skillsPositive interpersonal skillsStrong written and verbal communication skills, including ability to explain business processes to IT users and IT applications to business usersExcellent organizational and presentation skillsStrong Microsoft Suite experience (e.g., Outlook, Word, Excel, PowerPoint, Teams)Proven experience evaluating business processes and re-engineeringProven experience writing clear and concise technical training materials and other user documentationProven knowledge of application development life cycle
Skills:Proven experience as a Business AnalystSharePoint experience with designing custom Microsoft SharePoint lists, libraries, and content types and JSONDesigning and testing SharePoint and web-based content management solutionsStrong written and verbal communication skills, including ability to explain business processes to IT users and IT applications to business usersStrong Microsoft Suite experience (e.g., Outlook, Word, Excel, PowerPoint, Teams)Proven experience evaluating business processes and reengineeringProven experience writing clear and concise technical training materials and other user documentationProven knowledge of application development life cycle",,,United States,2601226.0,147.0,,,Contract,37.0,1713388618000.0,1.0,https://www.linkedin.com/jobs/view/3904360773/?trk=jobs_biz_prem_srch,,ComplexOnsiteApply,1715980618000.0,,Mid-Senior level,,1713388618000.0,,0,CONTRACT,,,,,
3904361680,Aon,Business Analyst,"Aon is looking to fill a Business Analyst role!

As part of an industry-leading team, you will help empower results for our clients by delivering innovative and effective solutions supporting Inpoint, virtually while traveling nationwide!

Role Responsibilities

40-50% domestic travel during slower times and 50-75% during various peaks.

Participate as a team member on claims consulting projects

Responsible for assistance to project manager and team in defining solutions and developing recommendations and implementation plans

Assist project manager and delivery team in defining solutions and developing recommendations and implementation plans

Work and partner with clients to implement Inpoint’s claims solutions and interpret complex sets of client data, developing data workflows and mapping for extensive quantitative analysis on claims financial, quality, and performance data.

Construct client deliverables as they align with Inpoint’s goals and client expectations and willingness to learn industry level claims knowledge

To Be Qualified for This Role:

Bachelor's degree in business/management, mathematics, economics, or related fieldMinimum of 3-5 years of insurance claims experienceData handling and analytics, specifically with Excel PowerQuery and other third party database platformsProficiency with Microsoft Office products (Word, Excel, PowerPoint, Outlook)Effective verbal and written communication skillsAbility to work through complex issues utilizing data analytics and come up with various solutions to be able to present

Desired Skills (Not required, but will set you apart from others qualified):

Advanced degree (MA, MS, MBA) Third-party data platform experience (CCC, Xactimate)Experience and/or established interest in business strategy, process improvement, technology and analysis related to Financial Services or Property and Casualty claimsProficiency in analytical software such as SAS, SQL, Python, R, etc.Exposure to visualization software Qlik Sense, Tableau, Power BI

We will ensure that individuals with disabilities are provided reasonable accommodation to participate in the job application or interview process, to perform essential job functions, and to receive other benefits and privileges of employment. Please contact us to request accommodation.

We offer you

A competitive total rewards package, continuing education & training, and tremendous potential with a growing worldwide organization.

Our Colleague Experience:

From helping clients gain access to capital after natural disasters, to creating access to health care and retirement for millions, Aon colleagues empower results for our clients, communities, and each other every day. They make a difference, work with the best, own their potential, and value one another. This is the Aon Colleague Experience, defining what it means to work at Aon and realizing our vision of empowering human and economic possibility. To learn more visit Aon Colleague Experience.

About Aon:

Aon plc (NYSE:AON) is a leading global professional services firm providing a broad range of risk, retirement and health solutions. Our 50,000 colleagues in 120 countries empower results for clients by using proprietary data and analytics to deliver insights that reduce volatility and improve performance.

Aon provides equal employment opportunities (EEO) to all employees and applicants for employment without regard to race, color, religion, creed, sex, sexual orientation, gender identity, national origin, age, disability, veteran, marital, or domestic partner status. Aon is committed to a diverse workforce and is an affirmative action employer.

Nothing in this job description restricts management's right to assign or reassign duties and responsibilities to this job at any time.

2507221",,,"Illinois, United States",2041.0,80.0,,,Full-time,20.0,1711229545000.0,,https://www.linkedin.com/jobs/view/3904361680/?trk=jobs_biz_prem_srch,https://us-careers-aon.icims.com/jobs/54732/login?mode=apply&iis=Job+Board&iisn=LinkedIn,OffsiteApply,1715982439000.0,,Associate,,1713390439000.0,jobs.aon.com,0,FULL_TIME,,,,,
3904362489,ISITE TECHNOLOGIES,Business Analyst,"JOB : Business AnalystEXPERIENCE : 10 YEARSLOCATION : RemoteCONDITIONS : TX locals onlyVISA STATUS : ANY VISA SKILLS : Experience as a Business Analyst on PeopleSoft Financials and Supply Chain Management (FSCM), PeopleSoft FSCM 9.2 General Ledger and Commitment Accounting,eProcurement, Strategic Sourcing, Supplier Contracts, PeopleSoft Approval Workflow Engine (AWE)Experience in performing hands-on end-to-end system integration and external interface testingExperience with Microsoft O365 applications (Word, Excel, PowerPoint, Visio), MS Team, SharePoint, jira, Scrum framework",,,"Texas, United States",71607371.0,91.0,,,Contract,23.0,1713389411000.0,1.0,https://www.linkedin.com/jobs/view/3904362489/?trk=jobs_biz_prem_srch,,ComplexOnsiteApply,1715981411000.0,,,,1713389411000.0,,0,CONTRACT,,,,,
3904388641,Unified Women's Healthcare,Data Analyst- Business Intelligence,"Overview

Lucina Analytics, a partner of Unified Women's Healthcare, is a data-driven, enterprise SaaS company that delivers the leading women’s maternity analytics platform to innovative health plans, providers, and public entities.

The Lucina Business Intelligence Data Analyst has responsibility for analyzing healthcare data and building reports and dashboards that support Lucina’s clients, both internal and external, in managing maternity population. This position reports to the Senior Manager, Data Analytics for Lucina.

Responsibilities

Build dashboards to monitor daily production data and quality of algorithm results for assigned clients’ maternity populations.Understand reporting requirements for assigned clients and design dashboards to meet their needs and help manage inventory to optimize results.Work with clinical operations to understand and develop key indicator reporting.Support development and integration testing for algorithm logic enhancements, new products/services, and new technology applications.Review exception cases to determine status of maternity episodes and address client inquiries.

Qualifications

Advanced SQL knowledge and experience working with relational databases and data warehouses such as SQL Server, Oracle, Postgres or similarExperience analyzing and working with healthcare data preferably claims dataProficiency with Power BI, Power Query, and DAXExperience with Databricks a plus but not requiredExperience with CI/CD principles a plus but not requiredExperience with Python a plus but not requiredExperience with AWS and Azure cloud environment experience a plus but not requiredStrong communication skills with ability to work across internal and external teams",,,"Florida, United States",14806044.0,469.0,,,Full-time,69.0,1713393879000.0,1.0,https://www.linkedin.com/jobs/view/3904388641/?trk=jobs_biz_prem_srch,https://careers.unifiedwomenshealthcare.com/jobs/6900?lang=en-us&iis=Job%20Board&iisn=LinkedIn,OffsiteApply,1715986570000.0,,,,1713394570000.0,careers.unifiedwomenshealthcare.com,0,FULL_TIME,,,,,
3904391392,PAR Technology,Business Analyst - FinOps R&D,"Hi there! We’re PAR and our purpose is:

To deliver solutions that connect people to the restaurants, meals and moments they love.

We take that responsibility very seriously. As a leading provider of technology to the top restaurant brands in the world we’re calling all rebels, instigators, idealists and builders to join our constantly growing team!

PAR invented the first standalone point of sale terminal over 40 years ago, yet we operate much like a start-up at the forefront of restaurant technology. Today, our solutions span Customer loyalty, engagement, restaurant management, payment services, drive-thru, and full POS integrations. These solutions are used to serve tens of millions of guests every day in over 120 countries.

Our mission is to build the number one restaurant technology company in the world and we’re off to great start.

We believe that our ambition is only limited by our ability to attract and retain great people; people who are up for the challenge to change the game with us! If it sounds like you belong here, we should meet!

Position Description

We are seeking an enthusiastic and detail-oriented Business Analyst to join our R&D team, reporting directly to the Director of Business Operations. You will be partnering very closely with our engineering leaders, finance, and HR teams to optimize how we collect and report on R&D operational efficiency and key financial metrics. You are someone who will roll up your sleeves and dig into the details of our engineering and hosting cost across the entire PAR product portfolio and translate/present your findings and recommendations to the senior leadership team. This role will allow you to work cross functionally and get exposure to the senior leadership at PAR as well as to the different business units.

Position Location

Remote

Pay Band

The base salary range for this position is $95,300 to $120,000 USD per year commensurate with work location, experience, skills, certifications, education and prior accomplishments. This position may be eligible for additional compensation including a bonus, commission and/or equity as applicable.

What We’re Looking For

Expertise in FinOps: Demonstrated knowledge and experience in financial operations, with a focus on optimizing costs and maximizing efficiency within a SaaS environment.Familiarity with agile methodologies and project management software (e.g., Jira, Asana).Innovative thinker with a passion for technology and its application in the restaurant industry.Strong Data Analytics experience: Proficiency in analyzing and interpreting financial data and extracting actionable insights.Strategic Problem-Solving: Ability to identify complex issues, develop creative solutions, and drive implementation to achieve business objectives.Collaborative Team Player: Adept at working collaboratively in cross-functional teams, with a focus on achieving collective goals and driving results with minimal guidance. Strong interpersonal skills with the ability to engage effectively with diverse stakeholder groups.Attention to Detail: Meticulous attention to detail, with a focus on ensuring accuracy and precision whiles not losing sight of the bigger picture objectives.Continuous Learning: Eagerness to stay updated on industry trends, technologies, and best practices through continuous learning and professional development.Organizational Skills: Strong organizational and time management skills, with the ability to prioritize tasks effectively and meet deadlines in a dynamic environment.Effective Communication: Strong verbal and written communication skills, with the ability to convey technical concepts to a variety of internal stakeholders. Ability to clearly communicate limitations or roadblocks and address these proactively.

What You Will Do And Be Responsible For

Financial Analysis: Utilize your expertise in data analysis, Financial reporting and FinOps to optimize financial processes and drive strategic decision making within the R&D department.Operational Metrics Reporting: Develop operational metrics for the R&D leadership team, the Executive leadership team and the Board of Directors of PAR, based on financial data and R&D specific inputs across our suite of products to inform our business decisions. Present these insights in an effective and succinct way with a focus on actionability and ensure these are reviewed on a regular basis.Stakeholder Communication: Engage with stakeholders at all levels, including the FP&A team and R&D leadership, to communicate complex and detailed financial and operational concepts effectively.Process Improvement: Continuously identify areas for process improvement and optimization. Use data-driven insights to make recommendations and drive continuous enhancements within the R&D department.Risk Management: Identify potential risks related to cost management and efficiency within the R&D department. Develop mitigation recommendations and strategies to ensure the R&D team meets their goals.Collaboration with Development Teams: Work closely with software developers and engineers to understand how technical aspects of our solutions align with business objectives.

Why We Need You (Skill And Abilities)

We are looking for the following skillset and abilities to succeed in this position.

Own the creation of project requirement documentation for projects you are assigned toAssist business stakeholders in translating requirements into a concise list of tasks and realistic timelineWork across multiple departments to ensure project requirements account for all impacted business units

Who We Are

At PAR, we believe we will win or lose, through the culture we build.

Our culture is built on 4 values.

Speed – we are the kind of people who do not wait for the elevatorOwnership – we want owners, not rentersFocus – success is built from focusing on what matters mostWinning Together – for PAR to win, we need our customers, our employees, our suppliers, our shareholders, and our community to succeed

We believe by committing to these values (and more) we can build a cultural spirit that, combined with our products, will create years of long-term success.

PAR is proud to provide equal employment opportunities to all qualified applicants for employment without regard to race, color, religion, sex (including pregnancy), sexual orientation, gender identity, national origin, ethnicity, age, disability, citizenship, genetic information, status as a protected veteran, marital status, or any other protected characteristic under applicable laws.

PAR is proud to provide equal employment opportunities (EEO) to all employees and applicants for employment without regard to race, color, religion, sex, national origin, age, disability or genetics. We also provide reasonable accommodations to individuals with disabilities in accordance with applicable laws. If you require reasonable accommodation to complete a job application, pre-employment testing, a job interview or to otherwise participate in the hiring process, or for your role at PAR, please contact par_leave@partech.com. If you’d like more information about your EEO rights as an applicant, please visit the US Department of Labor's website.",,,United States,12540.0,90.0,,,Full-time,19.0,1713312000000.0,1.0,https://www.linkedin.com/jobs/view/3904391392/?trk=jobs_biz_prem_srch,https://partech.com/careers/7337147002?gh_jid=7337147002,OffsiteApply,1715986368000.0,,Mid-Senior level,,1713394368000.0,partech.com,0,FULL_TIME,,,,,
3904426048,EnergyHub,Senior Data Analyst,"EnergyHub empowers utilities and their customers to create a clean, distributed energy future. We help consumers turn their smart thermostats, EVs, batteries, and other products into virtual power plants that keep the grid stable and enable higher penetration of solar and wind power.

In order to transform that data into valuable solutions for the energy industry, EnergyHub seeks to hire a Senior Data Analyst to join the team in developing best-in-class visualizations and reporting systems for massive amounts of data from smart devices being managed by us and our clients with the goal of grid decarbonization. Your work will enable both internal and external users to develop a deep understanding of how EnergyHub’s software platform solves real-world energy challenges by building and managing virtual power plants (VPPs). The ideal candidate for this role is passionate about data analytics and seeks to apply their skills towards solving the climate crisis.

Main Responsibilities

You will help further develop the Business Intelligence (BI) / data analytics system within EnergyHub’s platform, including designing and building dashboards and reports and developing and maintaining data models and data quality procedures to ensure accuracy and timeliness of data.You will collaborate with engineering teams, data scientists, product managers and client success managers to help develop business logic and detailed system requirements and to help identify and answer research questions of interest to the company and our clients.You will become an expert in smart device data and the aggregation of such into VPPs; including that of electric vehicles, smart thermostats, EV chargers, batteries, solar inverters, etc.Other duties as assigned


Key Skills And Experience

You are passionate about finding valuable insights in large, complex datasets3+ years of experience as a data analyst and have previously worked in a multi-person business intelligence teamWhen you can’t find the data that you need, you are creative enough to infer and/or generate the data needed from other information that is availableYou are skilled at developing analytics dashboards and data visualization that are useful and visually compelling.You have an understanding of and can develop basic statistical models and perform complex data analysis to surface insights or inform decisions.You have experience developing automated reporting systems with business intelligence toolsYou enjoy communicating with others and and developing real relationships with colleagues, clients and external partnersYou are excited about the opportunities of working with very large datasets from disparate sourcesYou have the ability to describe your ideal analytics schema to data engineering team members and work with them to improve a data warehouseYou are share our vision of a carbon-free distributed energy futureYou are passionate about empowering users through timely, accurate and actionable dataYou are very skilled at using one or more BI tools (e.g. Tableau, Sigma, Looker), cloud data warehouses (e.g. Snowflake, Redshift, Big Query), data transformation frameworks (e.g. dbt), and data science tools (e.g. Python/Jupyter, Julia, R)You have a deep understanding of data warehouse architecture 


Preferred Skills And Experience

Extensive experience with dbt / Snowflake / SQLA strong background in mathematics and statistics in order to provide support to clients who need to understand complex statistics and to collaborate with data scientists who will use the analytics platform for statistical analysis


The salary range for this position is $120,000 - $150,000. Base pay offered may vary depending on location, job-related knowledge, skills and experience.

Why work for EnergyHub?

Collaborate with outstanding people: Our employees work hard, do great work, and enjoy collaborating and learning from each other. Make an immediate impact: New employees can expect to be given real responsibility for bringing new technologies to the marketplace. You are empowered to perform as soon as you join the team!Gain well rounded experience: EnergyHub offers a diverse and dynamic environment where you will get the chance to work directly with executives and develop expertise across multiple areas of the business.Work with the latest technologies: You’ll gain exposure to a broad spectrum of IoT, SaaS and machine learning obstacles, including distributed fault-tolerance, device control optimization, and process modeling to support scalable interaction with disparate downstream APIs. Be part of something important: Help create the future of how energy is produced and consumed. Make a positive impact on our climate.Focus on fun: EnergyHub places high value on our team culture. Happy hours and holiday parties are important to us, but what’s also important is how our employees feel every single day. 


Company Information

EnergyHub is a growing enterprise software company that works with the most forward-thinking companies in smart energy. Our platform lets consumers turn their smart thermostats, electric cars, water heaters, and other products into virtual power plants that keep the grid stable and enable higher penetration of solar and wind power. We work on technology that already provides energy and cost savings to millions of people through partnerships with the most innovative companies in the Internet of Things.

Company Benefits

EnergyHub offers a generous benefits package including 100% paid medical for employees and a 401(k) with employer match. We offer a casual environment, the flexibility to set your own schedule, a fully stocked fridge and pantry, free Citi Bike membership, secure bike rack, gym subsidy, paid parental leave, and an education assistance program.

EnergyHub is an Equal Opportunity Employer

In connection with your application, we collect information that identifies, reasonably relates to or describes you (“Personal Information”). The categories of Personal Information that we may collect include your name, government-issued identification number(s), email address, mailing address, other contact information, emergency contact information, employment history, educational history, and demographic information. We collect and use those categories of Personal Information about you for human resources and other business management purposes, including identifying and evaluating you as a candidate for potential or future employment or future positions, recordkeeping in relation to recruiting and hiring, conducting analytics, and ensuring compliance with applicable legal requirements and Company policies.

Notice To Third Party Agencies:

EnergyHub understands the value of professional recruiting services. However, we are not accepting resumes from recruiters or employment agencies for this position. In the event we receive a resume or candidate referral for this position from a third-party recruiter or agency without a previously signed agreement, we reserve the right to pursue and hire those candidate(s) without any financial obligation to you.",,,United States,595749.0,56.0,,,Full-time,9.0,1711247055000.0,1.0,https://www.linkedin.com/jobs/view/3904426048/?trk=jobs_biz_prem_srch,https://www.energyhub.com/careers/job-listings?gh_jid=7284857002&gh_src=cfdcda8a2us,OffsiteApply,1715999756000.0,,Mid-Senior level,,1713407756000.0,www.energyhub.com,0,FULL_TIME,,,,,
3904706426,Transformation Experts,Product Owner - Business Analyst,"Product Owner - Business Analyst
Position Details:Mode: Remote.Duration: Initial one-year commitment with the possibility of extension.Compensation: $15-20 USD per hour, depending on experience. 160 hours per month.
Essential Requirements:Languages: Proficiency in English and Spanish.Experience: At least 4 years in technology product management and 3 years in Agile Product Ownership, ideally directed at Retail products.Education and Certifications: Certification as a Product Owner (CSPO, PSPO, or higher).Skills: Excellent analytical and problem-solving abilities. Strong communication skills with the ability to manage and coordinate across multifunctional teams. Proven experience in effective backlog management and defining user stories. Ability to manage remote teams and promote an environment of collaboration and continuous improvement.
Responsibilities:Manage and prioritize the Retail product backlog.Translate stakeholder needs into product specifications and requirements.Lead the functional design of the product based on a deep understanding of users and technology.Actively participate in all Agile ceremonies and lead the continuous improvement of the product development process.",,,United States,24791306.0,13.0,,,Contract,1.0,1713562119000.0,1.0,https://www.linkedin.com/jobs/view/3904706426/?trk=jobs_biz_prem_srch,,ComplexOnsiteApply,1716154119000.0,,,,1713562119000.0,,0,CONTRACT,,,,,
3904716716,Golden Pass LNG,PTP - Business Analyst,"Job Details

Level

Experienced

Job Location

Downtown Houston - Houston, TX

Position Type

Full Time

Description

Job Summary / Purpose

Golden Pass LNG is an ExxonMobil (30%) and QatarEnergy (70%) joint venture formed in the early 2000s to import liquefied natural gas. In 2019, the shareholders made a $10B final investment decision for “The Golden Pass LNG Export Project” (GPX) to construct a world-class LNG export facility.

From inception to date, substantially all technology systems and services have been provided by ExxonMobil IT (EMIT). As part of the GPX project, the company launched an IT Enablement initiative to carve out systems from EMIT and establish standalone systems and processes designed specifically for LNG export operations in a green field environment. The IT Enablement initiatives will utilize current cloud technology and Software-as-a-Service to the extent possible. Golden Pass IT professionals will focus on strategic initiatives and business differentiators, manage service providers to maintain systems and perform recurring, tactical tasks.

Golden Pass LNG is in search of an enthusiastic PTP Business Analyst with a strong focus on SAP S/4 Materials Management (MM) and Quality Management (QM), covering functional areas such as Procurement, Warehouse/Inventory, and Quality Management processes. The chosen candidate will be instrumental in refining and advancing our Supply Chain, Quality Management, and Procurement procedures. This role involves active collaboration with cross-functional teams to collect requirements and deploy SAP solutions that support our strategic business objectives.

The Business Analyst will report to the IT SAP Delivery Manager and be the primary liaison between Business stakeholders, End users, the SAP managed service provider, and other technology vendors.

Essential Duties/Key Responsibilities / Functions

Requirements Gathering: Collaborate with stakeholders and end users to gather and document SAP Supply Chain Management functional modules such as Materials Management (MM), Purchasing (Contracting, Purchase Requisition (PR), Purchase Order (PO)), Workflows, Logistics Invoice Verification (LIV), Inventory Management/ Warehouse Management, Contract Management (CM), Lean Services, Business Partner (BP), Vendor Master, Material Master, Service Master, Integration with, Open Text, SAP Plant Maintenance, SAP Finance and Controlling and Fiori Apps related requirements for SAP S/4 implementations, enhancements and Continuous improvements.Process Analysis: Analyze new business processes and changes to existing functionalities, translating user requirements into functional and technical design specifications for processes related to SAP Supply Chain Management functional modules such as Materials Management (MM), Purchasing (Contracting, Purchase Requisition (PR), Purchase Order (PO)), Workflows, Logistics Invoice Verification (LIV), Inventory Management/ Warehouse Management, Contract Management (CM), Lean Services, Business Partner (BP), Vendor Master, Material Master, Service Master, Integration with, Open Text, SAP Plant Maintenance, SAP Finance and Controlling and Fiori Apps related requirements for SAP S/4 implementations, enhancements and Continuous improvements. Identify opportunities for improvement and recommend SAP-based solutions.Solution Design: SAP S/4 Configuration expertise to design SAP Supply Chain Management functional modules such as Materials Management (MM), Quality Management (QM), Purchase Requisition (PR), Purchase Order (PO), Workflows, Contract Management (CM), Lean Services, Invoice Processing (IV), Business Partner (BP), Vendor Master, Material Master, Service Master and Fiori Apps, End-user security roles related solutions that meet business needs, ensuring compliance with best practices. Integration with cross-functional modules such as Finance, OpenText, and Maintenance. Create and maintain comprehensive documentation of SAP configurations, business processes, and training materials.Functional Testing: Work closely with business stakeholders to create and implement comprehensive test plans and scripts. This collaboration aims to ensure the practical validation of SAP Supply Chain Management functional modules, including Materials Management (MM), Quality Management (QM), Purchase Requisition (PR), Purchase Order (PO), Workflows, Contract Management (CM), Lean Services, Logistics Invoice Processing (IV), Business Partner (BP), Vendor Master, Material Master, Service Master, and Fiori Apps. The goal is to verify that these solutions align with business requirements and do not adversely affect the existing production processes while securing end-user roles.User Training: Collaborate with the Change Management team to facilitate smooth transitions and promote user adoption of new processes and technologies. Deliver training and support to end-users for SAP S/4 functionalities related to SAP Supply Chain Management functional modules, including Materials Management (MM), Quality Management (QM), Purchase Requisition (PR), Purchase Order (PO),Workflows, Contract Management (CM), Lean Services, Logistics Invoice Processing (IV), Business Partner (BP), Vendor Master, Material Master, Service Master, Fiori Apps and end-user security roles. Create and maintain comprehensive documentation of SAP configurations, business processes, and training materials.Manage reporting and resolution of issues, risks, and dependencies, proactively identifying potential planning gaps, implementing mitigations to risks, and driving actions to close issues.Work closely with the AMS team to provide timely resolutions for system issues, ensuring the stability and performance of the SAP system.Analyze new business processes and changes to existing functionalities, translating user requirements into functional and technical design specifications. Create and maintain comprehensive documentation of SAP configurations, business processes, and training materials.Review all development efforts that affect existing functionality to understand their integration and process impact. Include other modules or systems necessary to fulfill SCM organization reporting responsibilities.Effectively work with business and IT teams to prioritize and plan the implementation of changes.Interface with client and vendor IT personnel to accomplish assigned deliverables

Qualifications

Minimum Requirements

Minimum Education Is Required For The Position.

Bachelor’s degree in business administration, information technology, or equivalent field experience.

Minimum Experience Required For The Position.

At least 7 years of 2 end-to-end SAP IT Implementation Lifecycle experienceAt least 3 years of SAP S/4 HANA Project Management experienceExperience managing onsite and offshore vendor teams.Functional expertise SAP S/4 Configuration expertise to design SAP Supply Chain Management functional modules such as Materials Management (MM), Quality Management (QM), Purchase Requisition (PR), Purchase Order (PO), Workflows, Contract Management (CM), Lean Services, Invoice Processing (IV), Business Partner (BP), Vendor Master, Material Master, Service Master and Fiori Apps, End-user security roles related solutions that meet business needs, ensuring compliance with best practices. Integration with cross-functional modules such as Finance (FICO), OpenText, and Plant Maintenance (PM).Overall understanding of Warehouse Inventory Management and Plant Maintenance (Maintain to Settle (MTS)) work streams.Strong understanding of integration points between SAP MM and other SAP modules, such as SAP SD, SAP PM, and SAP FI/CO.Experience with SAP MM functionalities, including batch management, serial number management, vendor consignment, and third-party subcontract processing.Overall understanding of the SAP Technical Landscape – Basis, Infrastructure, Development, Change Control, GRC.Work closely with the AMS team to provide timely resolutions for system issues, ensuring the stability and performance of the SAP system.Conduct workshops, training sessions, and knowledge transfer activities to educate end users and project team members on SAP MM functionalities.Detail-oriented, self-directed, and have strong independent problem-solving skills.Excellent analytical, problem-solving, and communication skills.Ability to articulate ideas to both technical and non-technical audiences.SAP certification in Materials Management (MM) is preferred but not required.

Minimum Knowledge, Skills, And Abilities Required For The Position.

Resourceful team player willing and able to do whatever it takes to get the job doneProven track record leading direct reports, consultants, and virtual teams to manage multiple concurrent projects, operations, and budgets

Required Job Competencies Of The Position.

Ability to earn trust and alignment with stakeholders.Strategic thinking skills with the ability to visualize the big picture and manage tactical details as required.Excellent written and oral communication skillsStrong analysis and critical thinking skillsGood prioritization skills to balance key priorities

Any Certificates, Licenses, Etc., Required For The Position.

No required certifications

Working Conditions

Normal office environment with occasional visits to terminal and pipeline facilities

Physical Requirements

Possible climbing, moving, and walking long distances, wearing fire-retardant clothing, hard hat, and goggles when visiting Terminal or Pipelines

Other

 Not all aspects of the job are covered by the description – may require “other duties as assigned.” Job may change over time by business needs. Job description does not guarantee employ",,,"Houston, Texas, United States",1920792.0,4.0,,,Full-time,,1713564276000.0,,https://www.linkedin.com/jobs/view/3904716716/?trk=jobs_biz_prem_srch,https://www.paycomonline.net/v4/ats/web.php/jobs/ViewJobDetails?job=86323&clientkey=DD89AD8FFFCABB8D1543B340BB86C6A2,OffsiteApply,1716156930000.0,,Mid-Senior level,,1713564930000.0,www.paycomonline.net,0,FULL_TIME,,,,,
3904719930,The Mom Project,Agile Business Analyst,"Remote - Full Time (W2)

This position is contingent upon award

Our team is supporting various critical initiatives to build secure, high performing digital services to streamline the process of obtaining immigration benefits into the United States, resulting in decreased immigration times, increased security, and a massive reduction on the reliance of paper-based processes. Apply today to learn how your valuable experience can support our dynamic team!

Required Qualifications

5+ years of experience as a business analyst or in similar role. Outstanding customer facing, communication, and documentation skills. Prior experience working on large-scale programs using an Agile delivery methodology. Experience working with technical software development teams. Experience with different Project Management tools 

Role Responsibilities

Develop and maintain professional business relations with Government clients. Effectively interact with agile team members across the entire organization to meet clients’ needs. Conduct frequent meetings with legal counsel on the development of new technical functionality. Present demonstrations of newly built functionality to upper management as well as the internal users of the system. Travel to onsite locations to gather specific client requirements for new or enhanced functionality. Be the liaison between the development team and the government client. Assist with conducting analysis to determine the best path for solving business problems/opportunities, which may include process improvement, systems enhancement, or user training. Interact regularly with the various levels of customer management in supporting the development of system engineering and deployment efforts. Conduct reviews and analysis of organizational needs and goals and present recommendations. Assist with facilitating planning sessions with management. Evaluate and present information to enable effective and timely decision-making through written and oral communication materials, which effectively summarize findings with recommendations. Work with program leaders to identify business needs and prioritization. 

Position Benefits

Competitive compensation package Paid vacation and holidays Health care package Training opportunities",,,United States,10420321.0,4.0,,,Full-time,1.0,1713565725000.0,1.0,https://www.linkedin.com/jobs/view/3904719930/?trk=jobs_biz_prem_srch,https://themomproject.com/projects/agile-business-analyst-588b308777?utm_campaign=Technology&utm_content=agile-business-analyst-588b308777&utm_medium=posting&utm_source=LinkedIn&utm_term=Springfield_VA,OffsiteApply,1716158912000.0,,Mid-Senior level,,1713566912000.0,themomproject.com,0,FULL_TIME,,,,,
3904934645,BCforward,Business Analyst with ESG,"Hi Professionals,Hope you are doing well,We are hiring for Business Analyst with ESG - Remote.This is a Direct Client Role.Role: Business Analyst with ESG6+ months contractLocation : RemoteNote : W2 Candidates are accepted.Job Description:The Business Analyst in the ESG Reporting Solution Project facilitates the automation of the data collection and calculation of ESG metrics used for internal and external reporting. Building strong relationships with data providers and stakeholders is key to an efficient and smooth dynamic. Business Analyst are mostly dedicated to translating the business’ requirements into technical language for IT developers and vice versa: providing and reading pseudo code, replicating simple algorithms for validation, and modifying small data sets.Requirements:Bachelor’s degree in Computer Science, Computer Engineering, Information Technology, Data Science, Environmental Science, Sustainability Studies, or related field.At least two years of experience with ESG reporting and GHG emissions calculations, regulatory compliance reports.At least two years of experience working within cross-functional teams that include business subject matter experts, application architects, developers, and testers.Experience participating in software development or implementation projects.Four or more years of experience on the elicitation and documentation of business and systems requirements, ideally with a primary focus on the implementation of a data lake solution.Advanced Excel skills.Proficiency building relational databases.Basic understanding (read) of pseudocode and SQL queries.Customer service: Develop and offer solutions for data providers as opposed to requesting them to adapt and meet the project&#39;s demands.Problem solving skills to transform actual (existing) data into a suitable source of meaningful information.Responsibilities:Act as the main point of contact between SMEs and the IT team; translating between technical and methodological languages in the process of operationalizing metrics.Understand the structure of data sets and the logic to calculate the associated ESG metrics.Gather and review qualitative information to automate ESG metrics calculations.Document and centralize all the qualitative and quantitative information provided the different stakeholders to characterize a metric.Schedule IT Analysis and Finance Analysis sessions for clarification, when necessary.Help SMEs provide the qualitative profile of their metrics: Translate their available data into a suitable data set to derive the metric and help describe the logic for the IT Analyst to review.Report all metric changes (cadency, methodology, ownership, etc.) to the E2E Data Analyst and request approval before implementation.Assist SMEs with data uploads, troubleshooting, and subsequent validations.",,,United States,947715.0,273.0,,,Contract,71.0,1713451407000.0,1.0,https://www.linkedin.com/jobs/view/3904934645/?trk=jobs_biz_prem_srch,,ComplexOnsiteApply,1716043407000.0,,Mid-Senior level,,1713451407000.0,,0,CONTRACT,,,,,
3904941546,TELUS International,Online Data Analyst,"We are hiring freelance English speaking Online Data Analysts for a project aimed at improving the content and quality of digital maps, which are used by millions of users globally. The job would suit someone who is detail-oriented, likes doing research and has a good knowledge of national and local geography.
This is a freelance position on a flexible schedule - you can work in your own time whenever work is available. You will be completing research and evaluation tasks in a web-based environment, e.g., verifying and comparing data, determining the relevance and accuracy of information. You will be provided with guidelines for each task, which need to be followed. The project offers a variety of tasks, and work is paid per task.
RequirementsFull Professional Proficiency in English You must be living in the USA for the last 2 consecutive yearsAbility to follow guidelines and do research online using search engines, online maps and website informationYou must have familiarity with current and historical business, media, sport, news, social media and cultural affairs in USABeing open to work across a diverse set of Task Types (e.g. Maps, News, Audio tasks, Relevance)Applicants must be 18 years or over.
Working on this project will require you to go through a standard recruitment process (including passing an open book assessment). This is a long-term project and your work will occasionally be subject to quality assurance checks.
Why Join the TELUS International AI Community?Earn extra incomeAccess to our community wellbeing initiativeBe your own bossFlexible Hours to fit in with your lifestyleBe a part of an online community
TELUS International AI-Data Solutions partners with a diverse and vibrant community to help our customers enhance their AI and machine learning models. The work of our AI Community contributes to improving technology and the digital experiences of many people around the world. Our AI Community works in our proprietary AI training platform handling all data types (text, images, audio, video and geo) across 500+ languages and dialects. We offer flexible work-from-home opportunities for people with passion for languages. The jobs are part-time, and there is no fixed schedule. Whoever you are, wherever you come from, come join our global AI community. www.telusinternational.com

If you have any questions, do not hesitate to contact us at sourcingteam9@telusinternational.ai",,,"Vermont, United States",1258653.0,23.0,,,Part-time,5.0,1713452806000.0,1.0,https://www.linkedin.com/jobs/view/3904941546/?trk=jobs_biz_prem_srch,https://jobs.telusinternational.com/en_US/careers/PipelineDetail/Online-Data-Analyst-English-USA/21404,OffsiteApply,1716044806000.0,,Entry level,,1713452806000.0,,0,PART_TIME,,,,,
3904942066,TELUS International,Online Data Analyst,"We are hiring freelance English speaking Online Data Analysts for a project aimed at improving the content and quality of digital maps, which are used by millions of users globally. The job would suit someone who is detail-oriented, likes doing research and has a good knowledge of national and local geography.
This is a freelance position on a flexible schedule - you can work in your own time whenever work is available. You will be completing research and evaluation tasks in a web-based environment, e.g., verifying and comparing data, determining the relevance and accuracy of information. You will be provided with guidelines for each task, which need to be followed. The project offers a variety of tasks, and work is paid per task.
RequirementsFull Professional Proficiency in English You must be living in the USA for the last 2 consecutive yearsAbility to follow guidelines and do research online using search engines, online maps and website informationYou must have familiarity with current and historical business, media, sport, news, social media and cultural affairs in USABeing open to work across a diverse set of Task Types (e.g. Maps, News, Audio tasks, Relevance)Applicants must be 18 years or over.
Working on this project will require you to go through a standard recruitment process (including passing an open book assessment). This is a long-term project and your work will occasionally be subject to quality assurance checks.
Why Join the TELUS International AI Community?Earn extra incomeAccess to our community wellbeing initiativeBe your own bossFlexible Hours to fit in with your lifestyleBe a part of an online community
TELUS International AI-Data Solutions partners with a diverse and vibrant community to help our customers enhance their AI and machine learning models. The work of our AI Community contributes to improving technology and the digital experiences of many people around the world. Our AI Community works in our proprietary AI training platform handling all data types (text, images, audio, video and geo) across 500+ languages and dialects. We offer flexible work-from-home opportunities for people with passion for languages. The jobs are part-time, and there is no fixed schedule. Whoever you are, wherever you come from, come join our global AI community. www.telusinternational.com

If you have any questions, do not hesitate to contact us at sourcingteam9@telusinternational.ai",,,"Texas, United States",1258653.0,33.0,,,Part-time,7.0,1713452054000.0,1.0,https://www.linkedin.com/jobs/view/3904942066/?trk=jobs_biz_prem_srch,https://jobs.telusinternational.com/en_US/careers/PipelineDetail/Online-Data-Analyst-English-USA/21404,OffsiteApply,1716044054000.0,,Entry level,,1713452054000.0,,0,PART_TIME,,,,,
3904959397,Mitchell Martin Inc.,Data Analyst/Project Manager,"Data Analyst/Project ManagerNYC, NYContract( w2 or IC)Hybrid role( 3 days onsite)   Skills 10+ years of experience in finance/ project management Experience and proficiency building data pipelines and performing analytics using KNIME (or similar software) • Experience creating team SharePoint sites and maintaining content to make information and documents easily accessible • Proficiency with Visual Basic for Applications (VBA) for Microsoft Office • Proficiency with SQL and relational database management systems • Strong proficiency with Microsoft Excel • Significant experience building end-user tools with Microsoft Access *Additional experience and knowledge for Internal Candidate • Experience in using Lynx UI, Optima Cognos Reporting Tool, (Facility Management, Collateral) and extracting data from Data Globe (especially data schemas: DGSTREAM, DGFU, DGREF & DGLOBE) • Good understanding on Loan data hierarchy (Request/Credit Agreement/Facility/GFRN) in Lynx.",,,"New York, United States",488281.0,160.0,,,Contract,45.0,1713454792000.0,,https://www.linkedin.com/jobs/view/3904959397/?trk=jobs_biz_prem_srch,,ComplexOnsiteApply,1716046792000.0,,Mid-Senior level,,1713454792000.0,,0,CONTRACT,,,,,
3904970103,Vertiscript Global,Public Markets Business Analyst,"We are hiring anyone might be looking for new opportunity share your resume at arun.k@vertiscript.com Role: Public Markets Business AnalystLocation: 100% Remote ( US, Canada) or Other regions in WorldRequired Skills, Back Ground:* Must have at least 5 years’ experience in business analyst roles at investment management organizations.* Substantial knowledge of the end-to-end investment operations lifecycle across asset classes, including the processes, workflows, and investment platforms/systems used to support the investment business.* Experience of post Trade Processing in Sim Corp Dimension would be a significant plus.* Ability to work with internal and external stakeholders to gather, draft, and validate business requirements and workflows, and assist with the functional design of solutions.* Develop, execute, and document user test plans and organize and oversee end-user testing and acceptance.* In partnership with technology, end users, and other stakeholders, manage and execute functional testing of system enhancements/changes resulting from the work effort.* Develop, and/ or assist in the development, of end-user training materials and coordinate / conduct user training.* Pro-active communication to project team, stakeholders, senior management, and the wider organization. Managing expectations is key.* Escalate issues and risks accordingly and help drive their resolution – providing input as needed* Prepare well-structured materials and audience appropriate messaging.* Experience with other Portfolio Management/ Risk Management systems:o e.g., Blackrock Aladdin, FactSet, MSCI.* Experience with Order/ Execution Management systems:o e.g., Charles River, Flex ONE, etc.* Experience with Enterprise Management systems for Finance & HR:o e.g., Workday, SAP, etc.Key Skills: experience in configuring, connecting, enhancing, and implementing a main platform for portfolio management, trading, compliance, and operations, and finance - supporting a variety of investment instruments.Responsibilities:Role will be to focus on implementation, integration, and process improvement efforts across the End-to-End process. Functionally, pre and post trade processing, position management and performance, finance, and other areas of support.Project Overview: multi-year project to implement a best of breed platform that will support its public markets and asset allocation strategies. New implementation of an OMS / EMS as well as support the insourcing of various middle office functions to support an internal Investment Book of Record (IBOR).",,,United States,96213179.0,57.0,,,Contract,,1713455688000.0,1.0,https://www.linkedin.com/jobs/view/3904970103/?trk=jobs_biz_prem_srch,,SimpleOnsiteApply,1716047688000.0,1713458605000.0,,,1713455688000.0,,0,CONTRACT,,,,,
3905239171,"ICON Consultants, LP",Business Analyst,"The purpose of the Sr. Provider Data Analyst is to analyze complex business problems and issues using data from internal and external sources to provide insight to decision-makers. Identifies and interprets trends and patterns in datasets to locate influences. Constructs forecasts, recommendations and strategic/tactical plans based on business data and market knowledge. Creates specifications for reports and analysis based on business needs and required or available data elements. Collaborates with health plan and shared services to modify or tailor existing analysis or reports to meet their specific needs. May participate in management reviews, including presenting and interpreting analysis results, summarizing conclusions, and recommending a course of action. This is a general role in which employees work with multiple types of business data. Work is internal operations focused.Responsible for accurate and timely identification of critical information on configuration and claims databases. Maintains critical knowledge on configuration and claims databases. Oversees operational and claims systems and application of business rules as they apply to health plan. Validates data to be housed on databases and ensures adherence to business and system requirements of health plan as it pertains to contracting, benefits, prior authorizations, fee schedules, and other business requirements.
•Analyze and interpret data to determine appropriate configuration changes.• Accurately interprets specific state and/or federal benefits, contracts as well as additional business requirements and converting these terms to configuration parameters.• Oversees coding, updating, and maintaining benefit plans, provider contracts, fee schedules and various system tables through the user interface.• Applies previous experience and knowledge to research and resolve claim/encounter issues, pended claims and update system(s) as necessary.• Works with fluctuating volumes of work and can prioritize work to meet deadlines and needs of user community.• Provides analytical, problem-solving foundation including definition and documentation, specifications.• Recognizes, identifies and documents changes to existing business processes and identifies new opportunities for process developments and improvements.• Reviews, researches, analyzes, and evaluates all data relating to specific area of expertise. Begins process of becoming subject matter expert.• Conducts analysis and uses analytical skills to identify root cause and assist with problem management as it relates to state requirements.• Analyzes business workflow and system needs for conversions and migrations to ensure that encounter, recovery and cost savings regulations are met.• Prepares high level user documentation and training materials as needed.
• Works to identify opportunities for continuous improvement, standardization, and reduction of rework across health plan and shared services• Monitors, coordinates, and communicates the strategic objectives of health plan across shared services to optimize performance/results.• Aggregates and assists with the analysis of health plan and shared service data.
2-5 years• Bachelor's Degree or equivalent combination of education and experience• 1-3 years formal training in Business Analysis and/or Systems Analysis",,HOURLY,United States,39189.0,123.0,39.0,,Contract,57.0,1713462776000.0,1.0,https://www.linkedin.com/jobs/view/3905239171/?trk=jobs_biz_prem_srch,,ComplexOnsiteApply,1716054776000.0,,Associate,,1713462776000.0,,0,CONTRACT,USD,BASE_SALARY,81120.0,,
3905249511,Beyondsoft,Sr. Data Analyst,"WHO WE ARE:Beyondsoft Consulting, Inc. is a leading technical solutions and consulting partner. We combine emerging technologies and proven methodologies to tailor elegant solutions that solve complex challenges and empower our customers to accelerate their business goals. For the past 25+ years we have been providing a broad range of high-quality IT services, including staff augmentation, business process outsourcing, custom software solutions, test automation, digital enablement, and other software engineering and digital transformation services.  WHAT WE’RE ABOUT:We believe that collaboration, transparency, and accountability are the values that guide our business, our delivery, and our brand. Everyone has something to bring to the table, and we believe in working together with our peers and clients to leverage the best of one another in everything we do. When we proactively collaborate, business decisions become easier, innovation is greater, and outcomes are better.  Our ability to achieve our mission and live out our values depends upon a diverse, equitable, and inclusive culture. So, we strive to foster a workplace where people have the respect, support, and voice they deserve, where innovative ideas flourish, and where people can unleash their brilliance. For more information regarding DEI at Beyondsoft, please go to https://www.beyondsoft.com/diversity/.
POSITION SUMMARY:We are seeking a highly skilled and motivated Sr. Data Analyst to join our team in Redmond, WA. This position will require the candidate to go onsite for meetings, but will be mostly work remotely. The ideal candidate will need advanced reporting, analytics and PM skills and be responsible for leading advanced reporting development, performing data analytics, and managing projects within the BI domain. This role requires a strong foundation in BI tools and technologies, along with basic knowledge in machine learning and AI to drive data-driven decision-making processes. The BI Lead will collaborate closely with cross-functional teams to understand business needs and deliver actionable insights.
WHAT YOU WILL BE DOING: Gather BI Requirements: Identifying gaps in BI and proposing targeted solutions (and BRD) to enhance the insights on end-to-end AI performance, reliability, and customer experience. Work with Back-end analyst to build the end-to-end reports. Phone and Chat Conversational Text Analysis: Collecting, organizing, and analyzing extensive datasets encompassing phone and chat interactions, including utterances, text, user feedback, metrics, system behavior, and user behaviors.Data Visualization: Using data visualization tools to represent complex data sets in intuitive and visually appealing ways, enabling stakeholders to grasp insights quickly.Trend Monitoring: Monitoring both emerging trends, outliner, and change management in both AI system behaviors and user behaviors, ensuring alignment with business objectives. Performance Evaluation: Evaluating the effectiveness and efficiency of AI models through benchmarking against predefined success criteria, ensuring continuous optimization and enhancement.Insight Generation: Extracting actionable insights from data analysis to guide opportunity identification and decision-making processes.Experiment Analysis: involves the systematic examination of experimental data to draw conclusions, evaluate hypotheses, and inform decision-making processesReporting and Communication: Presenting findings, recommendations, and insights to stakeholders, including both technical and non-technical audiences, through comprehensive reports, presentations, and various communication channels.Ad Hoc Analysis: Conducting ad hoc analysis to answer specific business questions or address immediate needs from stakeholders.Collaboration: Collaborating with cross-functional teams, including data scientists, engineers, planners, product managers, and business stakeholders, to drive optimization and BI solutions forward, fostering synergy and innovation.Ethical Considerations: Ensuring that AI technologies and applications adhere to ethical guidelines and principles, such as fairness, transparency, and accountability.
MINIMUM QUALIFICATIONS: Bachelor's or Master's degree in Computer Science, Information Systems, or a related field.Minimum of 5 years of experience in BI and data analytics, with a proven track record of leading BI projects.Strong knowledge of BI tools (e.g., Power BI, Tableau, Qlik) and databases (SQL, NoSQL).Experience with data modeling, ETL processes, and data warehousing concepts.Proficient in data analysis and visualization techniques.Basic understanding of machine learning algorithms and AI concepts.Excellent project management skills, with the ability to manage multiple projects simultaneously.Strong problem-solving abilities and analytical thinking.Effective communication and interpersonal skills, with the ability to interact with both technical and non-technical stakeholders, as well as offshore delivery team.  Desired Skills:Certification in BI tools or project management (e.g., PMP, Scrum Master).Experience with cloud data technologies (Azure, AWS, Google Cloud).Knowledge of programming languages (Python, R) for data analysis.
WHAT WE HAVE TO OFFER:Because we know how important our people are to the success of our clients, it’s a priority to make sure we stay committed to our employees and making Beyondsoft a great place to work. We take pride in offering competitive compensation and benefits along with a company culture that embodies continuous learning, growth, and training with a dedicated focus on employee satisfaction and work/life balance. 
A competitive pay range of $65-70 /hr (depending on experience).15 days per year of Paid Time Off (PTO).9 paid holidays per year (which includes 1 personal floating holiday). 401(k) retirement plan with company match. Eligible employees (and their families) are offered the following company-sponsored benefits: Medical, dental, and vision insurance, health savings account (HSA), short-term and long-term disability, employee assistance plan (EAP), and basic life and AD&D insurance. Eligible employees (and their families) are offered the following voluntary employee-funded benefits: Health care flexible spending account, dependent care flexible spending account, commuter benefits, voluntary accident & critical injury coverage, voluntary long-term care coverage, and voluntary life and AD&D insurance.  Beyondsoft provides equal employment opportunities to all employees and applicants for employment and prohibits discrimination and harassment of any type with regards to race, color, religion, age, sex, national origin, disability status, genetics, veteran status, sexual orientation, gender identity or expression, or any other characteristic protected by federal, state, or local laws. This policy applies to all terms and conditions of employment, including recruiting, hiring, and the full employee lifecycle up through and including termination.",,,United States,41887.0,7.0,,,Full-time,1.0,1713467549000.0,1.0,https://www.linkedin.com/jobs/view/3905249511/?trk=jobs_biz_prem_srch,,ComplexOnsiteApply,1716059549000.0,,Mid-Senior level,,1713467549000.0,,0,FULL_TIME,,,,,
3905289164,Achieve,Sr. Staff Data Analyst - Marketing Analytics,"Job Description

As a Sr. Staff Data Analyst – Marketing Analytics, you’ll impact the lives of everyday people and help them move from surviving to thriving with digital personal finance solutions. Behind our forward-thinking technology is a group of curious, innovative problem solvers creating next-level products backed by data and consumer-centric strategy. At Achieve, you’re encouraged to explore new technologies while working on exciting projects that directly impact our member’s success.

We are looking for a Senior Staff Data Analyst who will work closely with our internal and external business partners in developing data-driven solutions for the organization. In this role, you will be involved in analyzing business performance, understanding campaign results, and providing recommendations for future marketing efforts and product improvements. You will also collaborate with team members in assessing and developing new analytic opportunities within the broader analytics organization.

What you’ll do: 

Conduct large scale analyses, with ownership through all stages: understand business goals and strategies, formulate the analytic approach, perform data extraction, exploration, and transformation, and translate results into actionable items for the business team.Leverage deep hands-on technical skills to produce analyses in various topics including, but not limited to, customer segmentation, campaign performance, marketing attribution, return on investment/ad spend, and customer lifecycle.Interact with multiple functional teams across the organization to identify potential issues, implement solutions, improve throughput, and automate recurring processes.Write queries and build analyses on an ad hoc basis to answer strategic stakeholder questions, balancing short term solutions with long term operations.Build processes and dashboards to address ongoing and repetitive business needs, working with data engineering, data product managers, and other teammates as needed.


Qualifications

What you’ll bring: 

8+ years of hands-on analytic experience in the financial services industry, specifically in consumer lending, with fintech preferred.Strong experience working with both internally owned digital acquisition channels (paid social, paid search, display, etc.) and external lead generation channels (partners, affiliates, etc.), and understanding measurement of each channel’s relative and absolute efficiency and effectiveness.Advanced SQL skills and experience working with reporting tools such as Tableau, Looker or othersExperience in Python or R is preferred but not requiredStrong understanding on how the data should be captured, stored and structured in data warehousing environmentAn effective cross functional communicator in both written (PowerPoint or Google Slides) and verbal skills with experience working with executive-level stakeholdersAbility and willingness to learn in a fast-paced environment and adapt to various situations and changing prioritiesCollaborate with Data Science and Data Engineering teams to implement predictive models into various stages of marketing funnels,Experience with data analytics and statistical modeling concepts such as multivariate regression, segmentation modeling, optimization, and forecasting is a plusBachelor’s degree or better in a quantitative field such as Mathematics, Statistics, Computer Science, Economics or equivalent


Additional Information

Achieve well-being with:

Hybrid and remote work opportunities401 (k) with employer matchMedical, dental, and vision with HSA and FSA optionsCompetitive vacation and sick time off, as well as dedicated volunteer daysAccess to wellness support through Employee Assistance Program, Talkspace, and fitness discountsUp to $5,250 paid back to you on eligible education expensesPet care discounts for your furry friendsFinancial support in times of hardship with our Achieve Care FundA safe place to connect and a commitment to diversity and inclusion through our six employee resource groups


Work from home/hybrid:

We are proudly offering hybrid options in the Phoenix, AZ or San Mateo, CA metro markets. In other locations throughout the country, we offer work from home in the following states: WA, OR, NV, UT, TX

Salary Range: $160,000 to $175,000 annually + bonus + benefits. This information represents the expected salary range for this role. Should we decide to make an offer for employment, we'll consider your location, experience, and other job-related factors.

Join Achieve, change the future.

At Achieve, we’re changing millions of lives.

From the single parent trying to catch up on bills to the entrepreneur needing a loan for the next phase of growth, you’ll get to be a part of their journey to a better financial future. We’re proud to have over 3,000 employees in mostly hybrid and 100% remote roles across the United States with hubs in Arizona, California, and Texas. We are strategically growing our teams with more remote, work-from-home opportunities every day to better serve our members. A career at Achieve is more than a job—it’s a place where you can make a true impact, have a sense of belonging, establish a fulfilling career, and put your well-being first.

Attention Agencies & Search Firms: We do not accept unsolicited candidate resumes or profiles. Please do not reach out to anyone within Achieve to market your services or candidates. All inquiries should be directed to Talent Acquisition only. We reserve the right to hire any candidates sent unsolicited and will not pay any fees without a contract signed by Achieve’s Talent Acquisition leader.

Company Description

Meet Achieve

Achieve is a leading digital personal finance company. We help everyday people move from struggling to thriving by providing innovative, personalized financial solutions. By leveraging proprietary data and analytics, our solutions are tailored for each step of our member's financial journey to include personal loans, home equity loans, debt consolidation, financial tools and education. Every day, we get to help our members move their finances forward with care, compassion, and an empathetic touch. We put people first and treat them like humans, not account numbers.

Attention Agencies & Search Firms: We do not accept unsolicited candidate resumes or profiles. Please do not reach out to anyone within Achieve to market your services or candidates. All inquiries should be directed to Talent Acquisition only. We reserve the right to hire any candidates sent unsolicited and will not pay any fees without a contract signed by Achieve’s Talent Acquisition leader.",175000.0,YEARLY,"Arizona, United States",87147260.0,6.0,,160000.0,Full-time,,1713471142000.0,1.0,https://www.linkedin.com/jobs/view/3905289164/?trk=jobs_biz_prem_srch,https://careers.achieve.com/job/sr-staff-data-analyst-marketing-analytics-in-multiple-locations-jid-1082?_atxsrc=LinkedIn&utm_source=LinkedIn,OffsiteApply,1716063810000.0,,Mid-Senior level,,1713471810000.0,careers.achieve.com,0,FULL_TIME,USD,BASE_SALARY,167500.0,,
3905294630,Coders Data,Junior Data Analyst,"We are looking for an entry-level Data Analyst who should be self-directed and will use their passion for big data and analytics to provide insights to the business covering a range of topics.
Hire Type: Full Time on W2.Role: Junior Data AnalystSalary: $75,000 - $85,000 AnnuallyLocation: Buffalo, New York, United States ( Fully Remote)Work Authorisation: Any EAD (OPT, CPT, H4-EAD, etc.)Email ID - sahanaj@codersdata.comContact : 307-227-0082
About Us:CodersData is a full-service placement firm servicing clients in America for the past 10+ years. We are dedicated towards fulfilling the IT needs of our clients. From recruiting to full implementation of projects we provide the highest quality IT Services. We Intend to deliver exceptional student outcome. We don't just help you secure a tech job but build a solid career in technology. Job Description: The ideal candidate will use their passion for big data and analytics to provide insights to the business covering a range of topics. They will be responsible for conducting both recurring and ad hoc analysis for business users.Job Description---
Responsibilities:Using automated tools to extract data from primary and secondary sourcesRemoving corrupted data and fixing coding errors and related problemsDeveloping and maintaining databases, data systems – reorganising data in a readable formatPerforming analysis to assess quality and meaning of dataFilter Data by reviewing reports and performance indicators to identify and correct code problemsUsing statistical tools to identify, analyse, and interpret patterns and trends in complex data sets that could be helpful forth diagnosis and predictionAssigning numerical value to essential business functions so that business performance can be assessed and compared over periods of time.Analysing local, national, and global trends that impact both the organization and the industryPreparing reports for the management stating trends, patterns, and predictions using relevant dataWorking with programmers, engineers, and management heads to identify process improvement opportunities, propose system modifications, and devise data governance strategies.Preparing final analysis reports for the stakeholders to understand the data-analysis steps, enabling them to take important decisions based on various facts and trends.Other Benefits:Health Care Plan (Medical, Dental & Vision).Visa SponsorshipOn Job Technical supportE- verified2 weeks of Paid Time Off (Vacation or Sick).Short Term & Long Term Disability.Training & Development.Wellness Resources.Paid Time Off (PTO)Qualifications:Relevant educational qualification or degree in Data analytics or Data Science or Statistics or Applied Mathematics or equivalent qualification. (Required)Experience with Tableau.(Optional)Familiar with Python, Big Data. (Optional)Proficient in SQL.Candidates who are missing the required skills, might be provided an option to enhance their skills, so that they can also apply for the role and can make a career in the IT industry.***Freshers can also apply***",,,United States,14508644.0,2.0,,,Full-time,,1713473572000.0,1.0,https://www.linkedin.com/jobs/view/3905294630/?trk=jobs_biz_prem_srch,,ComplexOnsiteApply,1716065571000.0,,Entry level,,1713473572000.0,,0,FULL_TIME,,,,,
3905297505,ARETUM,Business Analyst/Product Owner,"Description

Aretum is looking for a dynamic and experienced individual to join our team as a Business Analyst/Product Owner. As a Business Analyst/Product Owner at Aretum, you will be responsible for capturing and defining detailed business requirements and acting as a liaison between stakeholders and the development team. You will have the opportunity to shape and prioritize product features, ensuring successful project delivery and customer satisfaction.

Aretum is a leading government contracting company, specializing in providing innovative technology solutions to Federal clients. We are committed to delivering high-quality products and services that meet the unique needs of our clients and contribute to their success.

Responsibilities

Act as a strong IT Business Analyst and Product Owner for one or more large, complex projects with high value to the organizationWorks with cross-functional, self-managed development teams and various stakeholders, including analytics, design/user experience, engineering, and user enablementBuild and maintain Agile (Scrum / Sprint) team backlog with input from various team membersCollaborate with other Product Owners, Agile teams, and business owners to gather requirements, creating a shared understanding with stakeholdersWrite user stories and requirements that include clear acceptance criteriaFacilitate meetings with development and quality assurance teams to drive the implementation of all functional and non-functional requirements to completionParticipate in testing when neededReview completed work products prior to delivery

Requirements

Highly self-motivated and directed, able to exercise independent judgment and take actionExcellent analytical and creative problem-solving skillsExcellent listening, interpersonal, written, and oral communication skillsLogical and efficient, with keen attention to detailAbility to effectively prioritize and execute tasks while under pressureStrong customer service orientationExperience working in a cross-functional team-oriented, collaborative environmentProficiency in MS Office (Word, PowerPoint, Excel, Visio)Certified Agile Product Owner or Scrum Master a plusMinimum Secret Security Clearance (or Interim) is required before start.IAT Level II Certification (Security+ CE, GICSP, CND, or equivalent) is required before start.Bachelor's degree or equivalent experience.Experienced in full life cycle hands on development and implementation of enterprise applications, web-based applications.5+ years of working with software development teams in an Agile environment5+ years experience as scrum master, product owner, QA Tester, software developer or business analystExperience with JIRA/Confluence or similar tools.

Benefits

ARETUM is an equal opportunity employer, committed to diversity and inclusion. All qualified candidates will receive equal consideration for employment without regard to disability, race, color, religious creed, national origin, sexual orientation/gender identity, or age.

ARETUM utilizes e-Verify to check employment authorization.

EEO/AA/F/M/Vet/Disabled.",,,United States,91445367.0,4.0,,,Full-time,1.0,1713398400000.0,1.0,https://www.linkedin.com/jobs/view/3905297505/?trk=jobs_biz_prem_srch,https://apply.workable.com/aretum/j/BD909F06A5,ComplexOnsiteApply,1716067056000.0,,Mid-Senior level,,1713475056000.0,apply.workable.com,0,FULL_TIME,,,,,
3905333822,Coders Data,Business Analyst,"We are looking for an entry-level Business Analyst who should be self-directed and will use their passion for big data and analytics to provide insights to the business covering a range of topics.
Hire Type: Full Time on W2.Role: Business AnalystLocation: Buffalo, New York, United StatesEmployment Type: Hybrid/ RemoteWork Authorisation: Any EAD (OPT, CPT, H4-EAD, etc.)Salary: $70,000 - $80,000 AnnuallyEmail id - Sagarika.b@codersdata.com
About Us:CodersData is a full-service placement firm servicing client in America for the past 10+ years. We are dedicated towards fulfilling the IT needs of our clients. From recruiting to full implementation of projects we provide the highest quality IT Services. We Intend to deliver exceptional student outcome. We don't just help you secure a tech job but build a solid career in technology. Job Description: The ideal candidate will use their passion for big data and analytics to provide insights to the business covering a range of topics. They will be responsible for conducting both recurring and ad hoc analysis for business users.
Job Description---
Responsibilities:Using automated tools to extract data from primary and secondary sourcesRemoving corrupted data and fixing coding errors and related problemsDeveloping and maintaining databases, data systems – reorganising data in a readable formatPerforming analysis to assess quality and meaning of dataFilter Data by reviewing reports and performance indicators to identify and correct code problemsUsing statistical tools to identify, analyse, and interpret patterns and trends in complex data sets that could be helpful forth diagnosis and predictionAssigning numerical value to essential business functions so that business performance can be assessed and compared over periods of time.Analysing local, national, and global trends that impact both the organization and the industryPreparing reports for the management stating trends, patterns, and predictions using relevant dataWorking with programmers, engineers, and management heads to identify process improvement opportunities, propose system modifications, and devise data governance strategies.Preparing final analysis reports for the stakeholders to understand the data-analysis steps, enabling them to take important decisions based on various facts and trends.
Skills Required 1+ years of experience in designing technical and business requirement documentExperience as a liaison between business and technical groupsExtensive experience using Azure DevOps and utilizing its functionalityGood elicitation skills, analytical skills, and ability to understand the bigger pictureGood understanding and knowledge in IBM middleware productsGood understanding and knowledge in Salesforce and its applicationsStrong written and verbal communication skillsStrong presentation skillsPrepare technical user manuals, system configuration documents and other technical reportsExperience in Agile methodologyExperience in training junior BA is a plusExperience working in the Healthcare industry, preferably in relation to IT project management
Other Benefits:Health Care Plan (Medical, Dental & Vision).Visa SponsorshipOn Job Technical supportE- verified2 weeks of Paid Time Off (Vacation or Sick).Short Term & Long Term Disability.Training & Development.Wellness Resources.Paid Time Off (PTO)
Qualifications:Relevant educational qualification or degree in Data analytics or Data Science or Statistics or Applied Mathematics or equivalent qualification. (Required)Experience with Tableau.(Optional)Familiar with Python, Big Data. (Optional)Proficient in SQL.Other Benefits:Health Care Plan (Medical, Dental & Vision).Visa SponsorshipOn Job Technical supportE- verified2 weeks of Paid Time Off (Vacation or Sick).Training & Development.Wellness Resources.Candidates who are missing the required skills, might be provided an option to enhance their skills, so that they can also apply for the role and can make a career in IT industry.***Freshers can also apply***",,,United States,14508644.0,9.0,,,Full-time,5.0,1713480403000.0,1.0,https://www.linkedin.com/jobs/view/3905333822/?trk=jobs_biz_prem_srch,,ComplexOnsiteApply,1716072403000.0,,Entry level,,1713480403000.0,,0,FULL_TIME,,,,,
3905340124,TriNet,Senior Business Analyst,"Job Description

TriNet is a leading provider of comprehensive human resources solutions for small to midsize businesses (SMBs). We enhance business productivity by enabling our clients to outsource their HR function to one strategic partner and allowing them to focus on operating and growing their core businesses. Our full-service HR solutions include features such as payroll processing, human capital consulting, employment law compliance and employee benefits, including health insurance, retirement plans and workers’ compensation insurance.

TriNet has a nationwide presence and an experienced executive team. Our stock is publicly traded on the NYSE under the ticker symbol TNET. If you’re passionate about innovation and making an impact on the large SMB market, come join us as we power our clients’ business success with extraordinary HR.

Don't meet every single requirement? Studies have shown that women and people of color are less likely to apply to jobs unless they meet every single requirement. At TriNet, we are dedicated to building a diverse, inclusive and authentic workplace, so if you're excited about this role but your past experience doesn't align perfectly with every single qualification in the job description, we encourage you to apply anyway. You may just be the right candidate for this or other roles.

A Brief Overview

The position analyzes operational effectiveness across all the organization's Finance, Insurance and Risk Management teams to identify opportunities for efficiency and improvement. Responsibilities typically include problem definition, evaluation of requirement and implementation of systems and/or process to meet business user requirements. This position also develops the annual process improvement roadmap

Locations

United States (Remote)

What You Will Do

Interviews process owners and documents current state processes for inclusion in business requirementsProvides process solution recommendations with short- and long-term goals in mindIdentifies and analyzes trends in system errors or required enhancements related to benefits.Assesses impact of improvements in partnership with Finance to strategize and prioritize key improvements going forwardSupports business activities by planning and designing complex business processesWorks cross functionally to design the annual process improvement roadmap.Escalates issues as needed, and verifies solution meets requirements by assisting with user acceptance testing of fix or enhancementStays abreast industry best practices to effectively recommend effective enhancements and design for business systems and processes


Education Qualifications

Bachelor's Degree or equivalent experience preferred


Experience Qualifications

Typically 5+ years of experience in project management, operational process documentation and improvement, or related required


Skills And Abilities

Proficient in Microsoft Office Suite, advanced Excel knowledgeStrong aptitude for learning new technologies and utilizing project management applicationsAbility to manage projects and facilitate team interactions, employing sound change management principlesDemonstrated knowledge of business analysis methodology and toolsStrong consultative skills; ability to communicate ideas and information clearly, accurately, and tactfullySolid presentation and facilitation skillsMust be highly organized, able to effectively prioritize work, be oriented to detail, and have excellent follow through


Licenses and Certifications

Six Sigma preferredAgile/Scrum Training/Certification preferred


Travel Requirements

Minimal

Work Environment

Work in clean, pleasant, and comfortable home or office setting with reliable internet. The work environment characteristics described here are representative of those an employee encounters while performing the essential functions of this job. Reasonable accommodations may be made to enable persons with disabilities to perform the essential functions.


The salary range for this role is $66,700 to $136,100. The candidate’s final salary offer will be based on the candidate’s skills, education, work location and experience.

A candidate’s compensation may also include bonuses consistent with TriNet’s corporate bonus plan.

Additionally, subject to applicable eligibility requirements, TriNet offers permanent full-time employees a variety of benefits including medical, dental, and vision plans, life and disability insurance, a 401(K) savings plan, an employee stock purchase plan, eleven (11) Company observed holidays, PTO and a comprehensive leave program. Please click the following link for detailed information about our benefits offerings: https://www.trinet.com/documents/blt5b61a1040aae1904

Please Note: TriNet reserves the right to change or modify job duties and assignments at any time. The above job description is not all encompassing. Position functions and qualifications may vary depending on business necessity.

TriNet is an Equal Opportunity Employer and does not discriminate against applicants based on race, religion, color, disability, medical condition, legally protected genetic information, national origin, gender, sexual orientation, marital status, gender identity or expression, sex (including pregnancy, childbirth or related medical conditions), age, veteran status or other legally protected characteristics. Any applicant with a mental or physical disability who requires an accommodation during the application process should contact recruiting@trinet.com to request such an accommodation.

About Us

TriNet is a leading provider of comprehensive human resources solutions for small to midsize businesses (SMBs). We enhance business productivity by enabling our clients to outsource their HR function to one strategic partner and allowing them to focus on operating and growing their core businesses. Our full-service HR solutions include features such as payroll processing, human capital consulting, employment law compliance and employee benefits, including health insurance, retirement plans and workers’ compensation insurance.

TriNet has a nationwide presence and an experienced executive team. Our stock is publicly traded on the NYSE under the ticker symbol TNET. If you’re passionate about innovation and making an impact on the large SMB market, come join us as we power our clients’ business success with extraordinary HR.

Please note that at this time, TriNet requires colleagues reporting to TriNet offices, engaging in in-person activities (including off-sites) or engaging in TriNet sponsored business travel, to be fully vaccinated (as defined by the CDC) against COVID-19 or provide proof of a negative PCR test each week. TriNet will consider requests for reasonable accommodations for documented medical reasons and for sincerely held religious beliefs in accordance with applicable law.

TriNet is providing access to a mobile app for colleagues to submit proof of vaccination or negative test results. Please do not include proof of vaccine status or any indication of a possible request for an accommodation when submitting your application materials. If applicable, TriNet will follow up with you directly to request proof of vaccination and to discuss any potential accommodations.",136100.0,YEARLY,United States,9438.0,7.0,,66700.0,Full-time,,1713398400000.0,1.0,https://www.linkedin.com/jobs/view/3905340124/?trk=jobs_biz_prem_srch,https://fa-etgw-saasfaprod1.fa.ocs.oraclecloud.com/hcmUI/CandidateExperience/en/job/3001393/?utm_medium=jobshare,OffsiteApply,1716073567000.0,,,,1713481567000.0,fa-etgw-saasfaprod1.fa.ocs.oraclecloud.com,0,FULL_TIME,USD,BASE_SALARY,101400.0,,
3905648923,EnergyHub,Senior Data Analyst,"EnergyHub empowers utilities and their customers to create a clean, distributed energy future. We help consumers turn their smart thermostats, EVs, batteries, and other products into virtual power plants that keep the grid stable and enable higher penetration of solar and wind power.

In order to transform that data into valuable solutions for the energy industry, EnergyHub seeks to hire a Senior Data Analyst to join the team in developing best-in-class visualizations and reporting systems for massive amounts of data from smart devices being managed by us and our clients with the goal of grid decarbonization. Your work will enable both internal and external users to develop a deep understanding of how EnergyHub’s software platform solves real-world energy challenges by building and managing virtual power plants (VPPs). The ideal candidate for this role is passionate about data analytics and seeks to apply their skills towards solving the climate crisis.

Main Responsibilities

You will help further develop the Business Intelligence (BI) / data analytics system within EnergyHub’s platform, including designing and building dashboards and reports and developing and maintaining data models and data quality procedures to ensure accuracy and timeliness of data.You will collaborate with engineering teams, data scientists, product managers and client success managers to help develop business logic and detailed system requirements and to help identify and answer research questions of interest to the company and our clients.You will become an expert in smart device data and the aggregation of such into VPPs; including that of electric vehicles, smart thermostats, EV chargers, batteries, solar inverters, etc.Other duties as assigned


Key Skills And Experience

You are passionate about finding valuable insights in large, complex datasets3+ years of experience as a data analyst and have previously worked in a multi-person business intelligence teamWhen you can’t find the data that you need, you are creative enough to infer and/or generate the data needed from other information that is availableYou are skilled at developing analytics dashboards and data visualization that are useful and visually compelling.You have an understanding of and can develop basic statistical models and perform complex data analysis to surface insights or inform decisions.You have experience developing automated reporting systems with business intelligence toolsYou enjoy communicating with others and and developing real relationships with colleagues, clients and external partnersYou are excited about the opportunities of working with very large datasets from disparate sourcesYou have the ability to describe your ideal analytics schema to data engineering team members and work with them to improve a data warehouseYou are share our vision of a carbon-free distributed energy futureYou are passionate about empowering users through timely, accurate and actionable dataYou are very skilled at using one or more BI tools (e.g. Tableau, Sigma, Looker), cloud data warehouses (e.g. Snowflake, Redshift, Big Query), data transformation frameworks (e.g. dbt), and data science tools (e.g. Python/Jupyter, Julia, R)You have a deep understanding of data warehouse architecture 


Preferred Skills And Experience

Extensive experience with dbt / Snowflake / SQLA strong background in mathematics and statistics in order to provide support to clients who need to understand complex statistics and to collaborate with data scientists who will use the analytics platform for statistical analysis


The salary range for this position is $120,000 - $150,000. Base pay offered may vary depending on location, job-related knowledge, skills and experience.

Why work for EnergyHub?

Collaborate with outstanding people: Our employees work hard, do great work, and enjoy collaborating and learning from each other. Make an immediate impact: New employees can expect to be given real responsibility for bringing new technologies to the marketplace. You are empowered to perform as soon as you join the team!Gain well rounded experience: EnergyHub offers a diverse and dynamic environment where you will get the chance to work directly with executives and develop expertise across multiple areas of the business.Work with the latest technologies: You’ll gain exposure to a broad spectrum of IoT, SaaS and machine learning obstacles, including distributed fault-tolerance, device control optimization, and process modeling to support scalable interaction with disparate downstream APIs. Be part of something important: Help create the future of how energy is produced and consumed. Make a positive impact on our climate.Focus on fun: EnergyHub places high value on our team culture. Happy hours and holiday parties are important to us, but what’s also important is how our employees feel every single day. 


Company Information

EnergyHub is a growing enterprise software company that works with the most forward-thinking companies in smart energy. Our platform lets consumers turn their smart thermostats, electric cars, water heaters, and other products into virtual power plants that keep the grid stable and enable higher penetration of solar and wind power. We work on technology that already provides energy and cost savings to millions of people through partnerships with the most innovative companies in the Internet of Things.

Company Benefits

EnergyHub offers a generous benefits package including 100% paid medical for employees and a 401(k) with employer match. We offer a casual environment, the flexibility to set your own schedule, a fully stocked fridge and pantry, free Citi Bike membership, secure bike rack, gym subsidy, paid parental leave, and an education assistance program.

EnergyHub is an Equal Opportunity Employer

In connection with your application, we collect information that identifies, reasonably relates to or describes you (“Personal Information”). The categories of Personal Information that we may collect include your name, government-issued identification number(s), email address, mailing address, other contact information, emergency contact information, employment history, educational history, and demographic information. We collect and use those categories of Personal Information about you for human resources and other business management purposes, including identifying and evaluating you as a candidate for potential or future employment or future positions, recordkeeping in relation to recruiting and hiring, conducting analytics, and ensuring compliance with applicable legal requirements and Company policies.

Notice To Third Party Agencies:

EnergyHub understands the value of professional recruiting services. However, we are not accepting resumes from recruiters or employment agencies for this position. In the event we receive a resume or candidate referral for this position from a third-party recruiter or agency without a previously signed agreement, we reserve the right to pursue and hire those candidate(s) without any financial obligation to you.",150000.0,YEARLY,United States,595749.0,3.0,,120000.0,Full-time,,1711355097000.0,1.0,https://www.linkedin.com/jobs/view/3905648923/?trk=jobs_biz_prem_srch,https://www.energyhub.com/careers/job-listings?gh_jid=7284857002&gh_src=cfdcda8a2us,OffsiteApply,1716107808000.0,,Mid-Senior level,,1713515808000.0,www.energyhub.com,0,FULL_TIME,USD,BASE_SALARY,135000.0,,
3905658764,Talentify.io,Business Analyst III - Tableau (Remote),"Employer Industry: Data Analysis and Business Intelligence

Why Consider This Job Opportunity

 Salary up to $150,280 Opportunity for career advancement and growth within the organization Supportive and collaborative work environment Chance to work with cutting-edge tools such as Tableau, Power BI, and more Opportunity to make a significant impact on business performance through data analysis Remote work flexibility available

What To Expect (Job Responsibilities)

 Source, compile, and interpret data for advanced analysis Provide operational support by responding to inquiries and identifying issues Develop strategies to achieve company and department goals Produce reports based on data analysis and industry trends Develop and maintain Tableau dashboards for business insights

What Is Required (Qualifications)

 Bachelor's Degree and 4 years of experience in Analytics, Modeling, or Reporting OR High School Diploma or GED and 8 years of experience in Analytics, Modeling, or Reporting Proficiency in Tableau, Power BI, Cognos, Excel, and SQL Experience with ETL tools such as DataStage and Informatica Strong skills in Tableau dashboard development, SQL, Python, and data warehousing Knowledge of Data Warehouse architecture and dimensional modeling

How To Stand Out (Preferred Qualifications)

 Experience in understanding of Data Warehouse architecture and business intelligence Strong analytical and problem-solving skills Previous experience mentoring others on Tableau usage

#DataAnalysis #BusinessIntelligence #Tableau #RemoteWork #CareerGrowth

At Talentify, we prioritize candidate privacy and champion equal-opportunity employment. Central to our mission is our partnership with companies that share this commitment. We aim to foster a fair, transparent, and secure hiring environment for all. If you encounter any employer not adhering to these principles, please bring it to our attention immediately.

Talentify is not the EOR (Employer of Record) for this position. Our role in this specific opportunity is to connect outstanding candidates with a top-tier employer.

Talentify helps candidates around the world to discover and stay focused on the jobs they want until they can complete a full application in the hiring company career page/ATS.",,YEARLY,United States,2204084.0,3.0,150280.0,,Full-time,,1713484800000.0,1.0,https://www.linkedin.com/jobs/view/3905658764/?trk=jobs_biz_prem_srch,https://tfy.io/jo/aw4oi5j?utm_campaign=booc-linkedin&tdd=dDEsaDEsamtrYTNmLHI0LGVwcm82NjIyMjQ4NTg3ODJjOTQzMzA3NTEw&utm_medium=Xml&personalized=true&utm_source=linkedin,OffsiteApply,1716110013000.0,,Mid-Senior level,,1713518013000.0,tfy.io,0,FULL_TIME,USD,BASE_SALARY,150280.0,,
3905660585,Talentify.io,Data Analyst IV (Remote),"Employer Industry: Recruiting Software

Why Consider This Job Opportunity

 Competitive pay up to $120,000 per year Opportunity for career advancement and growth within the organization Flexibility of remote work Chance to work with top-tier companies such as Netflix, Yelp, Cirque du Soleil, Shopify, and Spotify Innovative and people-first culture Recognized as the #1 place to work in San Francisco and a top workplace in the entire United States

What To Expect (Job Responsibilities)

 Source, analyze, and interpret large datasets to support business decisions Develop and implement data models, algorithms, and statistical analyses Collaborate with cross-functional teams to identify and address data-related challenges Create visualizations and reports to communicate findings to stakeholders Continuously monitor and improve data quality and integrity

What Is Required (Qualifications)

 Bachelor's degree in a relevant field such as mathematics, statistics, or computer science Minimum of 5 years of experience as a data analyst or similar role Proficiency in SQL, Python, and data visualization tools Strong analytical and problem-solving skills Excellent written and verbal communication skills

How To Stand Out (Preferred Qualifications)

 Master's degree in a relevant field Experience with machine learning and predictive modeling Knowledge of cloud-based data platforms such as AWS or Google Cloud Familiarity with Agile methodologies and project management tools Strong attention to detail and ability to work independently

#RecruitingSoftware #DataAnalysis #RemoteWork #CareerOpportunity #CompetitivePay

At Talentify, we prioritize candidate privacy and champion equal-opportunity employment. Central to our mission is our partnership with companies that share this commitment. We aim to foster a fair, transparent, and secure hiring environment for all. If you encounter any employer not adhering to these principles, please bring it to our attention immediately.

Talentify is not the EOR (Employer of Record) for this position. Our role in this specific opportunity is to connect outstanding candidates with a top-tier employer.

Talentify helps candidates around the world to discover and stay focused on the jobs they want until they can complete a full application in the hiring company career page/ATS.",,YEARLY,United States,2204084.0,4.0,120000.0,,Full-time,,1712566846000.0,1.0,https://www.linkedin.com/jobs/view/3905660585/?trk=jobs_biz_prem_srch,https://tfy.io/jo/oenty4d?utm_campaign=booc-linkedin&tdd=dDEsaDEsajI4bGR2LHI0LGVwcm82NjIyMjQ4NTg3ODJjOTQzMzA3NTEw&utm_medium=Xml&personalized=true&utm_source=linkedin,OffsiteApply,1716110013000.0,,Mid-Senior level,,1713518013000.0,tfy.io,0,FULL_TIME,USD,BASE_SALARY,120000.0,,
3905834389,ReFrame Solutions,Technical Business Analyst,"Company Description ReFrame Solutions is a cloud-native technology platform developed by WSD Digital. Our solutions are built on the pillars of digital transformation, customer experience, and operational efficiency, allowing our clients to improve performance and gain a competitive advantage. We focus on developing and delivering efficient applications and solutions to the public sector through cloud-native technologies.
 Role Description This is a full-time remote role for a Technical Business Analyst. The Technical Business Analyst will be responsible for analyzing business requirements, conducting systems analysis, and documenting business processes. They will work closely with stakeholders to gather and document business needs and translate them into technical requirements. The Technical Business Analyst will also be responsible for identifying areas for improvement and recommending solutions.
 Qualifications Bachelor's degree in Computer Science, Business, or related field OR 1-3 years of relevant experience in low-income housing program management and/or forecasting, budgeting, and financial analysis combined with data migration and understanding of KPIsAnalytical Skills, Business Analysis, and Systems skillsExperience in gathering and documenting business requirementsUnderstanding of business processesExcellent problem-solving and critical-thinking abilitiesStrong communication and interpersonal skillsAbility to work independently and remotelyHighly proficient with analytical tools such as MS Office Suite, SQL, Power BI, Visio and Adobe.Ability to travel 25-50%",,,United States,68510389.0,3.0,,,Full-time,,1713533440000.0,1.0,https://www.linkedin.com/jobs/view/3905834389/?trk=jobs_biz_prem_srch,,SimpleOnsiteApply,1716125440000.0,,,,1713533440000.0,,0,FULL_TIME,,,,,
3905835210,SystemsAccountants,Workday Financials Business Analyst,"Our client is on the lookout for a skilled and seasoned Analyst specializing in Workday Financial Systems with a minimum of 5-7 years of relevant experience to join our team. The ideal candidate will be instrumental in supporting and optimizing our Financial Systems to align with business goals and objectives. This position demands a solid grasp of Financial Systems, business workflows, and integration points.
Primary Responsibilities:• Act as the primary contact for Financial Systems-related inquiries, issues, and enhancements.• Collaborate with stakeholders to gather requirements, analyze workflows, and propose solutions to enhance system efficiency.• Configure and manage Financial Systems modules such as General Ledger, Accounts Payable, Accounts Receivable, Cash Management, and Financial Reporting.• Conduct system testing, troubleshooting, and problem resolution to uphold system integrity.• Develop and maintain system documentation, including process diagrams, user manuals, and training materials.• Assist in system upgrades, patches, and enhancements by coordinating testing, communicating changes, and providing user support.• Monitor system performance, identify optimization opportunities, and implement best practices to maximize returns.• Stay informed about Financial Systems updates, releases, and industry trends to offer suggestions for system enhancements.
Qualifications:• Bachelor’s degree in Finance, Accounting, Information Systems, or a related field.• 5-7 years of experience in Financial Systems analysis and support, preferably with Workday.• Sound understanding of Financial Systems modules, configurations, and integrations.• Proficiency in system configuration, testing, and deployment methodologies.• Excellent analytical and problem-solving abilities.• Strong communication and interpersonal skills, with the ability to engage stakeholders at all levels.• Capability to work autonomously and collaboratively in a dynamic environment.• Preferred certification(s) in Workday Financials.
Benefits:• Competitive salary including an annual performance bonus.• Comprehensive health, dental, and vision coverage.• Employer-matched retirement savings plan.• Flexible work hours and remote work options.• Opportunities for professional growth and development.• Relaxed work environment with team-building initiatives.
Location: Remote",,,United States,77906.0,4.0,,,Full-time,,1713532075000.0,1.0,https://www.linkedin.com/jobs/view/3905835210/?trk=jobs_biz_prem_srch,,ComplexOnsiteApply,1716124075000.0,,Mid-Senior level,,1713532075000.0,,0,FULL_TIME,,,,,
3905849490,Passerelle,Business Analyst (Tableau Specialist),"Introduction: We are seeking a detail-oriented and driven Business Analyst specializing in Tableau to join our dynamic team. In this role, you will leverage your expertise in data visualization and analytics to design, develop, and optimize Tableau dashboards that provide actionable insights and drive business decision-making.
Duties & Responsibilities:Dashboard Development: Design and develop interactive and visually appealing Tableau dashboards and reports tailored to meet business requirements.Data Analysis: Analyze and interpret complex data sets to uncover insights, trends, and patterns that support strategic business decisions.Visualization: Create compelling data visualizations, charts, and graphs that effectively communicate key metrics and performance indicators to stakeholders.Data Integration: Integrate data from diverse sources such as relational databases, spreadsheets, and cloud-based platforms to create cohesive data sets for detailed analysis and visualization.Performance Optimization: Optimize Tableau dashboards and reports for enhanced performance and efficiency, ensuring quick load times and system responsiveness.SQL Proficiency: Demonstrate proficiency in SQL for complex queries and possess a solid understanding of database management systems.Training & Support: Provide comprehensive training and support to end-users on Tableau functionality, best practices, and dashboard operation to enhance adoption and maximize utility.Compliance & Governance: Ensure strict adherence to data governance policies and standards, focusing on data security, privacy, and quality assurance.ETL Familiarity: Utilize ETL tools such as Talend for data preparation and integration tasks prior to visualization in Tableau.Collaboration: Work closely with cross-functional teams, including business analysts, data engineers, and IT professionals, to gather requirements and deliver effective Tableau solutions.Documentation: Document data sources, data models, and Tableau dashboards to maintain a comprehensive repository of analytical assets and facilitate knowledge sharing.Continuous Improvement: Stay updated with Tableau product developments and industry trends to continually enhance Tableau capabilities and promote innovation within the organization.Tableau User Group Leadership: Run a Tableau User Group within the internal team to foster a collaborative learning environment and enhance skills across the organization.
Qualifications:Bachelor’s degree in Data Science, Business Analytics, Computer Science, or a related field.Proven experience in data analysis and visualization using Tableau.Strong technical skills in SQL and familiarity with database management systems.Experience with ETL tools and data integration methods.Excellent analytical, problem-solving, and communication skills.Ability to work collaboratively in a team environment and manage multiple projects simultaneously.Preferred experience in Healthcare, State, or Local Government sectors.
How to Apply: Interested candidates should submit a resume and a cover letter outlining their qualifications and experience to info@passerelledata.com. Please include examples of past projects or dashboards developed in Tableau if available.",,,United States,76794605.0,4.0,,,Full-time,,1713535314000.0,1.0,https://www.linkedin.com/jobs/view/3905849490/?trk=jobs_biz_prem_srch,,ComplexOnsiteApply,1716127314000.0,,,,1713535314000.0,,0,FULL_TIME,,,,,
3905855625,TELUS International AI Data Solutions,Online Data Analyst | Work From Home,"TELUS International AI-Data Solutions partners with a diverse and vibrant community to help our customers enhance their AI and machine learning models. The work of our AI Community contributes to improving technology and the digital experiences of many people around the world. Our AI Community works in our proprietary AI training platform handling all data types (text, images, audio, video, and geo) across 500+ languages and dialects. We offer flexible work-from-home opportunities for people with a passion for languages. The jobs are part-time, and there is no fixed schedule. Whoever you are, wherever you come from, come join our global AI community. www.telusinternational.com

We are hiring freelance English-speaking Online Data Analysts for a project aimed at improving the content and quality of digital maps, which are used by millions of users globally. The job would suit someone who is detail-oriented, likes doing research, and has a good knowledge of national and local geography.

This is a freelance position on a flexible schedule - you can work in your own time whenever work is available. You will be completing research and evaluation tasks in a web-based environment, eg verifying and comparing data, and determining the relevance and accuracy of information. You will be provided with guidelines for each task, which need to be followed.


Requirements:Full Professional Proficiency in EnglishYou must be living in The United States of America for the last 2 consecutive yearsAbility to follow guidelines and do research online using search engines, online maps, and website informationYou must have familiarity with current and historical business, media, sports, news, social media, and cultural affairs in The United States of AmericaBeing open to work across a diverse set of Task Types (e.g. Maps, News, Audio tasks, Relevance)Willingness to learn and adapt to changing guidelines and tasksApplicants must be 18 years or over.
Working on this project will require you to go through a standard recruitment process (including passing an open book assessment). This is a long-term project and your work will occasionally be subject to quality assurance checks.


Why Join the TELUS International AI Community? Earn additional income with flexible hours to fit your lifestyleBetter work-life balanceBe your own bossComplimentary Well-Being package encompassing a wealth of well-being resources.Be part of an online community

Payment:Rate of pay per task is inclusive of reading task guidelines. Payment will be issued in accordance with the terms of the contributor agreement upon successful completion of tasks.

What’s next?If this sounds like a role you’d be interested in taking on, please apply below.https://telusinternational.headway.ai/searchResults/REQ_ID_3248/?org_id=7e019ed4-d02b

""All qualified applicants will receive consideration for employment without regard to race, color, religion, sex, sexual orientation, gender identity, national origin, disability, or protected veteran status.""

Important notice: TELUS International will never request a monetary deposit for any role or project with the company, and our recruitment and sourcing teams only use @telusinternational.com or @telusinternational.ai addresses when emailing candidates.
If you are unsure as to whether a job offer is legitimate, please contact us at TI_AICommunitySupport@telusinternational.com for confirmation.",,,"North Carolina, United States",6611939.0,1.0,,,Part-time,,1713536242000.0,1.0,https://www.linkedin.com/jobs/view/3905855625/?trk=jobs_biz_prem_srch,https://telusinternational.headway.ai/searchResults/REQ_ID_3248/?org_id=7e019ed4-d02b,OffsiteApply,1716128242000.0,,Entry level,,1713536242000.0,,0,PART_TIME,,,,,
3905856818,Talent Groups,Peoplesoft Business Analyst - W2 only,"Experience as a Business Analyst on PeopleSoft Financials and Supply Chain Management (FSCM) on implementation or upgrade projectsExperience as a Business Analyst with PeopleSoft FSCM 9.2 General Ledger and Commitment Accounting.Experience as a Business Analyst in identifying requirements and creating formal functional documents for key business stakeholders and SMEsExperience as a Business Analyst in conducting formal work sessions and functional analysis presentationsExperience in performing hands-on end-to-end system integration and external interface testing(at least 4) Experience with Microsoft O365 applications (Word, Excel, PowerPoint, Visio)(at least 2) Experience with MS Team and Channel communication with a large team(at least 2) Experience with MS Team and Channel communication with a large teamExperience working with the Comptroller of Public Accounts (CPA) CAPPS FinancialsExperience with PeopleSoft FSCM 9.2 eProcurement, Strategic Sourcing, Supplier ContractsExperience with PeopleSoft Approval Workflow Engine (AWE)Experience with SharePointExperience with JiraExperience working with the Scrum frameworkExperience with STAT",,,"Texas, United States",51701268.0,6.0,,,Contract,,1713536837000.0,1.0,https://www.linkedin.com/jobs/view/3905856818/?trk=jobs_biz_prem_srch,,ComplexOnsiteApply,1716128837000.0,,Mid-Senior level,,1713536837000.0,,0,CONTRACT,,,,,
3905859776,SoftServe,Senior Business Analyst,"WE ARESoftServe is a leading technology solutions company specializing in software development and consultancy services. With development centers across Eastern Europe and Latin America, we treat our client’s business as if it were our own and are passionate about delivering efficient, innovative, world-class solutions.
The project aims to consolidate two existing CRMs into one. The user flows may be reworked and any potential data gaps in these flows should be identified. The new system should be documented, and a proposal for work distribution among the teams should be developed.
YOU AREA specialist who has project history of identifying data gaps after a company migrates off of systems and into new onesA specialist who understands how to internally interview employees to identify the data gaps they have that are preventing them from doing their jobsA professional who worked on a project focused on where customer data should be stored and surfaced in order for employees to sell and support customers; as well as give customers a better experience when engaging with the company for a purchase or supportIf you are the one who has an experience with SalesForce.com (SFDC) - and ideally understands how data can feed into it from other systems - would be considered as a great plus!
YOU WANT TO WORK WITHVisioning and scoping of the new system.Analyzing current CRM flows and redefining them in collaboration with stakeholders.Analyzing current data usage, identifying data gaps for the identified flows, removing redundant data, finding data sources, providing data mappings from different sources into the new CRM, and possibly creating new charts, dashboards, or recommendations based on data analysis.Describing personas working with CRMs.Possibly distributing the scope among several teams.Experience with CRM and Salesforce CRM flows is preferable.Continuation of work includes helping with the enrollment of the new system
WE OFFERSupport in your technical and personal growth -> we have a dedicated career plan for all roles in our companyDynamic projects and still the very stable place to workPossibility to take a part in internal and external eventsWe give you access to experienced specialists who are eager to share their knowledge
All qualified applicants will receive consideration for employment without regard to race, color, religion, age, sex, national origin, disability, sexual orientation, gender identity/expression, or protected veteran status. SoftServe is an Equal Opportunity Employer.",,,"Texas, United States",6549.0,1.0,,,Full-time,,1713537067000.0,,https://www.linkedin.com/jobs/view/3905859776/?trk=jobs_biz_prem_srch,,ComplexOnsiteApply,1716129067000.0,,Mid-Senior level,,1713537067000.0,,0,FULL_TIME,,,,,
3905860144,Coders Data,Junior Data Analyst,"We are seeking an entry-level Java/J2EE developer who should be self-directed and will utilize their passion for Java development to provide insights to the business, covering a range of topics.
Hire Type : Fulltime on W2Role : Software DeveloperLocation : Arlington, TXEmployment Type: Hybrid or RemoteCompensation : $75,000-$80,000 per annumWork Authorization: Any EAD (CPT,OPT, H4-EAD, H1B,GC, etc.)Contact : 307-227-8046 | soham@codersdata.com
About Us:CodersData is a full-service placement firm that has been servicing clients in America for the past 10+ years. We are dedicated to fulfilling the IT needs of our clients. From recruiting to the full implementation of projects, we provide the highest quality IT services. We intend to deliver an exceptional student outcome. We don't just help you secure a tech job; we help you build a solid career in technology.
Job Description:This position encompasses a diverse range of skills, emphasizing cross-functional collaboration and comprehensive project planning, oversight, and execution. The software developer will play a crucial role in shaping and influencing the operational outcomes of the business through the implementation of innovative solutions.
Roles and responsibilities:Design, develop, and implement high-quality Java-based applications and services.Collaborate with cross-functional teams to define, design, and ship new features.Ensure code quality by writing clean, efficient, and well-tested code.Troubleshoot, debug, and resolve issues in production environments.Participate in code reviews and provide constructive feedback to peers.Stay updated with the latest technologies and industry trends to continuously improve development practices.Work closely with stakeholders to gather requirements and translate them into technical specifications.Deploy applications to AWS and manage cloud infrastructure as needed.Qualifications and requirements:Bachelor's degree in computer science, engineering, or a related field.Strong proficiency in the Java programming language and related frameworks such as Spring, Spring Boot, and Hibernate.Experience with cloud platforms, particularly AWS services such as EC2, S3, Lambda, and RDS.Familiarity with microservices architecture and containerization technologies like Docker.Solid understanding of the software development lifecycle (SDLC) and Agile methodologies.Excellent problem-solving skills and attention to detail.Ability to work independently as well as in a collaborative team environment.Effective communication skills, both verbal and written.Experience with continuous integration and deployment (CI/CD) tools is a plus.Other Benefits:Health Care Plan (Medical, Dental, and Vision).Visa SponsorshipOn-the-job Technical supportE- verified2 weeks of paid time off (vacation or sickness).Short-term and long-term disabilities.Training and development.Wellness Resources.Paid Time Off (PTO)
Candidates who are missing the required skills might be provided an option to enhance their skills so that they can also apply for the role and make a career in the IT industry.***Freshers can also apply***",80000.0,YEARLY,United States,14508644.0,2.0,,75000.0,Full-time,,1713536268000.0,1.0,https://www.linkedin.com/jobs/view/3905860144/?trk=jobs_biz_prem_srch,,ComplexOnsiteApply,1716128268000.0,,Entry level,,1713536268000.0,,0,FULL_TIME,USD,BASE_SALARY,77500.0,,
3905864341,Talent Groups,PeopleSoft Business Analyst,"Job Title: Peoplesoft Business Analyst Job Description:We are seeking an experienced Peoplesoft Business Analyst - Level 3 with a strong background in PeopleSoft Financials and Supply Chain Management (FSCM), specifically focused on implementation or upgrade projects. The ideal candidate will have extensive experience in PeopleSoft FSCM 9.2 General Ledger and Commitment Accounting and must have worked with the Comptroller of Public Accounts (CPA) CAPPS Financials.Key Responsibilities:Understand business objectives and problems, identify alternative solutions, and perform studies and cost/benefit analysis of alternatives.Analyze user requirements, procedures, and problems to automate processing or improve existing computer systems.Write detailed descriptions of user needs, program functions, and steps required to develop or modify computer programs.Review computer system capabilities, specifications, and scheduling limitations to determine if requested program changes are possible within the existing system.Conduct formal work sessions and functional analysis presentations, working closely with key business stakeholders and subject matter experts (SMEs).Document complex system requirements, processes, test scenarios, test scripts, and training materials.Perform hands-on end-to-end system integration and external interface testing.Collaborate effectively with diverse teams using collaboration tools such as MS Team and Channel communication.Estimate work, set deadlines, and communicate effectively with team members and stakeholders.Requirements:Minimum 8 years of experience as a Business Analyst on PeopleSoft Financials and Supply Chain Management (FSCM) implementation or upgrade projects.Minimum 8 years of experience as a Business Analyst with PeopleSoft FSCM 9.2 General Ledger and Commitment Accounting.Experience in identifying requirements, creating formal functional documents, conducting formal work sessions, and functional analysis presentations.Hands-on experience with Microsoft O365 applications (Word, Excel, PowerPoint, Visio).Experience working with the Comptroller of Public Accounts (CPA) CAPPS Financials is mandatory.Experience with collaboration tools like MS Team and Channel communication with a large team is required.Preferred experience with PeopleSoft FSCM 9.2 eProcurement, Strategic Sourcing, Supplier Contracts, Approval Workflow Engine (AWE), SharePoint, Jira, Scrum framework, and STAT.",,,United States,51701268.0,20.0,,,Contract,1.0,1713537206000.0,1.0,https://www.linkedin.com/jobs/view/3905864341/?trk=jobs_biz_prem_srch,,ComplexOnsiteApply,1716129205000.0,,Mid-Senior level,,1713537206000.0,,0,CONTRACT,,,,,
3905869055,SoftServe,Senior Business Analyst,"WE ARESoftServe is a leading technology solutions company specializing in software development and consultancy services. With development centers across Eastern Europe and Latin America, we treat our client’s business as if it were our own and are passionate about delivering efficient, innovative, world-class solutions.
The project aims to consolidate two existing CRMs into one. The user flows may be reworked and any potential data gaps in these flows should be identified. The new system should be documented, and a proposal for work distribution among the teams should be developed.
YOU AREA specialist who has project history of identifying data gaps after a company migrates off of systems and into new onesA specialist who understands how to internally interview employees to identify the data gaps they have that are preventing them from doing their jobsA professional who worked on a project focused on where customer data should be stored and surfaced in order for employees to sell and support customers; as well as give customers a better experience when engaging with the company for a purchase or supportIf you are the one who has an experience with SalesForce.com (SFDC) - and ideally understands how data can feed into it from other systems - would be considered as a great plus!
YOU WANT TO WORK WITHVisioning and scoping of the new systemAnalyzing current CRM flows and redefining them in collaboration with stakeholdersAnalyzing current data usage, identifying data gaps for the identified flows, removing redundant data, finding data sources, providing data mappings from different sources into the new CRM, and possibly creating new charts, dashboards, or recommendations based on data analysisDescribing personas working with CRMsPossibly distributing the scope among several teamsExperience with CRM and Salesforce CRM flows is preferableContinuation of work includes helping with the enrollment of the new system
WE OFFERSupport in your technical and personal growth -> we have a dedicated career plan for all roles in our companyDynamic projects and still the very stable place to workPossibility to take a part in internal and external eventsWe give you access to experienced specialists who are eager to share their knowledge
All qualified applicants will receive consideration for employment without regard to race, color, religion, age, sex, national origin, disability, sexual orientation, gender identity/expression, or protected veteran status. SoftServe is an Equal Opportunity Employer.",,,United States,6549.0,4.0,,,Full-time,1.0,1713537408000.0,1.0,https://www.linkedin.com/jobs/view/3905869055/?trk=jobs_biz_prem_srch,,ComplexOnsiteApply,1716129408000.0,,Mid-Senior level,,1713537408000.0,,0,FULL_TIME,,,,,
3905877360,Sunnova Energy,Energy Policy & Data Analyst,"Brief Description Of Sunnova

Sunnova (NYSE: NOVA) is an industry-leading adaptive energy services company focused on making clean energy more accessible, reliable, and affordable for homeowners and businesses.

At Sunnova, we embrace diverse perspectives, vibrant creativity and forward-thinkers who share our zeal for a sustainable future. A career with us means pushing beyond traditional limits, exploring new horizons, collaborating with like-minded peers, and transforming the energy industry for the better.

If you're excited about being a part of the fastest-growing segment of the energy industry, we encourage you to apply!

The Energy Policy & Data Analyst Position 

Sunnova Energy is searching for an Energy Policy & Data Analyst to be responsible for supporting the Government Affairs division within Sunnova. Our ambitious team is building a network of distributed energy assets to meet the challenge of providing clean, affordable, and reliable energy to all homeowners.

As an Energy Policy and Data Analyst at Sunnova, you will collect, model, and translate energy data to advance regulations and policy that drive deployment of distributed clean energy resources. This position involves working with cross functional teams to model the impact of regulatory, legislative, or third-party proposals on our company and customers. This individual will actively source and analyze data on energy consumption, production, and cost, as well as conduct modeling of energy programs and initiatives. A successful individual will be able to generate reports and provide recommendations for energy policy that furthers our goal of energy independence. Project examples include analysis of rate design, grid services or incentive proposals and their impact on customer savings and electrification. As an Energy Policy and Data Analyst, you will help empower decision makers to make data-informed policies which benefit ratepayers and help achieve decarbonization goals.


Strong communication skills, modeling, energy data analysis, and critical thinking are required for a successful candidate. Knowledge of energy systems and distributed solar is required.

Reporting to the Senior Manager of Government Affairs, you will work across different teams to model data to inform policy advocacy. The ability to obtain data from multiple sources, including regulatory or legislative hearings, academic articles, and reports, are fundamental to the role.

A willingness to perform under deadlines and collaborate within an organization is required. Honesty, accountability, and integrity are a must.

Energy Policy & Data Analyst Responsibilities

Support Government Affairs team members with energy policy recommendations based on data modelingEvaluate relevant regulatory or legislative filings and model the impacts to Sunnova’s customers and businessAnalyze program proposals (grid services, incentives, net energy metering, fixed charges) and develop recommendations that align with Sunnova’s objectivesCollaborate with interdisciplinary teams to model impacts to our customers by using a variety of software and data management tools Python, R, SQL, and ExcelDevelop clear and concise descriptions of data, methodology and results for inclusion in public filings, testimony and reportsPerform modeling to evaluate the impacts and effectiveness of policies and regulationsQuantify the benefits to ratepayers from solar and storage programsWork with customer management software such as Tableau


Minimum Requirements

Bachelor’s Degree in data science, economics or applicable area of focus; advanced degree preferred3-5 years of applicable experience including conducting data science projects in renewable energy, grid services, or distributed energy resource managementExceptional quantitative, modeling, analytical and communication skillsAbility to work independently and as part of a teamAnalytical thinker capable of defining value for customersSkill in managing multiple activities, delivering on commitments, and operating with speed and accuracy


Preferred Qualifications

Strong understanding of the solar energy market and regulatory environmentKnowledge and experience with energy systems analysisPrior work with Public Utility Commissions and energy market regulatorsThrives in a challenging and fast-paced workplaceExperience producing documents for regulators and legislators


Additional Knowledge, Skills And Abilities

Self-starter, diligent and detail orientedHonesty, integrity, and accountability


Working Conditions

Remote work from home office environment15% Travel


Benefits

Sunnova offers a generous employee reward package that includes:

Comprehensive benefits, including medical, dental, vision, life insurance, healthcare flexible spending account, and 401(k) with employer match.Competitive compensation & annual bonusPaid time off, including 10 holidays and paid parental LeaveCell phone allowance for many rolesFree access to onsite fitness center in Houston and/or discounted fitness memberships through health providerComplimentary garage parking in Houston


$95,000 - $105,000 a year

All qualified applicants will receive consideration for employment without regard to race, color, religion, sex, sexual orientation, gender identity, or national origin.

We appreciate the capabilities of artificial intelligence (AI), and we are looking to hire real people. If you use AI for any part of the job application process, we highly encourage that you review any AI generated content to ensure your personality and unique capabilities are highlighted. We reserve the right to disqualify candidates that we reasonably believe solely relied on AI generated content in the application process.

If you are selected for a position, your employment will be contingent upon submission to and successful completion of a post-offer/pre-placement drug test (and medical examination if required by the role) as well as pre-placement verification of the information and qualifications provided during the selection process.",105000.0,YEARLY,United States,3165266.0,3.0,,95000.0,Full-time,,1713539322000.0,1.0,https://www.linkedin.com/jobs/view/3905877360/?trk=jobs_biz_prem_srch,,ComplexOnsiteApply,1716131985000.0,,Entry level,,1713539985000.0,jobs.lever.co,0,FULL_TIME,USD,BASE_SALARY,100000.0,,
3906073457,Amerit Consulting,Proposal & Technical Marketing Analyst – 100% REMOTE,"OVERVIEW: Our client, a US Fortune 250 company and a global Medical technology corporation serving customers in Clinical Labs, Health care research & Pharmaceutical industry, seeks an accomplished Proposal & Technical Marketing Analyst – 100% REMOTE.

Position: Proposal & Technical Marketing Analyst – 100% REMOTELocation: REMOTEDuration: 3-6 months+ temp-to-hire!
Pay rate: $50/ hr
JOB DESCRIPTION: The Technical Marketing resource is responsible for the creation of IT, security, and technical content, with the ability to manage and prioritize multiple projects, and work with cross-functional teams in accordance with the highest quality standards for commercial excellence. This role supports the IT needs of the Global Marketing and US Region Sales and HIT teams for responses to technical questions related to the MMS solutions including Alaris, Pyxis, and HealthSight platforms. Requests may be in the form of full technical assessments, RFPs, contract language, general customer questions or other technical support as needed.Bachelor’s degree preferably in a technical field, or equivalent experienceTechnical IT trainingKnowledge of MMS products preferredProject management experienceDemonstrated ability to multitask and balance competing priorities to meet deadlinesExcellent writing skills, the ability to assimilate technical information from various sources into an accurate, customer facing responseDriven by desire to assist and supportStrong customer centric perspective
The position reports to the Senior Manager, Technical Marketing, US Region MMS, and will require close cross functional collaboration with the US Region RFP Team, R&D, Technical Product Management, Product Security, Information Security, Data Privacy, Contracts, Legal and GCS technical teams.
Responsibilities:Have in-depth knowledge of the function, features and technical requirements for implementation of MMS solutions.Coordinates and completes the writing of technical responses for incoming IT and technical questions from RFPs, contracts, general customer questions or security auditsDemonstrate strong project management skills to prioritize, triage, complete and track requests appropriately.Develop strong internal relationships with the technical Subject Matter Experts (SMEs) including the platform development teams and Global Marketing teams.Maintain training to remain current with knowledge depth on new versions and product releases.Consistently provide timely and accurate responses to avoid undue risk or lost opportunities for the company.Collaborates with the HIT team to deliver technical training to support MMS solutions and product releasesReviews product release content from platform and commercial teams to ensure technical details are complete to support IT customer conversationsWorks cross-functionally with product and information security to ensure product security whitepapers security are current and available with product releasesOther responsibilities as assigned.


I'd love to talk to you if you think this position is right up your alley, and assure a prompt communication, whichever direction. If you are looking for rewarding employment and a company that puts its employees first, we'd like to work with you. 
Recruiter Name: Gurjant “GARY” SinghTitle: Sr. RecruiterPhone: 925-297-5994

Company Overview:
Amerit Consulting is an extremely fast-growing staffing and consulting firm. Amerit Consulting was founded in 2002 to provide consulting, temporary staffing, direct hire, and payrolling services to Fortune 500 companies nationally: as well as small to mid-sized organizations on a local & regional level. Currently, Amerit has over 2,000 employees in 47 states. We develop and implement solutions that help our clients operate more efficiently, deliver greater customer satisfaction, and see a positive impact on their bottom line. We create value by bringing together the right people to achieve results. Our clients and employees say they choose to work with Amerit because of how we work with them - with service that exceeds their expectations and a personal commitment to their success. Our deep expertise in human capital management has fueled our expansion into direct hire placements, temporary staffing, contract placements, and additional staffing and consulting services that propel our clients’ businesses forward.
Amerit Consulting provides equal employment opportunities to all employees and applicants for employment and prohibits discrimination and harassment of any type without regard to race, color, religion, age, sex, national origin, disability status, genetics, protected veteran status, sexual orientation, gender identity or expression, or any other characteristic protected by federal, state or local laws.This policy applies to all terms and conditions of employment, including recruiting, hiring, placement, promotion, termination, layoff, recall, transfer, leaves of absence, compensation, and training.Applicants, with criminal histories, are considered in a manner that is consistent with local, state and federal laws.",,HOURLY,United States,88236.0,,50.0,,Contract,,1713550038000.0,1.0,https://www.linkedin.com/jobs/view/3906073457/?trk=jobs_biz_prem_srch,,ComplexOnsiteApply,1716142037000.0,,Mid-Senior level,,1713550038000.0,,0,CONTRACT,USD,BASE_SALARY,104000.0,,
3906091847,Vertisystem,Data Analyst,"We're currently recruiting for the position of Operations Analyst/Data Analyst _ 14232213.
Duration: 12-month contractLocation: Audubon PA 19403 (Hybrid/Remote)
Job Description:
RequirementsTo perform this job successfully, an individual must be able to perform each essential duty satisfactorily. The requirements listed below are representative of the knowledge, skill, and/or ability required. Reasonable accommodations may be made to enable individuals with disabilities to perform the essential functions.
• BS in Engineering, Computer Science, Data Science, Information Technology, or equivalent work experience.• Strong data analytic skills and in associated visualization tools like Tableau.• Demonstrated abilities in SQL and relational database interactions.• Skilled in use of MS Office suite - Excel, Word, PowerPoint, Visio.• Excellent oral and written communication skills to facilitate customer support.• Good time management skills to adapt to varying paces of workflow.• Strong attention to detail.• High analytical and problem solving ability.
Preferred• Basic understanding of power system components and their database models.• Demonstrated working knowledge of Atlassian Confluence and JIRA.• Basic understanding of one-line diagrams and EMS models.• Programming experience geared towards automation and data mining. Python, SAS, and PI experience preferred.• Demonstrated understanding of time series data and linear regression modelling.
Responsibilities
Generation Outage Support:o Maintain daily generation outage report.o Work with System Operators to maintain the reliability of the power grid.o Perform data analysis / validation tasks across various generator operational databases.o Create and maintain various dashboards for visualization of generator operational data.
Load Forecasting:o Perform analysis on load and weather impacts related to summer and winter peak periods, or other operational events.o Maintain load forecasting metrics dashboard and support regular operational metrics reports.o Onboard incoming renewable resources (Wind/Solar) into forecasting systems. o Support ongoing improvements to Load Forecast accuracy.
Gas / Electric Coordination:o Coordinate with third-party gas market to understand operational impacts to gas generators in .o Create and maintain various internal gas / electric coordination related informational dashboards and displays.
Generator Outreach/Data Collectiono Develop targeted data request questions to generation units to capture relevant data in a widely usable format.o Present and lead discussions around findings of data analysis including data visualization in a reproducible manner and outlier detection.

Thank You!",42.0,HOURLY,"Pennsylvania, United States",3009879.0,330.0,,40.0,Contract,157.0,1713553038000.0,1.0,https://www.linkedin.com/jobs/view/3906091847/?trk=jobs_biz_prem_srch,,ComplexOnsiteApply,1716145037000.0,,Mid-Senior level,,1713553038000.0,,0,CONTRACT,USD,BASE_SALARY,85280.0,,
3906225726,Medica,Senior Healthcare Data Analyst,"The Senior Healthcare Data Analyst analyzes data by collecting, monitoring, and creating models for decision support. Improves operational activities by analyzing results; monitoring variances; identifying trends; recommending actions to management. This is a senior level professional position that is accountable for more complex responsibilities with minimal supervision and serves as a resource to others.

Qualifications: 

Bachelor's degree or equivalent combination of education and experience required; degree within Finance, Business Administration, Analytics, Economics or related preferred 5+ years of work experience within finance and/or analytics required 

Skills and Abilities:

3+ years SAS, SQL or PowerBI experience requiredAdvanced Microsoft Excel skills required Healthcare, Health Plan experience preferredData-driven, analytic, reporting and financial background strongly preferred

This position is a Remote role. The employee must be located in any state in which Medica is an employer and will work remotely 100% of the time.

The full salary range for this position is $67,100 - $115,100. Annual salary range placement will depend on a variety of factors including, but not limited to, education, work experience, applicable certifications and/or licensure, the position's scope and responsibility, internal pay equity and external market salary data. In addition to compensation, Medica offers a generous total rewards package that includes competitive medical, dental, vision, PTO, Holidays, paid volunteer time off, 401K contributions, caregiver services and many other benefits to support our employees.

The compensation and benefits information is provided as of the date of this posting. Medica’s compensation and benefits are subject to change at any time, with or without notice, subject to applicable law.

Medica's commitment to diversity, equity and inclusion (DEI) includes unifying our workforce through learning and development, recruitment and retention. We consistently communicate the importance of DEI, celebrate achievements, and seek out community partnerships and diverse suppliers that are representative of everyone in our community. We are developing sustainable programs and investing time, talent and resources to ensure that we are living our values. We are an Equal Opportunity/Affirmative Action employer, where all qualified candidates receive consideration for employment indiscriminate of race, religion, ethnicity, national origin, citizenship, gender, gender identity, sexual orientation, age, veteran status, disability, genetic information, or any other protected characteristic.",115100.0,YEARLY,United States,10086.0,5.0,,67100.0,Full-time,,1713484800000.0,1.0,https://www.linkedin.com/jobs/view/3906225726/?trk=jobs_biz_prem_srch,https://recruiting2.ultipro.com/MED1007MHP/JobBoard/ffa5492f-9175-4dab-891d-a6a5d6dced2f/OpportunityDetail?opportunityId=11f852cc-ccba-4ff0-969e-09c1b97e0d57&utm_source=LINKEDIN&utm_medium=referrer,OffsiteApply,1716154955000.0,,Mid-Senior level,,1713562955000.0,recruiting2.ultipro.com,0,FULL_TIME,USD,BASE_SALARY,91100.0,,
3906246968,Cisco Meraki,Data Analyst,"Who We Are:

Our employees fuel the magic of the Meraki community! They have fostered an environment that empowers Merakians to challenge limits, embrace risks, and assist our customers in pursuing their missions!

Our guiding principles are rooted in our four core values: 'care deeply,' 'everybody in,' 'simplify everything,' and 'be brave.' These pillars have propelled us to the forefront of cloud-managed IT leadership and have played a pivotal role in shaping a more inclusive future for all.

Job Overview

We are seeking a skilled Data Analyst to join our team in our Recruiting organization. The Data Analyst will be responsible for collecting, cleaning, analyzing, and presenting data to influence business decision-making. The successful candidate will work closely within the department to understand their data needs and frequently engage with senior leadership to deliver dashboards and reports.

Responsibilities:

Partner with other data analysts to drive improvements to data warehouse architecture and associated business processesAnalytical problem solver who can draw business conclusions from multiple sources of information with accuracy from highly confidential dataLeadership competencies with the ability to communicate effectively and mentor effectively with TA team members at various levelsProject management capabilities; strong organizational skills and ability to manage and prioritize multiple projects or assignments at one time, including the ability to follow assignments through to completion and meet deadlines independentlyAdvanced proficiency with Microsoft Excel, and the use of formulas, data queries a BI Connectors, API endpoints as well as databases to analyze dataExperience creating sophisticated queries, analyzing data, and finding opportunities to improve data integrity, creating data-related dashboardsProficiency in creating presentations to communicate results and recommended solutions or process improvements

Minimum Qualifications:

Bachelor's degree in Mathematics, Statistics, Computer Science, Data Science, Machine Learning, Artificial Intelligence or a related field.3+ years of proven experience as a Data Analyst, Data Scientist, Data Engineer, Machine Learning & Artificial Intelligence Engineer, or similar role.Proficiency in SQL.Proficiency in data visualization tools such as Tableau, PowerBI, Looker, or Qlik.Proficiency in Python and hands-on experience with Data Science libraries (e.g. Pandas, NumPy, Scikit-Learn, Mathplotlib, etc.)Knowledge of statistics including hypothesis testing and probability distributions.Knowledge in data architecture, data warehousing and ETL pipelines.Excellent data storytelling and data communication skills in English.Ability to write technical documentation with data requirements and define metrics relevant to projects’ objectives.Strong analytical and problem-solving skills.Excellent collaboration skills.

Preferred Qualification

Applicant tracking systems (ATS) Avature and Greenhouse, CRMs and recruitment software/systemsWorking knowledge of Human Resource and Talent Acquisition standard methodologiesKnowledge of Office of Federal Contract Compliance Programs (OFCCP) and audits

Life at Cisco Meraki: Work How You Feel Most Empowered

Our hybrid work model prioritizes work-life balance by offering employees the flexibility and autonomy to work outside of the office, or in-person with their team. We believe that if employees work how they feel most empowered, everyone benefits, including our customers.

We offer exciting benefits and perks, including Paid-Time-Off (PTO), Volunteer-Time-Off (VTO), and on-site health and wellness opportunities, among many other perks. Our goal is to support the whole you.

To learn more about benefits and perks offered at Cisco Meraki click here.

At Cisco Meraki, we’re challenging the status quo with the power of diversity, inclusion, and collaboration. When we connect different perspectives, we can imagine new possibilities, inspire innovation, and release the full potential of our people. We’re building an employee experience that includes appreciation, belonging, growth, and purpose for everyone.

We will ensure that individuals with disabilities are provided reasonable accommodation to participate in the job application or interview process, to perform essential job functions, and to receive other benefits and privileges of employment. Please contact us to request accommodation.

Compensation Range:

$88,400—$157,500 USD

Message to applicants applying to work in the U.S. and/or Canada:

When available, the salary range posted for this position reflects the projected hiring range for new hire, full-time salaries in U.S. and/or Canada locations, not including equity or benefits. For non-sales roles the hiring ranges reflect base salary only; employees are also eligible to receive annual bonuses. Hiring ranges for sales positions include base and incentive compensation target. Individual pay is determined by the candidate's hiring location and additional factors, including but not limited to skillset, experience, and relevant education, certifications, or training. Applicants may not be eligible for the full salary range based on their U.S. or Canada hiring location. The recruiter can share more details about compensation for the role in your location during the hiring process.

U.S. employees have access to quality medical, dental and vision insurance, a 401(k) plan with a Cisco matching contribution, short and long-term disability coverage, basic life insurance and numerous wellbeing offerings. Employees receive up to twelve paid holidays per calendar year, which includes one floating holiday, plus a day off for their birthday. Employees accrue up to 20 days of Paid Time Off (PTO) each year and have access to paid time away to deal with critical or emergency issues without tapping into their PTO. We offer additional paid time to volunteer and give back to the community. Employees are also able to purchase company stock through our Employee Stock Purchase Program.

Employees on sales plans earn performance-based incentive pay on top of their base salary, which is split between quota and non-quota components. For quota-based incentive pay, Cisco pays at the standard rate of 1% of incentive target for each 1% revenue attainment against the quota up to 100%. Once performance exceeds 100% quota attainment, incentive rates may increase up to five times the standard rate with no cap on incentive compensation. For non-quota-based sales performance elements such as strategic sales objectives, Cisco may pay up to 125% of target. Cisco sales plans do not have a minimum threshold of performance for sales incentive compensation to be paid.",,,United States,92950.0,4.0,,,Full-time,,1713484800000.0,1.0,https://www.linkedin.com/jobs/view/3906246968/?trk=jobs_biz_prem_srch,https://meraki.cisco.com/jobs?gh_jid=5904835&gh_src=qicbe0,OffsiteApply,1716157633000.0,,Entry level,,1713565633000.0,meraki.cisco.com,0,FULL_TIME,,,,,
3906251133,Viva Tech Solutions,Guidewire Business Analyst,"Job Role: Guidewire Claim Center BALocation: TX / NY / PA / CA / NV (Onsite)Job Type : Contract
Detailed JD :Analyze business requirements, design solutions, and collaborate with stakeholders to ensure project successSupport test processes (sprint test, SIT, UAT)Provide guidance and support to project teams (technical, functional, business) throughout the implementation lifecycleHelp optimize business processes’ performance with Guidewire InsuranceSuite (PolicyCenter, BillingCenter, ClaimCenter, EnterpriseEngage / CustomerEngage)",,,"Texas, United States",74519793.0,3.0,,,Contract,,1713564386000.0,,https://www.linkedin.com/jobs/view/3906251133/?trk=jobs_biz_prem_srch,,ComplexOnsiteApply,1716156386000.0,,Mid-Senior level,,1713564386000.0,,0,CONTRACT,,,,,
3906254796,Huntress,Senior Data Analyst,"Reports to: Senior Director of Finance

Location: Remote US

Compensation Range: $120,000 to $140,000 base plus bonus and equity

What We Do: 

Founded in 2015 as a fully remote company by former NSA cyber operators, Huntress was built on a simple premise: to force hackers to earn every inch of their access.

Today’s cyber-attacks aren’t limited to large organizations with the security tools that can ward off threats. Hackers don't discriminate and will find a way to penetrate any vulnerability in any size business, which is why Huntress focuses on protecting those small to midsize businesses that make up the backbone of our economy.

Huntress stops hidden threats that sneak past preventive security tools by utilizing our award-winning security platform and expert human threat hunters through dynamic products, including Managed EDR, MDR for Microsoft 365, and Managed Security Awareness Training.

Join the hunt and help us stop hackers in their tracks!

What You’ll Do: 

We are seeking a highly skilled Sr. Data Analyst with expertise in revenue reporting (ARR), SQL, and complex data models. The ideal candidate will play a critical role in analyzing revenue data, identifying trends, and providing insights to drive strategic decision-making. This position offers an opportunity to work with cross-functional teams, utilizing advanced analytical techniques to optimize revenue performance.

Responsibilities: 

Revenue Analysis: Conduct in-depth analysis of revenue streams across multiple segments, regions, and products. Including variance analysis, trend identification, and forecastingData Modeling: Develop and maintain complex data models to support revenue reporting and analysis initiativesSQL Expertise: Write and optimize SQL queries to extract, transform, and manipulate large datasets from various sourcesARR Reporting: Prepare comprehensive reports and dashboards to communicate revenue performance metrics and insights to stakeholdersForecasting: Collaborate with finance and business teams to develop accurate revenue forecastsProcess Improvement & Automation: Identify opportunities to streamline revenue reporting processes and enhance data accuracy and integrityCross-functional Collaboration: Work closely with teams across the organization, including sales, marketing, and product, to gather data and insights for revenue analysisAd Hoc Analysis: Perform ad hoc analysis and provide decision support to senior management as needed

What You Bring To The Team: 

5+ years of experience in data analytics, with a focus on revenue reporting and analysis in the technology or SaaS industryAdvanced SQL skills, with experience using SQL to perform analysis, standardize queries, and build large-scale relational datasetsStrong analytical skills with experience in developing and interpreting complex data models. Providing insights to drive actionable resultsExperience developing, deploying, and maintaining enterprise-level reports using BI tools such as Sigma, Tableau, Power BI, Looker, or other relevant technologiesKnowledge of accounting principles and revenue recognition standards (e.g., ASC 606).Familiarity with statistical analysis and forecasting techniquesExcellent communication and presentation skills, with the ability to convey complex concepts to non-technical stakeholdersDetail-oriented with a strong commitment to accuracy and data integrityAbility to work independently and collaboratively in a fast-paced, dynamic environment 

What We Offer: 

100% remote work environment - since our founding in 2015Generous paid time off policy, including vacation, sick time, and paid holidays12 weeks paid parental leaveHighly competitive and comprehensive medical, dental, and vision benefits plans 401(k) with 5% contribution regardless of employee contributionLife and Disability insurance plansStock options for all full-time employees One-time $500 reimbursement to build/upgrade home officeAnnual allowance for education and professional development assistance $75 USD/month digital reimbursementAccess to both Udemy and BetterUp platforms for coaching, personal, and professional growth

Huntress is committed to creating a culture of inclusivity where every single member of our team is valued, has a voice, and is empowered to come to work every day just as they are.

We do not discriminate based on race, ethnicity, color, ancestry, national origin, religion, sex, sexual orientation, gender identity, disability, veteran status, genetic information, marital status, or any other legally protected status. 

We do discriminate against hackers who try to exploit small businesses.

Accommodations:

If you require reasonable accommodation in completing this application, interviewing, completing any pre-employment testing, or participating in the employee selection process, please direct your inquiries to accommodations@huntresslabs.com. Please note that non-accommodation requests to this inbox will not receive a response. 

If you have questions about your personal data privacy at Huntress, please visit our privacy page.

#BI-Remote",140000.0,YEARLY,United States,10172550.0,3.0,,120000.0,Full-time,,1713484800000.0,1.0,https://www.linkedin.com/jobs/view/3906254796/?trk=jobs_biz_prem_srch,https://boards.greenhouse.io/huntress/jobs/5959351003,OffsiteApply,1716160370000.0,,Mid-Senior level,,1713568370000.0,boards.greenhouse.io,0,FULL_TIME,USD,BASE_SALARY,130000.0,,
