job_id,company_name,title,description,max_salary,pay_period,location,company_id,views,med_salary,min_salary,formatted_work_type,applies,original_listed_time,remote_allowed,job_posting_url,application_url,application_type,expiry,closed_time,formatted_experience_level,skills_desc,listed_time,posting_domain,sponsored,work_type,currency,compensation_type,normalized_salary,zip_code,fips,source,extracted_skills
3885112244,,Business Analyst,"Business Analyst will be part of a core central project execution team within Front Office, that ensures the timely execution of Project deliverables across workstreams.
Responsibilities of this role:Set up and facilitate meetings with Stakeholders to understand business processes, pain points, and project requirements.Understand program needs and document clear and detailed business requirements, including the creation of process flows.Acts as a translator between the stakeholder and other team members to help the business team understand the client’s vision.Operate in both an Agile and traditional Waterfall environments while actively supporting deliverable creation and delivery.Routinely record and send out meeting minutes, decisions, and action items to team membersQualifications2+ years of experience as a Business Analyst or relevant professional experience in a variety of backgrounds and industriesExperience working in and utilizing various business analysis techniques with Agile and or traditional project management principlesExperience working as part of a multi-function project team, including interacting and following-up with multiple stakeholders including but not limited to program leaders, SMEs, process owners, IT staff, etc.Skills Required:Strong analytical, planning, and organization skillsDemonstrates strong time management skills and is able to manage competing demandsExcellent presentation and written communication skills with experience interacting at all levels including at the executive levelSolid understanding of and demonstrated experience in using project management tools such as PowerPoint, Excel, Microsoft Project, Visio, and all Office toolsWillingness to learn new skills and dedicated to self-growth
",100000.0,YEARLY,United States,,10.0,,80000.0,Full-time,2.0,1712441167000.0,1.0,https://www.linkedin.com/jobs/view/3885112244/?trk=jobs_biz_prem_srch,,ComplexOnsiteApply,1727992913000.0,,,,1712441167000.0,,0,FULL_TIME,USD,BASE_SALARY,90000.0,,,kaggle_us,['Excel']
3887719397,Talentify.io,Domo Data Analyst (REMOTE),"Employer Industry: Solar Energy

Why Consider This Job Opportunity

 Salary up to $100,000 Opportunity for career advancement and growth within the organization Work remotely from home Health, dental, vision, and life insurance benefits Paid time off, sick leave, and holidays Dynamic and fast-paced work environment

What To Expect (Job Responsibilities)

 Work with large amounts of data to draw meaningful conclusions Develop and implement data collection systems and strategies Provide regular reporting and analysis to the team Collaborate with cross-functional teams to identify areas for improvement Provide training and support to team members on data analysis techniques

What Is Required (Qualifications)

 Minimum two years of experience with DOMO MajorDOMO Certification Required 3+ years experience in data analysis, reporting, business intelligence or financial analysis Bachelor’s Degree in Business, Statistics, Mathematics, Analytics, Computer Sciences or related field Experience with SQL, and DOMO

How To Stand Out (Preferred Qualifications)

 2 years experience in providing people analytics reporting to organizations

#SolarEnergy #DataAnalysis #RemoteWork #CareerGrowth #CompetitivePay

At Talentify, we prioritize candidate privacy and champion equal-opportunity employment. Central to our mission is our partnership with companies that share this commitment. We aim to foster a fair, transparent, and secure hiring environment for all. If you encounter any employer not adhering to these principles, please bring it to our attention immediately.

Talentify is not the EOR (Employer of Record) for this position. Our role in this specific opportunity is to connect outstanding candidates with a top-tier employer.

Talentify helps candidates around the world to discover and stay focused on the jobs they want until they can complete a full application in the hiring company career page/ATS.",,YEARLY,United States,2204084.0,60.0,100000.0,,Full-time,7.0,1712275200000.0,1.0,https://www.linkedin.com/jobs/view/3887719397/?trk=jobs_biz_prem_srch,https://tfy.io/jo/_js9q9m?utm_campaign=booc-linkedin&tdd=dDEsaDEsamw4aDE2LHI0LGVwcm82NjEwNTg0YzI3ZDM3NDExMDAxMTA4&utm_medium=Xml&personalized=true&utm_source=linkedin,OffsiteApply,1714943546000.0,,Entry level,,1712351546000.0,tfy.io,0,FULL_TIME,USD,BASE_SALARY,100000.0,,,kaggle_us,"['SQL', 'Statistics']"
3888946712,Allstate,Rating & Ratemaking Insights Analyst II,"The world isn’t standing still, and neither is Allstate. We’re moving quickly, looking across our businesses and brands and taking bold steps to better serve customers’ evolving needs. That’s why now is an exciting time to join our team. You’ll have opportunities to take risks, challenge the status quo and shape the future for the greater good.

You’ll do all this in an environment of excellence and the highest ethical standards – a place where values such as integrity, inclusive diversity and accountability are paramount. We empower every employee to lead, drive change and give back where they work and live. Our people are our greatest strength, and we work as one team in service of our customers and communities.

Everything we do at Allstate is driven by a shared purpose: to protect people from life’s uncertainties so they can realize their hopes and dreams. For more than 89 years we’ve thrived by staying a step ahead of whatever’s coming next – to give customers peace of mind no matter what changes they face. We acted with conviction to advocate for seat belts, air bags and graduated driving laws. We help give survivors of domestic violence a voice through financial empowerment. We’ve been an industry leader in pricing sophistication, telematics, digital photo claims and, more recently, device and identity protection.

We are the Good Hands. We don’t follow the trends. We set them.

Job Summary

The Rating & Ratemaking Insights Analyst II role will collaborate with other members of their team to provide basic to moderately complex analytical support to various areas of the organization. In addition, the individual will be responsible for supporting business processes that exist within the team and the maintenance of Allstate tools and rates to ensure accuracy. Project work includes, but not limited to: updates that affect Allstate rating plans, minor & major initiatives, basic to moderately complex data validation and ad-hoc requests.

Key Responsibilities

Understands and contributes to the overall plan for projects/processes by coordinating requirements across various disciplines, providing formal documentation if needed and developing a recommended plan and timeline for assigned workUnderstands the state regulatory environment and specific regulations in order to make appropriate decisionsCreates, updates and maintains various aspects incorporated and utilized in the Allstate rating plans and/or rating toolsPartners with appropriate customers to gather requirements and/or understands where to locate information in order to complete basic to moderate complexity processesPerforms testing and documentation, verifies quality through applications and review processes, and identifies inconsistencies in data and communicates with the appropriate customerMake daily decisions to meet accuracy standards, and to identify and resolve basic data issues with support of mentor/managerPerforms basic to moderately complex ad-hoc data requests and responds to questions for various customers

Education And Experience

4 year Bachelors Degree (Preferred)0-2 years experience (Preferred)In lieu of the above education requirements, an equivalent combination of education and experience may be considered.

Certificates, Licenses, Registrations

No Certification, License or Registration is required for the job.

Functional Skills

Basic/Intermediate proficiency in Microsoft Office suiteBasic technology skillsBasic/Intermediate decision making skillsBasic/Intermediate time and project management skillsBasic/Intermediate problem solving skillsBasic/Intermediate detail oriented and organizational skillsIntermediate communication skills (written/verbal) with both internal and external customers

Notes

The preceding description is not designed to be a complete list of all duties and responsibilities. May be required to perform other related duties as assigned. Regular, predictable attendance is an essential function of this job.

Compensation offered for this role is $56,000.00 (established starting salary) and is based on experience and qualifications.

The candidate(s) offered this position will be required to submit to a background investigation, which includes a drug screen.

Good Hands. Greater Together. ℠

As a Fortune 100 company and industry leader, we provide a competitive salary – but that’s just the beginning. Our Total Rewards package also offers benefits like tuition assistance, medical and dental insurance, as well as a robust pension and 401(k). Plus, you’ll have access to a wide variety of programs to help you balance your work and personal life -- including a generous paid time off policy. For a full description of Allstate’s benefits, visit https://www.allstate.jobs/benefits/

Learn more about life at Allstate. Connect with us on Twitter, Facebook, Instagram and LinkedIn or watch a video.

Allstate generally does not sponsor individuals for employment-based visas for this position.

Effective July 1, 2014, under Indiana House Enrolled Act (HEA) 1242, it is against public policy of the State of Indiana and a discriminatory practice for an employer to discriminate against a prospective employee on the basis of status as a veteran by refusing to employ an applicant on the basis that they are a veteran of the armed forces of the United States, a member of the Indiana National Guard or a member of a reserve component.

For jobs in San Francisco, please click “here” for information regarding the San Francisco Fair Chance Ordinance.

For jobs in Los Angeles, please click “here” for information regarding the Los Angeles Fair Chance Initiative for Hiring Ordinance.

To view the “EEO is the Law” poster click “here”. This poster provides information concerning the laws and procedures for filing complaints of violations of the laws with the Office of Federal Contract Compliance Programs

To view the FMLA poster, click “here”. This poster summarizing the major provisions of the Family and Medical Leave Act (FMLA) and telling employees how to file a complaint.

It is the Company’s policy to employ the best qualified individuals available for all jobs. Therefore, any discriminatory action taken on account of an employee’s ancestry, age, color, disability, genetic information, gender, gender identity, gender expression, sexual and reproductive health decision, marital status, medical condition, military or veteran status, national origin, race (include traits historically associated with race, including, but not limited to, hair texture and protective hairstyles), religion (including religious dress), sex, or sexual orientation that adversely affects an employee's terms or conditions of employment is prohibited. This policy applies to all aspects of the employment relationship, including, but not limited to, hiring, training, salary administration, promotion, job assignment, benefits, discipline, and separation of employment.

",,YEARLY,United States,1835.0,56.0,56000.0,,Full-time,11.0,1712633225000.0,1.0,https://www.linkedin.com/jobs/view/3888946712/?trk=jobs_biz_prem_srch,https://www.allstate.jobs/job/20030305/rating-ratemaking-insights-analyst-ii-remote/?source=linkedinjobpostings,OffsiteApply,1715225970000.0,,,,1712633970000.0,www.allstate.jobs,0,FULL_TIME,USD,BASE_SALARY,56000.0,,,kaggle_us,[]
3889414779,Talentify.io,Data Analyst -AITS (Hybrid/Remote),"Employer Industry: Higher Education

Why Consider This Job Opportunity

 Salary up to $80,000 Opportunity for career advancement and growth within the organization Supportive and collaborative work environment Chance to directly impact student success, research discovery, public service, and healthcare missions Continuous learning of new data analytics technologies Development of educational programs to enhance data literacy

What To Expect (Job Responsibilities)

 Engage and assist university clients with understanding and utilizing data effectively Design data analytics solutions such as reports and dashboards Coordinate and develop data education programs to enhance data literacy Actively participate in project activities and provide project status updates Provide input and support for upgrades, capacity planning, and best practices

What Is Required (Qualifications)

 High school diploma or equivalent Minimum of 2 years (24 months) of college coursework or work experience in IT-related functions Additional education, training, and work experience may be required based on position requirements Excellent communication skills, both oral and written Demonstrated ability to prioritize and collaborate in a team-oriented environment

How To Stand Out (Preferred Qualifications)

 Experience in a higher education environment Demonstrated experience with cloud data storage solutions Drive to learn and master new technologies and techniques Demonstrated ability to gather requirements and develop data analytics solutions iteratively Experience with SQL query development

#DataAnalytics #HigherEducation #CareerOpportunity #CompetitivePay #DataLiteracy

At Talentify, we prioritize candidate privacy and champion equal-opportunity employment. Central to our mission is our partnership with companies that share this commitment. We aim to foster a fair, transparent, and secure hiring environment for all. If you encounter any employer not adhering to these principles, please bring it to our attention immediately. Talentify is not the EOR (Employer of Record) for this position. Our role in this specific opportunity is to connect outstanding candidates with a top-tier employer.

Talentify helps candidates around the world to discover and stay focused on the jobs they want until they can complete a full application in the hiring company career page/ATS.",,YEARLY,United States,2204084.0,5.0,80000.0,,Full-time,,1712620800000.0,1.0,https://www.linkedin.com/jobs/view/3889414779/?trk=jobs_biz_prem_srch,https://tfy.io/jo/6js713x?utm_campaign=booc-linkedin&tdd=dDEsaDEsamxkaTF2LHI0LGVwcm82NjE0ZjU4NjZkMzFhMTE3MjI4NTgy&utm_medium=Xml&personalized=true&utm_source=linkedin,OffsiteApply,1715245945000.0,,Entry level,,1712653945000.0,tfy.io,0,FULL_TIME,USD,BASE_SALARY,80000.0,,,kaggle_us,['SQL']
3889417419,Talentify.io,Data Analyst - Remote,"Employer Industry: Healthcare Services

Why Consider This Job Opportunity

 Salary up to $137,800 annually Opportunity for career advancement and growth within the organization Work remotely from anywhere within the U.S. Comprehensive benefits package, incentive and recognition programs, equity stock purchase, and 401k contribution Clear direction on what it takes to succeed in your role and development for other roles

What To Expect (Job Responsibilities)

 Build analytical tools and lead process automation opportunities through various programming languages such as SQL and R Provide consulting services to external clients to understand and improve pharmacy benefit insights Use medical and pharmacy claims data to identify and solve a range of problems within the pharmacy benefit Query from relational databases and summarize information in a meaningful way Prioritize and organize work to meet client deadlines

What Is Required (Qualifications)

 3+ years of analytical experience 3+ years of statistical software experience with SAS, SQL, and R 1+ years of pharmacy claims & enrollment data experience

How To Stand Out (Preferred Qualifications)

 Experience with data visualization tools such as Tableau or Power BI Healthcare informatics and/or medical claims experience Ability to communicate and present data to stakeholders Intermediate level Microsoft Office Suite knowledge (Word, Excel, Outlook)

#HealthcareServices #CareerOpportunity #CompetitivePay #RemoteWork #ProfessionalGrowth

At Talentify, we prioritize candidate privacy and champion equal-opportunity employment. Central to our mission is our partnership with companies that share this commitment. We aim to foster a fair, transparent, and secure hiring environment for all. If you encounter any employer not adhering to these principles, please bring it to our attention immediately.

Talentify is not the EOR (Employer of Record) for this position. Our role in this specific opportunity is to connect outstanding candidates with a top-tier employer.

Talentify helps candidates around the world to discover and stay focused on the jobs they want until they can complete a full application in the hiring company career page/ATS.",,YEARLY,United States,2204084.0,6.0,137800.0,,Full-time,,1712620800000.0,1.0,https://www.linkedin.com/jobs/view/3889417419/?trk=jobs_biz_prem_srch,https://tfy.io/jo/q4xjz2r?utm_campaign=booc-linkedin&tdd=dDEsaDEsamxkbnZwLHI0LGVwcm82NjE0ZjU4NjZkMzFhMTE3MjI4NTgy&utm_medium=Xml&personalized=true&utm_source=linkedin,OffsiteApply,1715245946000.0,,Entry level,,1712653946000.0,tfy.io,0,FULL_TIME,USD,BASE_SALARY,137800.0,,,kaggle_us,"['SQL', 'Excel', 'Tableau', 'Power BI', 'SAS', 'Data Visualization']"
3895542866,Nordstrom,Credit Data Analyst 2 (Remote),"Job Description

As an integral part of our Digital Analytics team, the data analyst 2 is responsible for collecting, analyzing and presenting data to improve decision making around customer experience projects in Nordstrom’s high-growth Direct online channel. This individual should have a high degree of curiosity about the business and the skills to discover impactful insights from data. They should be able to communicate those insights in a way that builds confidence and enables decisions that drive business value.

A day in the life…

Partner with key stakeholders on data analysis problemsMine complex digital behavioral data and transform it into actionable informationApply common statistical methods, data modeling, and predictive analysis to answer strategic questions for the online businessUse advanced data visualization techniques to communicate solutions to business stakeholdersProvide exceptional customer service through professionalism, ownership and initiativeDemonstrate productivity through the efficient use of time and a commitment to strong results

You own this if you have…

Quantitative degree (preferably a Master's degree) in mathematics, statistics, computer science, engineering, or similar quantitative analytics discipline1+ year of corporate data analysis experience in online analytics (online retail a plus)1+ year of corporate experience writing SQL queries from scratch1+ year of professional experience using R or Python in an analytics capacityWorking understanding of statisticsGood verbal and written communication skills, ability to convey results to non-experts

Nordstrom is able to offer remote employment for this position in: Arizona, California, Colorado, Illinois, Nevada, North Carolina, Texas, Utah and Washington.

We’ve got you covered…

Our employees are our most important asset and that’s reflected in our benefits. Nordstrom is proud to offer a variety of benefits to support employees and their families, including:

Medical/Vision, Dental, Retirement and Paid Time AwayLife Insurance and DisabilityMerchandise Discount and EAP Resources

A few more important points...

The job posting highlights the most critical responsibilities and requirements of the job. It’s not all-inclusive. There may be additional duties, responsibilities and qualifications for this job.

Nordstrom will consider qualified applicants with criminal histories in a manner consistent with all legal requirements.

Applicants with disabilities who require assistance or accommodation should contact the nearest Nordstrom location, which can be identified at www.nordstrom.com.

© 2022 Nordstrom, Inc

Current Nordstrom employees: To apply, log into Workday, click the Careers button and then click Find Jobs.

Pay Range Details

The pay range(s) below are provided in compliance with state specific laws. Pay ranges may be different in other locations.

California: $87,500- $145,000 annually, Colorado: $76,500- $126,500 annually, Nevada: $76,500- $126,500 annually, Washington: $87,500- $145,000 annually",145000.0,YEARLY,United States,3379.0,220.0,,76500.0,Full-time,16.0,1712892062000.0,1.0,https://www.linkedin.com/jobs/view/3895542866/?trk=jobs_biz_prem_srch,https://nordstrom.wd5.myworkdayjobs.com/nordstrom_careers/job/Centennial-CO/Credit-Data-Analyst-2--Remote-_R-644855-1/apply?source=LinkedIn,OffsiteApply,1715484710000.0,,Mid-Senior level,,1712892710000.0,nordstrom.wd5.myworkdayjobs.com,0,FULL_TIME,USD,BASE_SALARY,110750.0,,,kaggle_us,"['Python', 'SQL', 'Statistics', 'Data Visualization']"
3899527989,Akkodis,Senior Business Analyst ,"Akkodis is seeking a Senior Business Analyst Bilingual (Spanish) for a Full-time position with 100% Remote. United States and ideally looking for applicants with a solid Candidate in Spanish
Pay Range: $120k - $135/Annum. The rate may be negotiable based on experience, education, geographic location, and other factors.
SOP Development:Lead the creation and documentation of SOPs for various business processes.Work closely with the departments heads to understand current workflows and procedures.Document processes in a clear and concise manner, including instructions, flowcharts, and diagrams.Regularly review and update SOPs to ensure accuracy, relevance and compliance with standards and regulations.Analytic Approach:Identify key business objectives and formulate data-driven hypotheses to address them.Collect, organize, and analyze large datasets using statistical and data analysis techniques.Develop and implement analytical models and methodologies to extract business insights and drive strategic initiatives.Create visualizations, reports, and presentations to communicate findings and recommendations.KPI Establishment:Identify relevant data metrics to measure performance and uncover areas of optimization, improving operational excellence.Establish benchmarks and targets for KPIs based on company goals and productivity objectives.Decision making support:Work cross-functionally to determine the necessary information for informed decision-making, providing insights and recommendations based on data analysis.QualificationsBachelor’s degree in business administration, Economics, Finance or related field.Strong analytical skills with the ability to collect, organize, analyze and significant amounts of information with attention to detail and accuracy.Experience working in Microsoft tools.Excellent written and verbal communication skills, with the ability to present complex information in a clear manner.High accountability that delivers on commitments.

If you are interested in this role, then you can click APPLY NOW. For other opportunities available at Akkodis, or any questions, don't hesitate to get in touch with Sahil Mavi at 610-227-6981 or Sahil.mavi@akkodisgroup.com.Equal Opportunity Employer/Veterans/Disabled
Benefit offerings include medical, dental, vision, term life insurance, short-term disability insurance, additional voluntary benefits, commuter benefits, and a 401K plan. Our program provides employees the flexibility to choose the type of coverage that meets their individual needs. Available paid leave may include Paid Sick Leave, where required by law; any other paid leave required by Federal, State, or local law; and Holiday pay upon meeting eligibility criteria. Disclaimer: These benefit offerings do not apply to client-recruited jobs and jobs which are direct hire to a client.
To read our Candidate Privacy Information Statement, which explains how we will use your information, please visit https://www.akkodis.com/en/privacy-policy.The Company will consider qualified applicants with arrest and conviction records.",135000.0,YEARLY,United States,79383535.0,609.0,,120000.0,Full-time,220.0,1713279469000.0,1.0,https://www.linkedin.com/jobs/view/3899527989/?trk=jobs_biz_prem_srch,,ComplexOnsiteApply,1715871468000.0,,Associate,,1713279469000.0,,0,FULL_TIME,USD,BASE_SALARY,127500.0,,,kaggle_us,[]
3900946516,TEEMA,Business Analyst (Windchill PLM),"Position responsibilities:Closely work with Cross workstream, Individual Workstream lead, understand the business requirements/processes and develops strategic goals and objectives to achieving the deliverables.Captures all relationships and dependencies (functionally and technically) between various workstream and define set of strategy for solutioning.Applying a structured business architecture approach and methodology for capturing the key objectives of requirement and cascade to development team.Solution design with Business Administration focusHelp define the performance goals, metrics, and key milestones for the proposed solutions.Provide insights and expertise from past engagements, industry knowledge, and application knowledge.Leverage Supplier’s internal and alliance network to help develop innovative solutions or solve difficult solutioning problems.Provide a long-term guidance using internal research performed to allow for flexibility in the solution design.Provide guidance and training to the implementation teams.Personal should have automotive & Windchill experience.",120000.0,YEARLY,United States,521122.0,159.0,,100000.0,Full-time,80.0,1713388792000.0,1.0,https://www.linkedin.com/jobs/view/3900946516/?trk=jobs_biz_prem_srch,,ComplexOnsiteApply,1715980792000.0,,Mid-Senior level,,1713388792000.0,,0,FULL_TIME,USD,BASE_SALARY,110000.0,,,kaggle_us,[]
3900950714,Centene Corporation,Business Analyst IV,"You could be the one who changes everything for our 28 million members. Centene is transforming the health of our communities, one person at a time. As a diversified, national organization, you’ll have access to competitive benefits including a fresh perspective on workplace flexibility.

Position Purpose Perform and lead various analysis and interpretation to link business needs and objectives for assigned function and implement process improvements. This role will primarily support all New Jersey State reporting for DOBI, DMAHS and Marketplace.

Lead the support of business initiatives through data analysis, identification of implementation barriers and user acceptance testing of various systemsLead the identification and analysis of user requirements, procedures, and problems to improve existing processesResolve issues and identify opportunities for process redesign and improvementPerform detailed analysis on multiple projects, recommend potential business solutions and ensure successful implementations, including improvements and revisions to business processes and requirementsEvaluate risks and concerns and communicate to managementCoordinate with various business units and departments in the development and delivery of training programsDevelop, share, and incorporate organizational best practices into business applicationsOversee all changes to departmental policies and procedures, including communicating and implementing the changesServe as the subject matter expert on the assigned function product to ensure operational performanceAbility to travel

Benefits and Payment Configuration Bachelor’s degree in related field or equivalent experience. 6+ years of business process analysis, preferably in healthcare (i.e. documenting business process, gathering requirements) or claims payment/analysis experience. Advanced knowledge of Microsoft Applications, including Excel and Access preferred. Experience in benefits, pricing, contracting or claims and knowledge of provider reimbursement methodologies. Knowledge of managed care information or claims payment systems preferred. Previous structured testing experience preferred. Candidate is strongly preferred to have working experience in using Quest Desktop, Microsoft SQL Server Management Studio 18 software and Power BI.

Pay Range $84,300.00 - $151,700.00 per year

Centene offers a comprehensive benefits package including competitive pay, health insurance, 401K and stock purchase plans, tuition reimbursement, paid time off plus holidays, and a flexible approach to work with remote, hybrid, field or office work schedules. Actual pay will be adjusted based on an individual's skills, experience, education, and other job-related factors permitted by law. Total compensation may also include additional forms of incentives.

Centene is an equal opportunity employer that is committed to diversity, and values the ways in which we are different. All qualified applicants will receive consideration for employment without regard to race, color, religion, sex, sexual orientation, gender identity, national origin, disability, veteran status, or other characteristic protected by applicable law.",151700.0,YEARLY,"Connecticut, United States",9703.0,55.0,,84300.0,Full-time,10.0,1713389262000.0,1.0,https://www.linkedin.com/jobs/view/3900950714/?trk=jobs_biz_prem_srch,https://ad.doubleclick.net/ddm/clk/416849445;275979402;z?https://jobs.centene.com/us/en/jobs/1495432/business-analyst-iv/?ss=paid&utm_campaign=always_on-full_scrape_&utm_medium=social_media&utm_source=linkedin.com&utm_content=job_posting,OffsiteApply,1715981985000.0,,,,1713389985000.0,jobs.centene.com,0,FULL_TIME,USD,BASE_SALARY,118000.0,,,kaggle_us,"['SQL', 'Excel', 'Power BI']"
3900950716,Fidelis Care,Business Analyst IV,"You could be the one who changes everything for our 28 million members. Centene is transforming the health of our communities, one person at a time. As a diversified, national organization, you’ll have access to competitive benefits including a fresh perspective on workplace flexibility.

Position Purpose Perform and lead various analysis and interpretation to link business needs and objectives for assigned function and implement process improvements. This role will primarily support all New Jersey State reporting for DOBI, DMAHS and Marketplace.

Lead the support of business initiatives through data analysis, identification of implementation barriers and user acceptance testing of various systemsLead the identification and analysis of user requirements, procedures, and problems to improve existing processesResolve issues and identify opportunities for process redesign and improvementPerform detailed analysis on multiple projects, recommend potential business solutions and ensure successful implementations, including improvements and revisions to business processes and requirementsEvaluate risks and concerns and communicate to managementCoordinate with various business units and departments in the development and delivery of training programsDevelop, share, and incorporate organizational best practices into business applicationsOversee all changes to departmental policies and procedures, including communicating and implementing the changesServe as the subject matter expert on the assigned function product to ensure operational performanceAbility to travel

Benefits and Payment Configuration Bachelor’s degree in related field or equivalent experience. 6+ years of business process analysis, preferably in healthcare (i.e. documenting business process, gathering requirements) or claims payment/analysis experience. Advanced knowledge of Microsoft Applications, including Excel and Access preferred. Experience in benefits, pricing, contracting or claims and knowledge of provider reimbursement methodologies. Knowledge of managed care information or claims payment systems preferred. Previous structured testing experience preferred. Candidate is strongly preferred to have working experience in using Quest Desktop, Microsoft SQL Server Management Studio 18 software and Power BI.

Pay Range $84,300.00 - $151,700.00 per year

Centene offers a comprehensive benefits package including competitive pay, health insurance, 401K and stock purchase plans, tuition reimbursement, paid time off plus holidays, and a flexible approach to work with remote, hybrid, field or office work schedules. Actual pay will be adjusted based on an individual's skills, experience, education, and other job-related factors permitted by law. Total compensation may also include additional forms of incentives.

Centene is an equal opportunity employer that is committed to diversity, and values the ways in which we are different. All qualified applicants will receive consideration for employment without regard to race, color, religion, sex, sexual orientation, gender identity, national origin, disability, veteran status, or other characteristic protected by applicable law.",151700.0,YEARLY,"New York, United States",461365.0,128.0,,84300.0,Full-time,45.0,1713389262000.0,1.0,https://www.linkedin.com/jobs/view/3900950716/?trk=jobs_biz_prem_srch,https://ad.doubleclick.net/ddm/clk/416849445;275979402;z?https://jobs.centene.com/us/en/jobs/1495432/business-analyst-iv/?ss=paid&utm_campaign=always_on-full_scrape_&utm_medium=social_media&utm_source=linkedin.com&utm_content=job_posting,OffsiteApply,1715981985000.0,,,,1713389985000.0,jobs.centene.com,0,FULL_TIME,USD,BASE_SALARY,118000.0,,,kaggle_us,"['SQL', 'Excel', 'Power BI']"
3901634997,Chenega Professional Services Strategic  Business Unit,IT Financial Management System and Data Analyst,"Come join a company that strives for Extraordinary People and Exceptional Performance! Eagle One Solutions, Inc., a Chenega Professional Services’ company, is looking for an IT Financial Management System and Data Analyst to support the implementation of a sophisticated IT Financial Management solution into a complex government agency environment. The Financial Management System and Data Analyst will be broadly skilled in federal financial management and budget processes, project management, data analysis, business analysis and reporting tools, and be well-versed technically in SQL, data structures and design, ETL, pivot tables and data validation.
Our company offers employees the opportunity to join a team where there is a robust employee benefits program, management engagement, quality leadership, an atmosphere of teamwork, recognition for performance, and promotion opportunities. We actively strive to channel our highly engaged employee’s knowledge, critical thinking, innovative solutions for our clients.
ResponsibilitiesDevelop an implementation plan for the IT Financial Management (ITFM) solution that is product agnostic (aligns to any number of ITFM solutions available on the market).Document and determine all data elements required to implement a “front end” ITFM User Interface that is consistent with the current budget execution and formulation policy, process, and procedure.Apply statistical methods to analyze data and generate useful business and analytical reports.Identify efficient methods and frameworks to streamline data management, aggregation, and reporting.Use data to create models that depict trends in ITFM performance.Conduct data modeling, data querying, dashboard building using tools such as Tableau.Become a SME on the client's data sources, dashboards and federal reporting requirements.Identify and document inconsistencies or errors in authoritative data sources information.Provide database design, database dictionary, and other documentation to assist in an ITFM platform configuration.Help initialize and participate in an ITFM committee that will make recommendations for and maintain/update processes and procedures, make recommendations for strategic goals and tactical objectives to achieve those goals, metrics to measure those objectives, and new/other IT financial governance issues.Design, develop, and deliver communications and communications documentation designed to provide an efficient and effective implementation of an ITFM solution.
QualificationsBachelor's Degree in a business management or related technical discipline, or the equivalent combination of education, technical certifications or training, or work experience.4 years or more of experience in Federal IT Financial Management, database development, data analysis, design, reporting, and documentation.Active or ability to obtain a Public Trust clearance.Knowledge, Skills and Abilities:Federal IT Financial Management systems experienceDashboard development and maintenanceData structure design, development and managementPivot table design and developmentSQL command structureData ETL design and developmentGoogle Suite experience
Final salary determination based on skill-set, qualifications, and approved funding.
Many of our jobs come with great benefits – Some offerings are dependent upon the role, work schedule, or location, and may include the following:Paid Time OffPTO / Vacation – 5.67 hours accrued per pay period / 136 hours accrued annuallyPaid Holidays - 11California residents receive an additional 24 hours of sick leave a yearHealth & WellnessMedicalDentalVisionPrescriptionEmployee Assistance ProgramShort- & Long-Term DisabilityLife and AD&D InsuranceSpending AccountFlexible Spending AccountHealth Savings AccountHealth Reimbursement AccountDependent Care Spending AccountCommuter BenefitsRetirement401k / 401aVoluntary BenefitsHospital IndemnityCritical IllnessAccident InsurancePet InsuranceLegal InsuranceID Theft Protection
Teleworking Permitted?
YesTeleworking Details
Remote - Quarterly Onsite MeetingsEstimated Salary/Wage
USD $145,000.00/Yr. Up to USD $165,000.00/Yr.",165000.0,YEARLY,United States,10958324.0,204.0,,145000.0,Full-time,53.0,1713210140000.0,1.0,https://www.linkedin.com/jobs/view/3901634997/?trk=jobs_biz_prem_srch,,ComplexOnsiteApply,1715802140000.0,,Mid-Senior level,,1713210140000.0,,0,FULL_TIME,USD,BASE_SALARY,155000.0,,,kaggle_us,"['SQL', 'Tableau', 'ETL']"
3901938817,Gainwell Technologies,Senior Business Analyst,"Be part of a team that unleashes the power of leading-edge technologies to help improve the health and well-being of those most vulnerable in our country and communities. Working at Gainwell carries its rewards. You’ll have an incredible opportunity to grow your career in a company that values work flexibility, learning, and career development. You’ll add to your technical credentials and certifications while enjoying a generous, flexible vacation policy and educational assistance. We also have comprehensive leadership and technical development academies to help build your skills and capabilities.

Summary

As a Senior Professional Business Process Reengineering - Automation Specialist at Gainwell, you can contribute your skills as we harness the power of technology to help our clients improve the health and well-being of the members they serve — a community’s most vulnerable. Connect your passion with purpose, teaming with people who thrive on finding innovative solutions to some of healthcare’s biggest challenges. Here are the details on this position.

Your role in our mission

 Coordinate with business users to translate business requirements into technical requirements for reporting purposes. Analyzes, plans, and implements moderately complex operational process improvement needs. Supports long-term planning sessions with a single client to improve business processes, generally involving use and improvement of information systems and goals.  Identifies process improvement needs and communicates issues to authorized personnel to ensure that client and company needs are met in a timely manner.  Provides consultation on the use of moderately complex re-engineering techniques to improve process performance and product quality. Deploys plans from conception through closing on moderately complex aspects of re-engineering projects. Develops moderately complex metrics that provide data for process management and indicators for future improvement opportunities. Collects data to identify root cause problems. Researches, recommends, and approves processes to aid in the translation of business objectives into functional requirements and solution design. Measures performance against process requirements, aligning improvement projects to close performance shortfalls.  Serves as an information solution liaison in a specific business unit or organization for process improvement, business processes and systems integration. Works in conjunction with business strategies program leaders to provide desired re-engineering practices and to ensure alignment of re-engineering initiatives to business objectives. Surveys and analyzes best practices for techniques and processes. Supports pilot projects and internal case studies for trial usage improvement methods or approaches.  Works with management to align projects to strategy. Assesses the degree of risk impact, timeframe, and cost of re-engineering required to achieve the desired future state. Acts as re-engineering consultant to other transformation teams in methods, techniques, and tools to ensure adherence to company guidelines. 

What we're looking for

6 years’ experience in Business Process Reengineering experience5 years' experience in SQL / NoSQLExperience working with business processing models, Process Design, Requirements Management, and Project ManagementExperience working with Health Care related data preferred

What you should expect in this role

Fully remote opportunity with the option to work anywhere within the United StateThe team is looking for a Process Engineer with the technical background to implement automation-based process improvements. The deadline to submit applications for this posting is 4/25/2024. 

Video cameras must be used during all interviews, as well as during the initial week of orientation.

The pay range for this position is $69,400.00 - $99,200.00 per year, however, the base pay offered may vary depending on geographic region, internal equity, job-related knowledge, skills, and experience among other factors. Put your passion to work at Gainwell. You’ll have the opportunity to grow your career in a company that values work flexibility, learning, and career development. All salaried, full-time candidates are eligible for our generous, flexible vacation policy, a 401(k) employer match, comprehensive health benefits , and educational assistance. We also have a variety of leadership and technical development academies to help build your skills and capabilities.

We believe nothing is impossible when you bring together people who care deeply about making healthcare work better for everyone. Build your career with Gainwell, an industry leader. You’ll be joining a company where collaboration, innovation, and inclusion fuel our growth. Learn more about Gainwell at our company website and visit our Careers site for all available job role openings.

Gainwell Technologies is committed to a diverse, equitable, and inclusive workplace. We are proud to be an Equal Opportunity Employer, where all qualified applicants will receive consideration for employment without regard to race, religion, color, national origin, gender (including pregnancy, childbirth, or related medical condition), sexual orientation, gender identity, gender expression, age, status as a protected veteran, status as an individual with a disability, or other applicable legally protected characteristics. We celebrate diversity and are dedicated to creating an inclusive environment for all employees.",99200.0,YEARLY,"Texas, United States",67155308.0,5.0,,69400.0,Full-time,1.0,1713471113000.0,1.0,https://www.linkedin.com/jobs/view/3901938817/?trk=jobs_biz_prem_srch,https://jobs.gainwelltechnologies.com/job/Any-city-Senior-Business-Analyst-TX-99999/1157198100/?utm_source=LINKEDIN&utm_medium=referrer,OffsiteApply,1716063832000.0,,Mid-Senior level,,1713471832000.0,jobs.gainwelltechnologies.com,0,FULL_TIME,USD,BASE_SALARY,84300.0,,,kaggle_us,['SQL']
3901950460,Emeritus,Data Analyst,"Emeritus is committed to teaching the skills of the future by making high-quality education accessible and affordable to individuals, companies, and governments around the world. It does this by collaborating with more than 50 top-tier universities across the United States, Europe, Latin America, Southeast Asia, India and China. Emeritus’ short courses, degree programs, professional certificates, and senior executive programs help individuals learn new skills and transform their lives, companies and organizations. Its unique model of state-of-the-art technology, curriculum innovation, and hands-on instruction from senior faculty, mentors and coaches has educated more than 250,000 individuals across 80+ countries.
Founded in 2015, Emeritus, part of Eruditus Group, has more than 1,800 employees globally and offices in Mumbai, New Delhi, Shanghai, Singapore, Palo Alto, Mexico City, New York, Boston, London, and Dubai. Following its $650 million Series E funding round in August 2021, the Company is valued at $3.2 billion, and is backed by Accel, SoftBank Vision Fund 2, the Chan Zuckerberg Initiative, Leeds Illuminate, Prosus Ventures, Sequoia Capital India, and Bertelsmann.
Job Description:Emeritus is seeking a Data Analyst to join our client operations team on the Enterprise (B2B) team. This role will report into the Director of Client Operations. As part of the client operations team, which functions as the “back of ho/use” for our delivery function, this role will be responsible for working closely with the Director of Client Operations to establish and execute processes/best practices around measuring, tracking, and reporting on learner interest, participation, progress, and engagement. This person will also work closely with the account-owning members of our organization to analyze and present compelling data-backed success stories that support growing client accounts in high-caliber and intuitive visualizations.
Key ResponsibilitiesOn an account-by-account basis, support data analysis and interpretation so our engagement team can tell better impact stories to our clients, which may include activities such as:Report and Dashboard Development: Create persuasive and compelling reports that capture key insights around learning impact for our clients; create effective and intuitive dashboards to track learner participation, progress, and engagement.Data Visualization and Storytelling: Utilize advanced visualization techniques to present complex data in an easily understandable format.Learner and Client Insights Analysis: Analyze behaviors, patterns, trends, and interests of our learners and clients to provide insights to our account management and sales teams about potential upselling opportunities.Cross-Functional Collaboration: Work closely with account management, sales, and technical operations teams to align data-driven insights with business objectives.Enablement of learner measurement and account storytelling. Inform the client engagement and instructional design teams on the creation of measurement tactics to assess the participation, engagement, and learning outcomes of our programs.
Required experience4+ years of experience in data analytics focused on insights and data storytelling2+ years of experience in spreadsheeting software (like Excel or Google Sheets), SQL, and dashboarding software (like Tableau, Looker, or Power BI)2+ years of experience in the creation of effective measurement tactics (surveys, assessments, interviews, polls, etc)Strong analytical thinking and problem-solving skills.Experience in a creative, highly collaborative, agile, ambiguous, and fast-changing environment.Results-oriented. Organized & methodical. Ability to meet deadlines and multi-task under pressure.Passion for Customer centricity, enablement, operations, innovation, and customer delightExcellent verbal and written communication skills
Preferred experiencePrevious experience as a Learning & Development Analyst, Marketing Analyst, or Business AnalystA background in the professional learning/education space.A quantitative background or degree.Machine learning and artificial intelligence (ML/AI) technical skills will not be used in this position.
Salary Range Description:Applicants must be currently authorized to work in the United States on a full-time basis. The compensation for this position ranges from $80,000 - $100,000 annually. Pay will be determined on several factors including but not limited to location, skills, experience and may vary from the range listed above. Additional compensation includes industry leading benefits Emeritus provides such as: a comprehensive benefits package, 401K savings plan, company holidays, flexible PTO, and parental leave, just to name a few.
Emeritus provides equal employment opportunities to all employees and applicants for employment and prohibits discrimination and harassment of any type without regard to race, color, religion, age, sex, national origin, disability status, genetics, protected veteran status, sexual orientation, gender identity or expression, or any other characteristic protected by federal, state or local laws.",100000.0,YEARLY,United States,10367223.0,9.0,,80000.0,Full-time,2.0,1713474544000.0,1.0,https://www.linkedin.com/jobs/view/3901950460/?trk=jobs_biz_prem_srch,,ComplexOnsiteApply,1716066544000.0,,Associate,,1713474544000.0,,0,FULL_TIME,USD,BASE_SALARY,90000.0,,,kaggle_us,"['SQL', 'Excel', 'Tableau', 'Power BI', 'Looker', 'Machine Learning', 'Data Visualization']"
3901954566,Centene Corporation,Business Analyst II,"You could be the one who changes everything for our 28 million members. Centene is transforming the health of our communities, one person at a time. As a diversified, national organization, you’ll have access to competitive benefits including a fresh perspective on workplace flexibility.

Position Purpose Perform various analysis and interpretation to link business needs and objectives for assigned function.

Support business initiatives through data analysis, identification of implementation barriers and user acceptance testing of new systemsIdentify and analyze user requirements, procedures, and problems to improve existing processesPerform detailed analysis on assigned projects, recommend potential business solutions and assist with implementationIdentify ways to enhance performance management and operational reports related to new business implementation processesDevelop and incorporate organizational best practices into business applicationsLead problem solving and coordination efforts between various business unitsAssist with formulating and updating departmental policies and procedures

Education/Experience Bachelor’s degree in related field or equivalent experience. 2-4 years of business process or data analysis experience, preferably in healthcare. Advanced knowledge of Microsoft Applications, including Excel and Access preferred. Project management experience preferred.

Pay Range $54,000.00 - $97,100.00 per year

Centene offers a comprehensive benefits package including competitive pay, health insurance, 401K and stock purchase plans, tuition reimbursement, paid time off plus holidays, and a flexible approach to work with remote, hybrid, field or office work schedules. Actual pay will be adjusted based on an individual's skills, experience, education, and other job-related factors permitted by law. Total compensation may also include additional forms of incentives.

Centene is an equal opportunity employer that is committed to diversity, and values the ways in which we are different. All qualified applicants will receive consideration for employment without regard to race, color, religion, sex, sexual orientation, gender identity, national origin, disability, veteran status, or other characteristic protected by applicable law.",97100.0,YEARLY,"Florida, United States",9703.0,6.0,,54000.0,Full-time,,1713475701000.0,1.0,https://www.linkedin.com/jobs/view/3901954566/?trk=jobs_biz_prem_srch,https://ad.doubleclick.net/ddm/clk/416849445;275979402;z?https://jobs.centene.com/us/en/jobs/1496153/business-analyst-ii/?ss=paid&utm_campaign=always_on-full_scrape_&utm_medium=social_media&utm_source=linkedin.com&utm_content=job_posting,OffsiteApply,1716068413000.0,,,,1713476413000.0,jobs.centene.com,0,FULL_TIME,USD,BASE_SALARY,75550.0,,,kaggle_us,['Excel']
3902346929,Insight Global,Workday Compensation Business Analyst,"This Business Analyst will be working closely with the implementation partner and the internal HRIS teams focused solely on the compensation module. Contract through Summer 2025100% Remote
Description:The Business Analyst will play an important role in ensuring the project’s success by identifying, gathering, and analyzing data related to the project. This will require working with various members of global HR and Tech teams, among others. The company is also working closely with a 3rd party to carry out the implementation, and this role will also work with that party to facilitate collecting and providing information to them as needed. The Business Analyst should be someone who is comfortable in a fast-paced environment managing multiple priorities.
Responsibilities:· Collect policies and practices, both global and local, for review & synthesis· Participate and help drive the analysis of the current Workday organization configuration (ex: Locations, Custom Orgs)· Create presentations and Excel analyses· Work directly with internal and external stakeholders, including Tech and HRIS, as well as implementation partner· Follow up and influence others to help achieve positive project outcomes· Proactively recognize and communicate issues",155000.0,YEARLY,United States,11056.0,11.0,,145000.0,Contract,2.0,1713532644000.0,1.0,https://www.linkedin.com/jobs/view/3902346929/?trk=jobs_biz_prem_srch,,ComplexOnsiteApply,1716124644000.0,,Mid-Senior level,,1713532644000.0,,0,CONTRACT,USD,BASE_SALARY,150000.0,,,kaggle_us,['Excel']
3902735179,Vail Health,Sr. Healthcare Data Analyst,"To us, it's about living life to the fullest while serving our patients, teammates, neighbors and friends. We are dedicated and passionate in everything we do, seeking challenge and appreciating the routes that got us here. Whether our path is clinical or not, we all came to find balance and meaning in our lives within the work we are passionate about and the adventures we live.

Vail Health has become the world’s most advanced mountain healthcare system. Vail Health consists of an updated 520,000-square-foot, 56-bed hospital. This state-of-the-art facility provides exceptional care to all of our patients, with the most beautiful views in the area, located centrally in Vail.

In addition to the hospital, Vail Health has many access points including:

Howard Head Sports Medicine offers physical therapy services at 10 locations and works closely with our internationally renowned orthopedic partners at The Steadman Clinic and Vail-Summit Orthopedics & Neurosurgery.Vail Health also owns interest in multiple joint venture ambulatory surgery centers (ASCs) throughout the region.Colorado Mountain Medical, Beaver Creek Medical Center, urgent care clinics in Vail, Dillon, Avon and Eagle, Edwards medical campus and Eagle Healthcare Center.The Shaw Cancer Center and Sonnenalp Breast Center are the region’s only fully accredited cancer treatment center and comprehensive breast center. Vail Health is also leading the way in serving our communities’ behavioral health needs with outpatient behavioral health services at the Edwards Community Health Campus, and the Precourt Healing Center, a 28-bed in-patient behavioral health facility, opening in 2025.


About The Opportunity

The Senior Healthcare Data Analyst is responsible for leveraging advanced data analysis skills and healthcare industry knowledge to provide insights that support decision-making and operational improvements within family medicine, specialty, and urgent care settings. This role involves analyzing healthcare data, developing, and maintaining insightful dashboards, and communicating findings to senior leadership, thereby directly influencing the optimization and effective management of healthcare services.

What You Will Do

Analyze complex healthcare data sets to identify trends, patterns, and insights that can drive business decisions and improve patient care. Utilize statistical techniques to validate data and findings.Develop and maintain robust dashboards and reports using SQL and PowerBI. Ensure these tools provide actionable insights and support data-driven decision-making processes.Work closely with senior leadership to understand business objectives and provide data analyses that support strategic initiatives. Offer recommendations based on data findings to enhance business and clinical operations.Translate complex data findings into clear, compelling stories that engage stakeholders and support organizational goals. Present data visually and narratively to explain the significance behind the numbers.Collaborate with various departments to ensure the accurate collection, analysis, and interpretation of data. Provide training and support to team members on data analytics tools and best practices.Implement and maintain quality control measures to ensure data accuracy and integrity. Regularly review and update data analysis methodologies to adhere to industry standards and best practices.Role models the principles of a Just Culture and Vail Health ValuesPerform other duties as assigned. Must be HIPAA compliant


This description is not intended and should not be construed to be an exhaustive list of all responsibilities, skills and efforts or work conditions associated with the job. It is intended to be an accurate reflection of the general nature and level of the job.

Experience

What you will need:

5 years of experience in data analysis, including the use of statistical methods to collect and analyze data and generate quality business reports required1 year of healthcare experience in family medicine, ambulatory services, and urgent care preferred Previous experience working the data directly from an EMR such as Cerner, Allscripts, and Epic preferred


License(s)

N/A


Certification(s)

N/A


Computer / Typing

Must possess, or be able to obtain within 90 days, the computers skills necessary to complete online learning requirements for job-specific competencies, access online forms and policies, complete online benefits enrollment, etc.


Must have working knowledge of the English language, including reading, writing, and speaking English.

Education

Bachelor's or Master's degree in Data Science, Statistics, Healthcare Administration, or related field preferred.


Application Close Date: April 23, 2024

Benefits At Vail Health (Full And Part Time) Include

Competitive Wages & Family Benefits: Competitive wagesParental leave (4 weeks paid)Housing programsChildcare reimbursement Comprehensive Health Benefits: MedicalDental VisionEducational Programs: Tuition Assistance Existing Student Loan RepaymentSpecialty Certification ReimbursementAnnual Supplemental Educational FundsPaid Time Off: Up to five weeks in your first year of employment and continues to grow each year.Retirement & Supplemental Insurance: 403(b) Retirement plan with immediate matching Life insuranceShort and long-term disabilityRecreation Benefits, Wellness & More: Up to $1,000 annual wellbeing reimbursementRecreation discountsPet insurance
Pay is based upon relevant education and experience per year.

Yearly Pay

$87,581.31—$131,350.54 USD

Some roles may be based outside of our Colorado office (remote-only positions). Roles based outside of our primary office can sit in any of the following states: AZ, CO, CT, DC, FL, GA, ID, IL, KS, MA, MD, MI, MN, NC, NJ, OH, OR, PA, SC, TN, TX, UT, VA, WA, and WI. Please only apply if you are able to live and work primarily in one of the states listed above. State locations and specifics are subject to change as our hiring requirements shift.

Relocation and housing assistance may be available.",131350.55,YEARLY,United States,22303218.0,9.0,,87581.31,Full-time,,1713387408000.0,1.0,https://www.linkedin.com/jobs/view/3902735179/?trk=jobs_biz_prem_srch,https://www.vailhealth.org/careers/jobs/sr-healthcare-data-analyst-5158276004?gh_src=11a8fb4f4us,OffsiteApply,1715980080000.0,,,,1713388080000.0,www.vailhealth.org,0,FULL_TIME,USD,BASE_SALARY,109465.93,,,kaggle_us,"['SQL', 'Power BI', 'Statistics']"
3902802384,Carallel,Data Analyst,"Company: Carallel is on a mission to make caregiving easier for the millions of people supporting loved ones across the country. As a tech-enabled service, we provide empathetic support, personalized guidance, and practical assistance throughout a caregiving journey. We are committed to demonstrating the impact caregiver support can have on healthcare outcomes for caregivers and the loved ones who rely on them.Our team is guided by five core values that define our collaboration internally and our efforts externally: Empathy + Diversity + Collaboration + Purpose + Accountability. By embodying these values, we strive to create a positive and lasting impact in the world of caregiver support.Summary: As a Data Analyst, you will be critical in providing intelligence and decision support to Carallel’s business. You will be responsible for developing and managing reports and exports based on business needs, analyzing trends and patterns, and providing insights across the Carallel organization.
Responsibilities:Collaborate with product, service line, and customer success teams to create insightful reports and exports that support business needs.Develop, test, and maintain reports, dashboards, and data exports using the Domo BI system.Analyze reports for trends and communicate findings to stakeholders.Recommend improvements and new report formats and visualizations.Validate reports against source data.Create and maintain data dictionaries and report documentation.Assist with other data-related projects as required.
Requirements:B.S. in Data Science, Computer Science, Statistics, or a related field.3+ years of experience with BI tools (e.g., Domo, Power BI, Tableau, MicroStrategy, Zoho).3+ years of experience creating reports, visualizations, dashboards, and exports.Proficiency in processing data using Excel or Google Sheets.Understanding of data analysis best practices.Exceptional attention to detail. Preferred:Experience with the Domo Data Warehouse/Business Intelligence system.Experience with healthcare-related or digital health applications.
Benefits:Mission-driven, gratifying work in an entrepreneurial environmentCompetitive compensationAbility to work remotelyFlexible work schedule
Job Type: Full-time
Job Location: Remote work; company located in the Greater Chicagoland Area
This is a U.S.-based, remote work position, and verification of U.S. work authorization is required. Background investigation and drug screening are also required, as allowed by law.
All applicants will receive consideration for employment without regard to race, color, religion,sex, sexual orientation, gender identity, national origin, disability-protected veteran status, orany other characteristics protected by law.

",90000.0,YEARLY,United States,29121558.0,20.0,,85000.0,Full-time,7.0,1713550215000.0,1.0,https://www.linkedin.com/jobs/view/3902802384/?trk=jobs_biz_prem_srch,https://carallel.com/position/data-analyst/,OffsiteApply,1716142215000.0,,,,1713550215000.0,,0,FULL_TIME,USD,BASE_SALARY,87500.0,,,kaggle_us,"['Excel', 'Tableau', 'Power BI', 'Statistics']"
3902802811,Zest AI,Associate Data Analyst,"Zest AI has been perfecting AI for consumer lending decisions since 2009. Our mission is to make fair and transparent credit available to everyone and our AI-enabled software creates some of the most inclusive risk models in the industry. Our Model Management System helps lenders make better decisions and better loans — increasing revenue, reducing risk, and automating compliance — while expanding credit access to deserving people with no added risk!
Our technology teams at Zest AI thrive on solving challenging problems that have a big impact on people's daily lives. We build tools to improve consumer lending by meeting the needs of financial institutions and their customers around the world. By leveraging a combination of machine learning and vast amounts of data, we seek to challenge traditional credit scoring models, while expanding the use of our proprietary technology across the fintech industry. Our team is committed to continuously leveraging and adapting the latest advances in AI/ML to benefit those we serve.
As a Data Analyst, you will be responsible for interpreting and analyzing complex data sets, developing insights to help drive business strategies, and communicating your findings to both technical and non-technical team members. You will also be involved in project management, ensuring that data-driven projects are completed on time and within scope. In this role, you will work closely with Data Scientists, Engineers, and our Client Success team to ensure our data solutions meet and exceed client expectations. Additionally, you will have the opportunity to drive your own research projects under the guidance of senior team members.
Responsibilities:- Analyze and interpret complex data sets and machine learning model results using advanced statistical techniques. - Translate model results to business impact.- Develop and implement data collection systems and other strategies that optimize statistical efficiency and data quality- Identify, analyze, and interpret trends or patterns in complex data sets- Work closely with management to prioritize business and information needs- Communicate findings to company through standard and ad hoc reports- Promote and support data-driven decision making within the organization
Requirements:- Expertise in data wrangling and manipulation in Python and SQL- Solid understanding of machine learning and statistical analysis- Excellent business acumen and ability to understand and solve complex business problems- Strong coding skills, comfortable with Object-Oriented Programming- Strong communication skills, with the ability to present complex data in a clear and concise manner- Good project management skills, with a proven track record of delivering projects on time and within scope- Bachelor's degree in Computer Science, Statistics, or a related field
Perks and benefits:All Zestys experience:The opportunity to join a mission-focused companyPeople – the best part of ZestRobust medical, dental and vision insurance plansAnnual bonus plan participation401(k) with generous matchEmployee Awards and Recognition11 company holidaysWinter break (office closed between Christmas and New Year's Day)Unlimited vacation timeEmployee Resource GroupsGenerous family leave policy (12 week maternity leave / 6 week paternity leave)Phone, internet, wellness, and professional development allowancesEmployee gatherings, including Town Hall meetings
Additionally, our Burbank, CA area, hybrid model Zestys enjoy:Beautiful, modern, dog-friendly office with lounge areas, video games, and gigantic jigsaw puzzlesDaily catered lunches from LA’s best restaurants and a fully stocked kitchenComplimentary manicures, pedicures, and mindfulness sessionsCompany happy hours, social events, outings, and much more!
About Zest AI:Creating a diverse and inclusive culture where all are welcomed, valued, and empowered to achieve our full potential is important to who we are and where we’re headed in the future. We know that unique backgrounds, experiences, and perspectives help us think bigger, spark innovation, and succeed together. Zest is committed to diversity, equity, and inclusion and encourages professionals from underrepresented groups in technology and financial services to apply.
Our core values are Communication, Collaboration, Bias for Action, Client-centricity, and Heart. Learn more at Zest.ai, follow us on LinkedIn (linkedin.com/company/zest-ai/) or Twitter @Zest_AI, or check out our Insights blog (https://www.zest.ai/cms/insights).",85000.0,YEARLY,United States,29322289.0,99.0,,65000.0,Full-time,54.0,1713550117000.0,1.0,https://www.linkedin.com/jobs/view/3902802811/?trk=jobs_biz_prem_srch,,ComplexOnsiteApply,1716142117000.0,,Entry level,,1713550117000.0,,0,FULL_TIME,USD,BASE_SALARY,75000.0,,,kaggle_us,"['Python', 'SQL', 'Machine Learning', 'Statistics']"
3902814864,Swoon,Marketing Analyst - 79497,"We are hiring a best in class Marketing Analyst for our leading delivery platform client - recognized as the largest food delivery company in the United States.
This is a 1 year contract and fully remote with a rate of $33 per hour, W2. 
We offer 50% paid health benefits (medical, dental, and vision).
What you'll bring:You have experience building marketing campaignsBachelor’s DegreePrior experience working with Google SuiteYou are proficient in spreadsheets and SQL.Ideally some experience in marketing or growthProficiency in with email marketing systems like iterableProficiency building marketing collateral in Figma or canva
What you'll doDevelop and manage marketing campaigns for all merchants.Monitor and report on the performance of campaigns contractually driving improvement.Run A/B tests Design and build marketing collateral Work cross functional to promote our merchants across the entire platform.",,YEARLY,United States,731128.0,67.0,33.0,,Contract,21.0,1713551711000.0,1.0,https://www.linkedin.com/jobs/view/3902814864/?trk=jobs_biz_prem_srch,,ComplexOnsiteApply,1716143711000.0,,Entry level,,1713551711000.0,,0,CONTRACT,USD,BASE_SALARY,33.0,,,kaggle_us,"['SQL', 'A/B Testing']"
3902833722,Ventegra,Reporting and Data Analyst,"Ventegra is a fast paced, innovative virtual company. The Reporting and Data Analyst will help develop Ventegra’s strategic roadmap for reporting and analytics that fosters a data-driven culture within Ventegra. This position provides a unique opportunity for a high-performing, analytically-inclined individual to apply and build their skills in a dynamic and entrepreneurial operating environment. Duties include:Interpret and refine customer requirements/requests for informationQuantifying, Measuring and Analyzing Financial and Utilization Metrics of HealthcarePerform research and analysis of complex healthcare claims and pharmacy dataEffectively fulfill information needs using available analytical tools and techniques or through development of ad hoc queriesDevelop and present actionable insights to internal customers, including management, as well as external customersManage and meet competing deliverables in a dynamic and fast-paced environmentMaintain and develop enterprise reports in Tableau serverDevelop and execute queries and reports in Access, SQL, and VBAOther duties as assigned Skills/Qualifications:Ability to present complex information in an easy-to-understand mannerStrong desire to learn the design, development, and maintain of ongoing metrics, reports, analyses, etc.Ability to solve problems logically and systematically with attention to detailExceptional verbal and written communication skillsCollaborative working style with the ability to effectively interface with different organizations and personalitiesSelf-motivated with ability to work remotely is a must Education/Experience:Bachelor's degree in Business, Statistics, Computer Science, Mathematics or related fieldExperience in two or more of the following environments: Access, Excel, SQL, VBA, PythonExperience with quantitative analyticsExperience managing/working with large databases is a strong advantageExperience with Tableau Desktop/Server strongly preferredProject management experience is a plusKnowledge of PBM/healthcare industry strongly preferred",93600.0,YEARLY,United States,10052668.0,64.0,,52000.0,Full-time,28.0,1713556188000.0,1.0,https://www.linkedin.com/jobs/view/3902833722/?trk=jobs_biz_prem_srch,https://www.indeed.com/job/reporting-and-data-analyst-446cdf391e3fc2ba,OffsiteApply,1716148188000.0,,,,1713556188000.0,,0,FULL_TIME,USD,BASE_SALARY,72800.0,,,kaggle_us,"['SQL', 'Excel', 'Tableau', 'Statistics']"
3903450989,Straight Arrow News,Data Analyst,"Straight Arrow News is seeking a Data Analyst to join our growing team. We’re on a mission to raise the bar on journalism, and delivering world-class digital products is key in fulfilling that mission.
As a Data Analyst at Straight Arrow News, you will be part of a dynamic and innovative team that is constantly seeking to improve the news media industry and deliver news to viewers in innovative ways. Your work will involve analyzing and reporting on SAN.com and SAN mobile apps audience data and providing executive management with insights and recommendations based on data. The ideal candidate will have a passion for revealing insights.
ResponsibilitiesSupport the SAN Executive Team with actionable insights based on audience data.Gather data from various sources while ensuring data accuracy, completeness, and consistency. Perform preprocessing and data cleaning where needed, ensuring data are ready for analysis.Identify patterns, trends, and outliers and provide actionable business recommendations based on the data.Develop and maintain dashboards and reports to track key performance indicators related to audience growth and content performance.Provide input and recommendations for product enhancements and feature prioritization based on data analysis and user feedback.
Required QualificationsBachelor's degree in Computer Science, Statistics, Mathematics, Economics, or related field. At least five years of experience as a Data Analyst in a digital media or ecommerce setting.Proficiency in SQL, Python, R, or other programming languages for data manipulation and analysis.Experience with Google Data Studio or other data visualization tools.Experience creating custom data pipelines, automated reports, and data visualizations.Expertise in web and mobile analytics platforms (e.g. Google Analytics, Adobe Analytics, AppsFlyer, Amplitude).Current understanding of internet consumer data privacy matters.Excellent communication and collaboration skills, with the ability to present findings and recommendations to both technical and non-technical stakeholders.Strong analytical skills and attention to detail, with the ability to translate complex data into actionable insights.

Preferred QualificationsExperience with video delivery systems (encoding platforms, video players, video ad integration)Experience with digital media systems including content management systems, advertising systems, consent management platforms, and identity management frameworks.Experience with machine learning, statistical analysis, and predictive modeling.",120000.0,YEARLY,United States,71622423.0,360.0,,110000.0,Full-time,198.0,1713455449000.0,1.0,https://www.linkedin.com/jobs/view/3903450989/?trk=jobs_biz_prem_srch,,ComplexOnsiteApply,1716047449000.0,,Associate,,1713455449000.0,,0,FULL_TIME,USD,BASE_SALARY,115000.0,,,kaggle_us,"['Python', 'SQL', 'Google Analytics', 'Machine Learning', 'Statistics', 'Data Visualization']"
3903802377,Datasys Consulting and Software Inc.,Full Time - Financial Business Analyst with Regulatory Reporting Experience,"JOB DESCRIPTION: Title: Financial Business Analyst with Regulatory Reporting ExperienceLocation: New JerseyWork Mode: Hybrid/Remote We are seeking a highly skilled and motivated Financial Analyst specializing in regulatory reporting to join the team. The ideal candidate will have a strong understanding of financial principles, regulatory requirements, and reporting standards. The role involves analyzing financial data, ensuring compliance with regulatory guidelines, and providing insights to support strategic decision-making.  1. Experience preparing and delivering financial statements and regulatory reports in the financial services industry, a Bank Holding Company or similar. 2. Experience conducting research and preparing business and operational financial analysis 3. Strong knowledge of Generally Accepted Accounting Principles (GAAP). 4. Experience preparing and delivering holding company regulatory reports. 5. Experience in the use of Axiom. 6. In-depth familiarity with regulatory frameworks such as Dodd-Frank, Basel III, and SEC reporting regulations. 7. Master’s degree in finance, accounting, or Business Administration (MBA) Benefits:• 401K contribution• Health Insurance• Dental• Vision• Paid Time-off
Please send your updated resume onaditya.d@datasysamerica.com",55.0,YEARLY,"New Jersey, United States",5156208.0,5.0,,50.0,Full-time,1.0,1713466616000.0,1.0,https://www.linkedin.com/jobs/view/3903802377/?trk=jobs_biz_prem_srch,,SimpleOnsiteApply,1716058616000.0,,,,1713466616000.0,,0,FULL_TIME,USD,BASE_SALARY,52.5,,,kaggle_us,[]
3903802602,Stearns Bank N.A.,Data Analyst Strategist & Technology Engineer,"Come Grow with Us and Join an Award-Winning Organization! Stearns Bank is looking for a Data Analyst Strategist and Technology Engineer. This is a remote-eligible position headquartered out of St. Cloud, Minnesota. 
JOB SUMMARY As a Data Analyst Strategist and Technology Engineer at Stearns Bank, you will play a critical role in driving data-driven decision-making and technology innovation across the organization. Leveraging your expertise in data analysis, strategy development, and technology engineering, you will collaborate with cross-functional teams to design, implement, and optimize data-driven solutions that drive business growth and enhance operational efficiency.
Starting annual salary of $130,000.00. Employment offers will be dependent upon the selected candidate’s relevant qualifications and experience.
RESPONSIBILITIESData Analysis and Insights: Utilize advanced data analysis techniques to extract insights from large datasets, identify trends, patterns, and correlations, and translate findings into actionable recommendations for business stakeholders. Develop predictive models, algorithms, and data visualization tools to support decision-making processes, optimize business performance, and drive strategic initiatives.Strategy Development: Collaborate with senior leadership and key stakeholders to develop data-driven strategies and roadmaps that align with business objectives and drive innovation across the organization. Conduct market research, competitive analysis, and industry benchmarking to identify opportunities for growth, differentiation, and competitive advantage.Technology Engineering: Design, develop, and implement technology solutions and platforms to support data analytics, reporting, and automation initiatives, leveraging tools and technologies such as SQL, Python, R, Tableau, Power BI, and cloud-based platforms. Architect and maintain data infrastructure, databases, and systems to ensure scalability, reliability, and security of data assets.Cross-Functional Collaboration: Partner with cross-functional teams, including IT, Marketing, Operations, and Finance, to gather requirements, define solution specifications, and ensure successful implementation and adoption of data-driven initiatives. Provide technical guidance, training, and support to stakeholders to enable self-service analytics and empower data-driven decision-making throughout the organization.Performance Monitoring and Optimization: Monitor and analyze the performance of data analytics solutions and technology platforms, identifying opportunities for optimization, scalability, and continuous improvement. Implement best practices, standards, and governance frameworks to ensure data integrity, privacy, and compliance with regulatory requirements.
REQUIREMENTSOccasionally lift and/or move up to 25 lbs. Ability to understand and follow instructions in English.Ability to sit for extended periods of time, twist, bend, sit, walk use hands to twist, handle or feel objects, tools or controls, such as computer mouse, computer keyboard, calculator, stapler, telephone, staple puller, etc., reach with hands and arms, balance, stoop, kneel, talk or hear.Specific vision abilities required by the job include close vision, distance vision, peripheral vision, depth perception and the ability to adjust focus.
QUALIFICATIONSBachelor's degree in Computer Science, Data Science, Information Systems, or related field; Master's degree or relevant certification preferred.X years of experience in data analysis, strategy development, and technology engineering roles, preferably in the financial services or banking industry.Strong proficiency in data analysis tools and programming languages, such as SQL, Python, R, and experience with data visualization tools such as Tableau or Power BI.Solid understanding of data modeling, database design, and data warehousing principles, with experience working with relational databases and cloud-based platforms.Proven track record of developing and implementing data-driven strategies and technology solutions that drive business value and operational efficiency.Excellent communication, problem-solving, and stakeholder management skills.Ability to work independently as well as collaboratively in a fast-paced, dynamic environment. Strong analytical mindset, attention to detail, and a passion for leveraging data and technology to solve complex business challenges.
ABOUT STEARNS BANKStearns Bank is a leading financial institution dedicated to leveraging cutting-edge technology and data analytics to provide innovative banking solutions. With a commitment to excellence and continuous improvement, Stearns Bank offers a dynamic and collaborative work environment for professionals seeking to make a significant impact in the finance and technology sectors.
WHY JOIN STEARNS BANK?Opportunity to work at the intersection of finance, technology, and data analytics, driving innovation and shaping the future of banking. Collaborative and inclusive work culture that values diversity, creativity, and continuous learning. Competitive compensation package with comprehensive benefits and opportunities for professional development and advancement. Make a meaningful impact by leveraging your expertise to drive data-driven decision-making and technology innovation, contributing to the success and growth of Stearns Bank.Note: The above job description is intended to outline the general nature and level of work being performed by individuals assigned to this position. It is not intended to be construed as an exhaustive list of responsibilities, duties, and skills required. Management reserves the right to modify, add, or remove duties as necessary to meet business needs.
EQUAL OPPORTUNITY EMPLOYER /AFFIRMATIVE ACTION PLANWe are an equal opportunity employer and all qualified applicants will receive consideration for employment without regard to race, color, or creed, religion, sex, marital status, familial status, sexual orientation, national origin, age, disability, veteran’s status, status with regard to public assistance, or any other class protected by Federal, State, local laws governing nondiscrimination in employment.",,YEARLY,United States,71101.0,5.0,130000.0,,Full-time,2.0,1713467523000.0,1.0,https://www.linkedin.com/jobs/view/3903802602/?trk=jobs_biz_prem_srch,https://workforcenow.adp.com/mascsr/default/mdf/recruitment/recruitment.html?cid=cbc61a9e-850d-4133-ba7a-16f730256632&ccId=19000101_000001&lang=en_US&selectedMenuKey=CareerCenter&jobId=511445,OffsiteApply,1716059522000.0,,Mid-Senior level,,1713467523000.0,,0,FULL_TIME,USD,BASE_SALARY,130000.0,,,kaggle_us,"['Python', 'SQL', 'Tableau', 'Power BI', 'Data Visualization']"
3903814368,Flock Safety,Data Analyst,"Who is Flock?

Flock Safety is an all-in-one technology solution to eliminate crime and keep communities safe. Our intelligent platform combines the power of communities at scale - including cities, businesses, schools, and law enforcement agencies - to shape a safer future together. Our full-service, maintenance-free technology solution is trusted by communities across the country to help solve and deter crime in the pursuit of safer communities for everyone.

Our holistic public safety platform is comprehensive and intelligent, providing the actionable evidence needed to solve, deter and reduce crime across neighborhoods, schools, businesses and entire cities. Without compromising transparency or privacy, we are turning unbiased data into objective answers.

Flock strives to offer a career-defining experience where you can also make an impact on your community. While safety is a serious business, we are a supportive team that is optimizing the remote experience to create strong and fulfilling relationships even when we are physically apart. Our group of hard-working employees thrive in a positive and inclusive environment, where a bias towards action is rewarded.

We have raised over $380M in venture capital from investors including Tiger Global, Andreessen Horowitz, Matrix Partners, Meritech Capital Partners, and Initialized Capital. Now surpassing a $3B valuation, Flock is scaling intentionally and seeking the best and brightest to help us meet our goal of reducing crime in the United States by 25% in the next three years.

The Opportunity

As a Senior Data Analyst on the ML team, you will be responsible for extracting insights aggregated from various data sources, developing dashboards to identify trends and patterns that highlight model performance issues, performing analysis to determine the root-cause of ML and product anomalies, and presenting your findings to stakeholders to guide business and technical decisions. You will work closely with ML and Data Engineering, and other engineering teams to direct and validate technical and business decisions using data. Your work will directly impact the success of our ML initiatives, ensuring they are grounded in solid data analysis and capable of delivering tangible business value.

The Skillset

3+ years of experience as Data Analyst / Data ScientistAbility to develop robust monitoring and alerting systems to detect regressions in model behaviorStrong proficiency in SQLStrong proficiency using Data Warehouses and other large data systems (Spark, Trino, etc.)Strong proficiency in developing dashboards (Tableau, SuperSet, Sigma, etc.)Experience in statistical analysisExperience using Python as a scripting languageBasic git knowledgeBasic bash knowledgeKnowledge in ML concepts is desirable

Feeling uneasy that you haven’t ticked every box? That’s okay, we’ve felt that way too. Studies have shown women and minorities are less likely to apply unless they meet all qualifications. We encourage you to break the status quo and apply to roles that would make you excited to come to work every day.

90 Days at Flock

We are a results-oriented culture and believe job descriptions are a thing of the past. We prescribe to 90 day plans and believe that good days, lead to good weeks, which lead to good months. This serves as a preview of the 90 day plan you will receive if you were to be hired as a Senior Data Analyst at Flock Safety.

The First 30 Days

Understand the teams, data sources, and existing tools used to work with data. Work with ML and Data Engineering to improve monitoring and alerting. 

The First 60 Days 

Work to help develop the metrics and data necessary to quantify changes made to the systems from cross-functional projects. 

90 Days & Beyond

Understand the data that ML and related projects are most involved inGain competency in developing monitoring and analysis to deliver value from that dataCollaborate well with the team and the rest of the FlockAnalyze known anomalies to understand the reason for the specific behavior

The Interview Process 

We want our interview process to be a true reflection of our culture: transparent and collaborative. Throughout the interview process, your recruiter will guide you through the next steps and ensure you feel prepared every step of the way.

[Pick and choose what stages you will have in your interview process]

Our First Chat: During this first conversation, you’ll meet with a recruiter to chat through your background, what you could bring to Flock, what you are looking for in your next role, and who we are. The Hiring Manager Interview: You will meet with your potential future boss to really dive into the role, the team, expectations, and what success means at Flock. This is your chance to really nerd out with someone in your field. The Technical Assessment: Our technical assessments seek to test the hard skills required to do the job. Engineers may find themselves in coding interviews or architecture discussions, sales roles may present mock discovery calls, and leadership roles may craft 90 day plans. Your recruiter will inform you of which assessment you will be assigned and ensure you are fully prepared for your big day. The Executive Review: A chance to meet an executive in your function and view Flock from a different lens. Be prepared to ask well-thought-out questions about the company, culture, and more. 

The Perks

💰Salary & Equity: In this role, you’ll receive a starting salary of $110,000-$145,000 as well as stock options

🌴Use what you need PTO: We seriously mean it, plus 11 company holidays and your birthday off!

⚕️Fully-paid health benefits plan for employees: including Medical, Dental, and Vision and an HSA match.

👪Family Leave: All employees receive 12 weeks of 100% paid parental leave. Birthing parents are eligible for an additional 6-8 weeks of physical recovery time.

🍼Fertility & Family Benefits: We have partnered with Maven, a complete digital health benefit for starting and raising a family. We will reimburse $10,000 a year for adoption, surrogacy, or infertility.

🧠Mental Health: All employees receive an annual subscription to Headspace

💖Caregiver Support: We have partnered with Cariloop to provide our employees with caregiver support

💸Carta Tax Advisor: Employees receive 1:1 sessions with Equity Tax Advisors who can address individual grants, model tax scenarios, and answer general questions.

💻WFH Stipend: $150 per month to cover the costs of working from home.

📚L&D Stipend: $250 per year to use on Audible, Calm, Masterclass, Duolingo, Grammarly and so much more.

🏠Home Office Stipend: A one-time $750 to help you create your dream office.

🏢Coworking Space: If you’re not local to our ATL HQ, we’ll provide $250 a month to get you set up with an All Access Membership to WeWork (or a local coworking space in your area).

🐾Pet Insurance: We’ve partnered with Pumpkin to provide insurance for our employee’s fur babies.

Flock is an equal opportunity employer. We celebrate diverse backgrounds and thoughts and welcome everyone to apply for employment with us. We are committed to fostering an environment that is inclusive, transparent, and collaborative. Mutual respect is central to how Flock operates, and we believe the best solutions come from diverse perspectives, experiences, and skills. We embrace our differences and know that we are stronger working together.

If you need assistance or an accommodation due to a disability, please email us at careers@flocksafety.com. This information will be treated as confidential and used only to determine an appropriate accommodation for the interview process.",145000.0,YEARLY,United States,18021229.0,18.0,,110000.0,Full-time,4.0,1713398400000.0,1.0,https://www.linkedin.com/jobs/view/3903814368/?trk=jobs_biz_prem_srch,https://boards.greenhouse.io/flocksafety/jobs/7332354002?gh_src=3ae1c5e42us,OffsiteApply,1716064192000.0,,Entry level,,1713472192000.0,boards.greenhouse.io,0,FULL_TIME,USD,BASE_SALARY,127500.0,,,kaggle_us,"['Python', 'Tableau', 'Machine Learning', 'Statistics']"
3903844013,Florida Blue,Telesales Business Analyst,"Job Summary

The Telesales Business Analyst is responsible for providing 3rd party data insights and reporting to the Telesales leadership team and provide peer or leadership support as needed on existing projects. Analysts will understand pain points, identify gaps in channel performance, and execute process improvement initiatives to support increased sales conversion rates and improve member satisfaction. Analysts will generate easy to interpret reports based on collected data and findings. Analysts are relied upon to apply business knowledge to projects and provide value-added insights to directly impact business outcomes.

Essential Functions

Listens to calls, reviews chats, transcriptions, and survey data to mine for qualitative and quantitative analysis to ensure that the channel’s teams are consistently performing in compliance with organizational and direct sales policies and procedures, rulings, laws, and government regulations. Identify, investigate, and document possible root causes of trends, issues, and performance gaps based on analyses and campaign results to determine improvements and recommendations. Develop daily reports and presentations documenting analysis and ensure that key stakeholders understand the business implications for those analyses. Research, analyze, maintain, validate, and prepare data, information and content used in making business decisions. Present and articulate findings to a variety of audiences including Telesales leadership, Sales and Engagement managers, Direct Sales Enablement, and the Continuous Improvement team. Also produce, edit, and distribute a variety of other business documents such as proposals, ad hoc presentations, and continuous improvement plans. Produces ad hoc reporting and assists with presentation building as needed. 


Qualifications

 Required Work Experience


2+ years related work experience. Experience Details: data analysis experience, preferably in a call center environment, data science. Detail oriented with experience recognizing patterns and trends. Or any combination of the above.

 Required Management Experience


No Supervisory/management Experience Required

 Required Education


Related Bachelor’s degree or additional related equivalent work experience

 Demonstrated ability to use process and operational workflows. Demonstrated understanding of process improvement concepts. Proficient with Microsoft Office, including Word, Excel and PowerPoint. Great communication skills: written and oral. Preferred Education


Bachelor’s degree Data Science

 Additional Preferred Qualifications


Strong qualitative thinking and statistical data analysis skills.

General Physical Demands

Sedentary work: Exerting up to 10 pounds of force occasionally to move objects. Jobs are sedentary if traversing activities are required only occasionally.

Physical/Environmental Activities

Must be able to travel to multiple locations for work (i.e. travel to attend meetings, events, conferences). Occasionally

What We Offer:

As a Florida Blue employee, you will thrive in our Be Well, Work Well, GuideWell culture where being well as an individual, and working well as a team, are both important in serving our members and communities.

To support your wellbeing, comprehensive benefits are offered. As an employee, you will have access to:

Medical, dental, vision, life and global travel health insurance;Income protection benefits: life insurance, Short- and long-term disability programs;Leave programs to support personal circumstances;Retirement Savings Plan includes employer contribution and employer match;Paid time off, volunteer time off, 10 holidays and two flexible Well-Being daysAdditional voluntary benefits available; andA comprehensive wellness program


Employee benefits are designed to align with federal and state employment laws. Benefits may vary based on the state in which work is performed. Benefits for intern, part-time and seasonal employees may differ.

To support your financial wellbeing, we offer competitive pay as well as opportunities for incentive or commission compensation. We also conduct regular annual reviews with pay for performance considerations for base pay increases.

Annualized Salary Range: $57,200 - $93,000

Typical Annualized Hiring Range: $57,200 - $71,500

Final pay will be determined with consideration of market competitiveness, internal equity, and the job-related knowledge, skills, training, and experience you bring.

We are an Equal Opportunity/Protected Veteran/Disabled Employer committed to creating a diverse, inclusive and equitable culture for our employees and communities.",93000.0,YEARLY,United States,239879.0,15.0,,57200.0,Full-time,2.0,1713478649000.0,1.0,https://www.linkedin.com/jobs/view/3903844013/?trk=jobs_biz_prem_srch,https://careers.floridablue.com/us/en/job/34037/Telesales-Business-Analyst,OffsiteApply,1716072936000.0,,Mid-Senior level,,1713480936000.0,careers.floridablue.com,0,FULL_TIME,USD,BASE_SALARY,75100.0,,,kaggle_us,['Excel']
3903845884,Amazon,"Business Analyst Manager, Visual Innovation Services","Description

The Visual Innovation Team (VIT) helps build the world’s best online shopping experience through immersive photography, videography, and cutting edge virtual and augmented reality content. VIT is a large and fast-growing network of teams, focusing on content creation and standards across a diverse set of product categories. We are obsessed with innovating on behalf of our customers, and are continuously pushing the boundaries of the e-commerce experience.

We are seeking a Business Analyst Manager for our Product, Programs, and Analytics team (PPA). This role will be responsible for managing a team of business analysts, developing roadmaps to streamline access to business KPIs, and support projects that improve operational efficiency and or enable strategic shifts in our business model. The ideal candidate can balance data and customer anecdotes to influence decisions, has experience leading others, and dives deep into problems while distilling findings into concise action plans understood by a broad range of individuals.

Key job responsibilities

 Manage a team of business analysts responsible for ensuring key business decision data is accurate, automated and delivered in a timely fashion. Develop and influence roadmaps to improve data access and ease of deriving business insights to make tactical and strategic decisions. Work with partner teams to define business metrics/goals Manage end-to-end projects as needed

About The Team

The VIT PPA team is responsible for the development and continuous improvement of Content Creation workflows, tooling, and reporting that support our global operations, as well as dictating the organization’s adherence to Financial and Business Excellence best practices. We partner closely with production, workflow, reporting, corporate finance, and CX partner teams to ensure we are able to deliver internally and externally produced content at scale, on time, and at the required quality.

We are open to hiring candidates to work out of one of the following locations:

New York, NY, USA | Seattle, WA, USA

Basic Qualifications

 5+ years relevant experience in program management/business analysis 3+ years people management experience Experience defining requirements and using data and metrics to draw business insights Experience making business recommendations and influencing stakeholders Experience in Excel

Preferred Qualifications

 Ability to communicate to a broad range of stakeholders Ability to work autonomously Effectively escalates to unblock as necessary Experience with Tableau, Quicksight, or other visualization platforms Experience with SQL Experience with Agile Sprint methodology

Amazon is committed to a diverse and inclusive workplace. Amazon is an equal opportunity employer and does not discriminate on the basis of race, national origin, gender, gender identity, sexual orientation, protected veteran status, disability, age, or other legally protected status. For individuals with disabilities who would like to request an accommodation, please visit https://www.amazon.jobs/en/disability/us.

Our compensation reflects the cost of labor across several US geographic markets. The base pay for this position ranges from $114,300/year in our lowest geographic market up to $212,600/year in our highest geographic market. Pay is based on a number of factors including market location and may vary depending on job-related knowledge, skills, and experience. Amazon is a total compensation company. Dependent on the position offered, equity, sign-on payments, and other forms of compensation may be provided as part of a total compensation package, in addition to a full range of medical, financial, and/or other benefits. For more information, please visit https://www.aboutamazon.com/workplace/employee-benefits. This position will remain posted until filled. Applicants should apply via our internal or external career site.


Company - Amazon.com Services LLC

Job ID: A2617364",212600.0,YEARLY,"New York, United States",1586.0,5.0,,114300.0,Full-time,,1712793600000.0,,https://www.linkedin.com/jobs/view/3903845884/?trk=jobs_biz_prem_srch,https://www.amazon.jobs/jobs/2617364/business-analyst-manager-visual-innovation-services?cmpid=SPLICX0248M&utm_source=linkedin.com&utm_campaign=cxro&utm_medium=social_media&utm_content=job_posting&ss=paid,OffsiteApply,1716077662000.0,,Mid-Senior level,,1713485662000.0,www.amazon.jobs,0,FULL_TIME,USD,BASE_SALARY,163450.0,,,kaggle_us,"['SQL', 'Excel', 'Tableau']"
3903875930,Cardinal Health,Quality Business Analyst - Nationwide,"What Quality Business Analysis contributes to Cardinal HealthCommercial Technologies manages the enterprise's portfolio of commercial technologies to maximize the business value of the technologies and enhance the customer experience. This function creates strategies for the portfolio and innovative solutions based on relationships with business leaders, develops back-end solutions and capabilities, and improves the front-end experience.Responsibilities Serves as a liaison between the business and IT to align product strategies and capabilities, also providing technical business specifications to IT. Identifies and analyzes product needs, defines requirements, objectives, and participates in the solutions making processQualifications2-4 years experience preferredBA, BS or equivalent experience in related field preferredPharmacy Experience preferredCRM and Pharmacy Systems intermediate knowledgeWhat is expected of you and others at this levelApplies working knowledge in the application of concepts, principles and technical capabilities to perform varied tasksWorks on projects of moderate scope and complexityIdentifies possible solutions to a variety of technical problems and takes action to resolveApplies judgment within defined parametersReceives general guidance and may receive more detailed instruction on new projectsWork reviewed for sound reasoning and accuracyAnticipated salary range: $66,500-$85,500Bonus eligible: NoBenefits: Cardinal Health offers a wide variety of benefits and programs to support health and well-being.Medical, dental and vision coveragePaid time off planHealth savings account (HSA)401k savings planAccess to wages before pay day with myFlexPayFlexible spending accounts (FSAs)Short- and long-term disability coverageWork-Life resourcesPaid parental leaveHealthy lifestyle programsApplication window anticipated to close: 06/18/2024 *if interested in opportunity, please submit application as soon as possible.Candidates who are back-to-work, people with disabilities, without a college degree, and Veterans are encouraged to apply.

Cardinal Health supports an inclusive workplace that values diversity of thought, experience and background. We celebrate the power of our differences to create better solutions for our customers by ensuring employees can be their authentic selves each day. Cardinal Health is an Equal Opportunity/Affirmative Action employer. All qualified applicants will receive consideration for employment without regard to race, religion, color, national origin, ancestry, age, physical or mental disability, sex, sexual orientation, gender identity/expression, pregnancy, veteran status, marital status, creed, status with regard to public assistance, genetic status or any other status protected by federal, state or local law.",85500.0,YEARLY,"Illinois, United States",2162.0,4.0,,66500.0,Full-time,,1713496117000.0,1.0,https://www.linkedin.com/jobs/view/3903875930/?trk=jobs_biz_prem_srch,https://jobs.cardinalhealth.com/search/jobdetails/quality-business-analyst/291b7f93-17ab-4161-b226-02be3fd36632?utm_campaign=linkedin_paid&utm_medium=paid_job_board&source=LinkedIn&utm_source=linkedin,OffsiteApply,1716088962000.0,,Entry level,,1713496962000.0,jobs.cardinalhealth.com,0,FULL_TIME,USD,BASE_SALARY,76000.0,,,kaggle_us,[]
3903880514,Cardinal Health,Quality Business Analyst - Nationwide,"What Quality Business Analysis contributes to Cardinal HealthCommercial Technologies manages the enterprise's portfolio of commercial technologies to maximize the business value of the technologies and enhance the customer experience. This function creates strategies for the portfolio and innovative solutions based on relationships with business leaders, develops back-end solutions and capabilities, and improves the front-end experience.Responsibilities Serves as a liaison between the business and IT to align product strategies and capabilities, also providing technical business specifications to IT. Identifies and analyzes product needs, defines requirements, objectives, and participates in the solutions making processQualifications2-4 years experience preferredBA, BS or equivalent experience in related field preferredPharmacy Experience preferredCRM and Pharmacy Systems intermediate knowledgeWhat is expected of you and others at this levelApplies working knowledge in the application of concepts, principles and technical capabilities to perform varied tasksWorks on projects of moderate scope and complexityIdentifies possible solutions to a variety of technical problems and takes action to resolveApplies judgment within defined parametersReceives general guidance and may receive more detailed instruction on new projectsWork reviewed for sound reasoning and accuracyAnticipated salary range: $66,500-$85,500Bonus eligible: NoBenefits: Cardinal Health offers a wide variety of benefits and programs to support health and well-being.Medical, dental and vision coveragePaid time off planHealth savings account (HSA)401k savings planAccess to wages before pay day with myFlexPayFlexible spending accounts (FSAs)Short- and long-term disability coverageWork-Life resourcesPaid parental leaveHealthy lifestyle programsApplication window anticipated to close: 06/18/2024 *if interested in opportunity, please submit application as soon as possible.Candidates who are back-to-work, people with disabilities, without a college degree, and Veterans are encouraged to apply.

Cardinal Health supports an inclusive workplace that values diversity of thought, experience and background. We celebrate the power of our differences to create better solutions for our customers by ensuring employees can be their authentic selves each day. Cardinal Health is an Equal Opportunity/Affirmative Action employer. All qualified applicants will receive consideration for employment without regard to race, religion, color, national origin, ancestry, age, physical or mental disability, sex, sexual orientation, gender identity/expression, pregnancy, veteran status, marital status, creed, status with regard to public assistance, genetic status or any other status protected by federal, state or local law.",85500.0,YEARLY,"California, United States",2162.0,8.0,,66500.0,Full-time,1.0,1713496116000.0,1.0,https://www.linkedin.com/jobs/view/3903880514/?trk=jobs_biz_prem_srch,https://jobs.cardinalhealth.com/search/jobdetails/quality-business-analyst/291b7f93-17ab-4161-b226-02be3fd36632?utm_campaign=linkedin_paid&utm_medium=paid_job_board&source=LinkedIn&utm_source=linkedin,OffsiteApply,1716088962000.0,,Entry level,,1713496962000.0,jobs.cardinalhealth.com,0,FULL_TIME,USD,BASE_SALARY,76000.0,,,kaggle_us,[]
3905289164,Achieve,Sr. Staff Data Analyst - Marketing Analytics,"Job Description

As a Sr. Staff Data Analyst – Marketing Analytics, you’ll impact the lives of everyday people and help them move from surviving to thriving with digital personal finance solutions. Behind our forward-thinking technology is a group of curious, innovative problem solvers creating next-level products backed by data and consumer-centric strategy. At Achieve, you’re encouraged to explore new technologies while working on exciting projects that directly impact our member’s success.

We are looking for a Senior Staff Data Analyst who will work closely with our internal and external business partners in developing data-driven solutions for the organization. In this role, you will be involved in analyzing business performance, understanding campaign results, and providing recommendations for future marketing efforts and product improvements. You will also collaborate with team members in assessing and developing new analytic opportunities within the broader analytics organization.

What you’ll do: 

Conduct large scale analyses, with ownership through all stages: understand business goals and strategies, formulate the analytic approach, perform data extraction, exploration, and transformation, and translate results into actionable items for the business team.Leverage deep hands-on technical skills to produce analyses in various topics including, but not limited to, customer segmentation, campaign performance, marketing attribution, return on investment/ad spend, and customer lifecycle.Interact with multiple functional teams across the organization to identify potential issues, implement solutions, improve throughput, and automate recurring processes.Write queries and build analyses on an ad hoc basis to answer strategic stakeholder questions, balancing short term solutions with long term operations.Build processes and dashboards to address ongoing and repetitive business needs, working with data engineering, data product managers, and other teammates as needed.


Qualifications

What you’ll bring: 

8+ years of hands-on analytic experience in the financial services industry, specifically in consumer lending, with fintech preferred.Strong experience working with both internally owned digital acquisition channels (paid social, paid search, display, etc.) and external lead generation channels (partners, affiliates, etc.), and understanding measurement of each channel’s relative and absolute efficiency and effectiveness.Advanced SQL skills and experience working with reporting tools such as Tableau, Looker or othersExperience in Python or R is preferred but not requiredStrong understanding on how the data should be captured, stored and structured in data warehousing environmentAn effective cross functional communicator in both written (PowerPoint or Google Slides) and verbal skills with experience working with executive-level stakeholdersAbility and willingness to learn in a fast-paced environment and adapt to various situations and changing prioritiesCollaborate with Data Science and Data Engineering teams to implement predictive models into various stages of marketing funnels,Experience with data analytics and statistical modeling concepts such as multivariate regression, segmentation modeling, optimization, and forecasting is a plusBachelor’s degree or better in a quantitative field such as Mathematics, Statistics, Computer Science, Economics or equivalent


Additional Information

Achieve well-being with:

Hybrid and remote work opportunities401 (k) with employer matchMedical, dental, and vision with HSA and FSA optionsCompetitive vacation and sick time off, as well as dedicated volunteer daysAccess to wellness support through Employee Assistance Program, Talkspace, and fitness discountsUp to $5,250 paid back to you on eligible education expensesPet care discounts for your furry friendsFinancial support in times of hardship with our Achieve Care FundA safe place to connect and a commitment to diversity and inclusion through our six employee resource groups


Work from home/hybrid:

We are proudly offering hybrid options in the Phoenix, AZ or San Mateo, CA metro markets. In other locations throughout the country, we offer work from home in the following states: WA, OR, NV, UT, TX

Salary Range: $160,000 to $175,000 annually + bonus + benefits. This information represents the expected salary range for this role. Should we decide to make an offer for employment, we'll consider your location, experience, and other job-related factors.

Join Achieve, change the future.

At Achieve, we’re changing millions of lives.

From the single parent trying to catch up on bills to the entrepreneur needing a loan for the next phase of growth, you’ll get to be a part of their journey to a better financial future. We’re proud to have over 3,000 employees in mostly hybrid and 100% remote roles across the United States with hubs in Arizona, California, and Texas. We are strategically growing our teams with more remote, work-from-home opportunities every day to better serve our members. A career at Achieve is more than a job—it’s a place where you can make a true impact, have a sense of belonging, establish a fulfilling career, and put your well-being first.

Attention Agencies & Search Firms: We do not accept unsolicited candidate resumes or profiles. Please do not reach out to anyone within Achieve to market your services or candidates. All inquiries should be directed to Talent Acquisition only. We reserve the right to hire any candidates sent unsolicited and will not pay any fees without a contract signed by Achieve’s Talent Acquisition leader.

Company Description

Meet Achieve

Achieve is a leading digital personal finance company. We help everyday people move from struggling to thriving by providing innovative, personalized financial solutions. By leveraging proprietary data and analytics, our solutions are tailored for each step of our member's financial journey to include personal loans, home equity loans, debt consolidation, financial tools and education. Every day, we get to help our members move their finances forward with care, compassion, and an empathetic touch. We put people first and treat them like humans, not account numbers.

Attention Agencies & Search Firms: We do not accept unsolicited candidate resumes or profiles. Please do not reach out to anyone within Achieve to market your services or candidates. All inquiries should be directed to Talent Acquisition only. We reserve the right to hire any candidates sent unsolicited and will not pay any fees without a contract signed by Achieve’s Talent Acquisition leader.",175000.0,YEARLY,"Arizona, United States",87147260.0,6.0,,160000.0,Full-time,,1713471142000.0,1.0,https://www.linkedin.com/jobs/view/3905289164/?trk=jobs_biz_prem_srch,https://careers.achieve.com/job/sr-staff-data-analyst-marketing-analytics-in-multiple-locations-jid-1082?_atxsrc=LinkedIn&utm_source=LinkedIn,OffsiteApply,1716063810000.0,,Mid-Senior level,,1713471810000.0,careers.achieve.com,0,FULL_TIME,USD,BASE_SALARY,167500.0,,,kaggle_us,"['Python', 'SQL', 'Tableau', 'Looker', 'Statistics', 'Segmentation']"
3905340124,TriNet,Senior Business Analyst,"Job Description

TriNet is a leading provider of comprehensive human resources solutions for small to midsize businesses (SMBs). We enhance business productivity by enabling our clients to outsource their HR function to one strategic partner and allowing them to focus on operating and growing their core businesses. Our full-service HR solutions include features such as payroll processing, human capital consulting, employment law compliance and employee benefits, including health insurance, retirement plans and workers’ compensation insurance.

TriNet has a nationwide presence and an experienced executive team. Our stock is publicly traded on the NYSE under the ticker symbol TNET. If you’re passionate about innovation and making an impact on the large SMB market, come join us as we power our clients’ business success with extraordinary HR.

Don't meet every single requirement? Studies have shown that women and people of color are less likely to apply to jobs unless they meet every single requirement. At TriNet, we are dedicated to building a diverse, inclusive and authentic workplace, so if you're excited about this role but your past experience doesn't align perfectly with every single qualification in the job description, we encourage you to apply anyway. You may just be the right candidate for this or other roles.

A Brief Overview

The position analyzes operational effectiveness across all the organization's Finance, Insurance and Risk Management teams to identify opportunities for efficiency and improvement. Responsibilities typically include problem definition, evaluation of requirement and implementation of systems and/or process to meet business user requirements. This position also develops the annual process improvement roadmap

Locations

United States (Remote)

What You Will Do

Interviews process owners and documents current state processes for inclusion in business requirementsProvides process solution recommendations with short- and long-term goals in mindIdentifies and analyzes trends in system errors or required enhancements related to benefits.Assesses impact of improvements in partnership with Finance to strategize and prioritize key improvements going forwardSupports business activities by planning and designing complex business processesWorks cross functionally to design the annual process improvement roadmap.Escalates issues as needed, and verifies solution meets requirements by assisting with user acceptance testing of fix or enhancementStays abreast industry best practices to effectively recommend effective enhancements and design for business systems and processes


Education Qualifications

Bachelor's Degree or equivalent experience preferred


Experience Qualifications

Typically 5+ years of experience in project management, operational process documentation and improvement, or related required


Skills And Abilities

Proficient in Microsoft Office Suite, advanced Excel knowledgeStrong aptitude for learning new technologies and utilizing project management applicationsAbility to manage projects and facilitate team interactions, employing sound change management principlesDemonstrated knowledge of business analysis methodology and toolsStrong consultative skills; ability to communicate ideas and information clearly, accurately, and tactfullySolid presentation and facilitation skillsMust be highly organized, able to effectively prioritize work, be oriented to detail, and have excellent follow through


Licenses and Certifications

Six Sigma preferredAgile/Scrum Training/Certification preferred


Travel Requirements

Minimal

Work Environment

Work in clean, pleasant, and comfortable home or office setting with reliable internet. The work environment characteristics described here are representative of those an employee encounters while performing the essential functions of this job. Reasonable accommodations may be made to enable persons with disabilities to perform the essential functions.


The salary range for this role is $66,700 to $136,100. The candidate’s final salary offer will be based on the candidate’s skills, education, work location and experience.

A candidate’s compensation may also include bonuses consistent with TriNet’s corporate bonus plan.

Additionally, subject to applicable eligibility requirements, TriNet offers permanent full-time employees a variety of benefits including medical, dental, and vision plans, life and disability insurance, a 401(K) savings plan, an employee stock purchase plan, eleven (11) Company observed holidays, PTO and a comprehensive leave program. Please click the following link for detailed information about our benefits offerings: https://www.trinet.com/documents/blt5b61a1040aae1904

Please Note: TriNet reserves the right to change or modify job duties and assignments at any time. The above job description is not all encompassing. Position functions and qualifications may vary depending on business necessity.

TriNet is an Equal Opportunity Employer and does not discriminate against applicants based on race, religion, color, disability, medical condition, legally protected genetic information, national origin, gender, sexual orientation, marital status, gender identity or expression, sex (including pregnancy, childbirth or related medical conditions), age, veteran status or other legally protected characteristics. Any applicant with a mental or physical disability who requires an accommodation during the application process should contact recruiting@trinet.com to request such an accommodation.

About Us

TriNet is a leading provider of comprehensive human resources solutions for small to midsize businesses (SMBs). We enhance business productivity by enabling our clients to outsource their HR function to one strategic partner and allowing them to focus on operating and growing their core businesses. Our full-service HR solutions include features such as payroll processing, human capital consulting, employment law compliance and employee benefits, including health insurance, retirement plans and workers’ compensation insurance.

TriNet has a nationwide presence and an experienced executive team. Our stock is publicly traded on the NYSE under the ticker symbol TNET. If you’re passionate about innovation and making an impact on the large SMB market, come join us as we power our clients’ business success with extraordinary HR.

Please note that at this time, TriNet requires colleagues reporting to TriNet offices, engaging in in-person activities (including off-sites) or engaging in TriNet sponsored business travel, to be fully vaccinated (as defined by the CDC) against COVID-19 or provide proof of a negative PCR test each week. TriNet will consider requests for reasonable accommodations for documented medical reasons and for sincerely held religious beliefs in accordance with applicable law.

TriNet is providing access to a mobile app for colleagues to submit proof of vaccination or negative test results. Please do not include proof of vaccine status or any indication of a possible request for an accommodation when submitting your application materials. If applicable, TriNet will follow up with you directly to request proof of vaccination and to discuss any potential accommodations.",136100.0,YEARLY,United States,9438.0,7.0,,66700.0,Full-time,,1713398400000.0,1.0,https://www.linkedin.com/jobs/view/3905340124/?trk=jobs_biz_prem_srch,https://fa-etgw-saasfaprod1.fa.ocs.oraclecloud.com/hcmUI/CandidateExperience/en/job/3001393/?utm_medium=jobshare,OffsiteApply,1716073567000.0,,,,1713481567000.0,fa-etgw-saasfaprod1.fa.ocs.oraclecloud.com,0,FULL_TIME,USD,BASE_SALARY,101400.0,,,kaggle_us,['Excel']
3905648923,EnergyHub,Senior Data Analyst,"EnergyHub empowers utilities and their customers to create a clean, distributed energy future. We help consumers turn their smart thermostats, EVs, batteries, and other products into virtual power plants that keep the grid stable and enable higher penetration of solar and wind power.

In order to transform that data into valuable solutions for the energy industry, EnergyHub seeks to hire a Senior Data Analyst to join the team in developing best-in-class visualizations and reporting systems for massive amounts of data from smart devices being managed by us and our clients with the goal of grid decarbonization. Your work will enable both internal and external users to develop a deep understanding of how EnergyHub’s software platform solves real-world energy challenges by building and managing virtual power plants (VPPs). The ideal candidate for this role is passionate about data analytics and seeks to apply their skills towards solving the climate crisis.

Main Responsibilities

You will help further develop the Business Intelligence (BI) / data analytics system within EnergyHub’s platform, including designing and building dashboards and reports and developing and maintaining data models and data quality procedures to ensure accuracy and timeliness of data.You will collaborate with engineering teams, data scientists, product managers and client success managers to help develop business logic and detailed system requirements and to help identify and answer research questions of interest to the company and our clients.You will become an expert in smart device data and the aggregation of such into VPPs; including that of electric vehicles, smart thermostats, EV chargers, batteries, solar inverters, etc.Other duties as assigned


Key Skills And Experience

You are passionate about finding valuable insights in large, complex datasets3+ years of experience as a data analyst and have previously worked in a multi-person business intelligence teamWhen you can’t find the data that you need, you are creative enough to infer and/or generate the data needed from other information that is availableYou are skilled at developing analytics dashboards and data visualization that are useful and visually compelling.You have an understanding of and can develop basic statistical models and perform complex data analysis to surface insights or inform decisions.You have experience developing automated reporting systems with business intelligence toolsYou enjoy communicating with others and and developing real relationships with colleagues, clients and external partnersYou are excited about the opportunities of working with very large datasets from disparate sourcesYou have the ability to describe your ideal analytics schema to data engineering team members and work with them to improve a data warehouseYou are share our vision of a carbon-free distributed energy futureYou are passionate about empowering users through timely, accurate and actionable dataYou are very skilled at using one or more BI tools (e.g. Tableau, Sigma, Looker), cloud data warehouses (e.g. Snowflake, Redshift, Big Query), data transformation frameworks (e.g. dbt), and data science tools (e.g. Python/Jupyter, Julia, R)You have a deep understanding of data warehouse architecture 


Preferred Skills And Experience

Extensive experience with dbt / Snowflake / SQLA strong background in mathematics and statistics in order to provide support to clients who need to understand complex statistics and to collaborate with data scientists who will use the analytics platform for statistical analysis


The salary range for this position is $120,000 - $150,000. Base pay offered may vary depending on location, job-related knowledge, skills and experience.

Why work for EnergyHub?

Collaborate with outstanding people: Our employees work hard, do great work, and enjoy collaborating and learning from each other. Make an immediate impact: New employees can expect to be given real responsibility for bringing new technologies to the marketplace. You are empowered to perform as soon as you join the team!Gain well rounded experience: EnergyHub offers a diverse and dynamic environment where you will get the chance to work directly with executives and develop expertise across multiple areas of the business.Work with the latest technologies: You’ll gain exposure to a broad spectrum of IoT, SaaS and machine learning obstacles, including distributed fault-tolerance, device control optimization, and process modeling to support scalable interaction with disparate downstream APIs. Be part of something important: Help create the future of how energy is produced and consumed. Make a positive impact on our climate.Focus on fun: EnergyHub places high value on our team culture. Happy hours and holiday parties are important to us, but what’s also important is how our employees feel every single day. 


Company Information

EnergyHub is a growing enterprise software company that works with the most forward-thinking companies in smart energy. Our platform lets consumers turn their smart thermostats, electric cars, water heaters, and other products into virtual power plants that keep the grid stable and enable higher penetration of solar and wind power. We work on technology that already provides energy and cost savings to millions of people through partnerships with the most innovative companies in the Internet of Things.

Company Benefits

EnergyHub offers a generous benefits package including 100% paid medical for employees and a 401(k) with employer match. We offer a casual environment, the flexibility to set your own schedule, a fully stocked fridge and pantry, free Citi Bike membership, secure bike rack, gym subsidy, paid parental leave, and an education assistance program.

EnergyHub is an Equal Opportunity Employer

In connection with your application, we collect information that identifies, reasonably relates to or describes you (“Personal Information”). The categories of Personal Information that we may collect include your name, government-issued identification number(s), email address, mailing address, other contact information, emergency contact information, employment history, educational history, and demographic information. We collect and use those categories of Personal Information about you for human resources and other business management purposes, including identifying and evaluating you as a candidate for potential or future employment or future positions, recordkeeping in relation to recruiting and hiring, conducting analytics, and ensuring compliance with applicable legal requirements and Company policies.

Notice To Third Party Agencies:

EnergyHub understands the value of professional recruiting services. However, we are not accepting resumes from recruiters or employment agencies for this position. In the event we receive a resume or candidate referral for this position from a third-party recruiter or agency without a previously signed agreement, we reserve the right to pursue and hire those candidate(s) without any financial obligation to you.",150000.0,YEARLY,United States,595749.0,3.0,,120000.0,Full-time,,1711355097000.0,1.0,https://www.linkedin.com/jobs/view/3905648923/?trk=jobs_biz_prem_srch,https://www.energyhub.com/careers/job-listings?gh_jid=7284857002&gh_src=cfdcda8a2us,OffsiteApply,1716107808000.0,,Mid-Senior level,,1713515808000.0,www.energyhub.com,0,FULL_TIME,USD,BASE_SALARY,135000.0,,,kaggle_us,"['Python', 'Tableau', 'Looker', 'Machine Learning', 'Statistics', 'Data Visualization', 'Big Query', 'Snowflake']"
3905658764,Talentify.io,Business Analyst III - Tableau (Remote),"Employer Industry: Data Analysis and Business Intelligence

Why Consider This Job Opportunity

 Salary up to $150,280 Opportunity for career advancement and growth within the organization Supportive and collaborative work environment Chance to work with cutting-edge tools such as Tableau, Power BI, and more Opportunity to make a significant impact on business performance through data analysis Remote work flexibility available

What To Expect (Job Responsibilities)

 Source, compile, and interpret data for advanced analysis Provide operational support by responding to inquiries and identifying issues Develop strategies to achieve company and department goals Produce reports based on data analysis and industry trends Develop and maintain Tableau dashboards for business insights

What Is Required (Qualifications)

 Bachelor's Degree and 4 years of experience in Analytics, Modeling, or Reporting OR High School Diploma or GED and 8 years of experience in Analytics, Modeling, or Reporting Proficiency in Tableau, Power BI, Cognos, Excel, and SQL Experience with ETL tools such as DataStage and Informatica Strong skills in Tableau dashboard development, SQL, Python, and data warehousing Knowledge of Data Warehouse architecture and dimensional modeling

How To Stand Out (Preferred Qualifications)

 Experience in understanding of Data Warehouse architecture and business intelligence Strong analytical and problem-solving skills Previous experience mentoring others on Tableau usage

#DataAnalysis #BusinessIntelligence #Tableau #RemoteWork #CareerGrowth

At Talentify, we prioritize candidate privacy and champion equal-opportunity employment. Central to our mission is our partnership with companies that share this commitment. We aim to foster a fair, transparent, and secure hiring environment for all. If you encounter any employer not adhering to these principles, please bring it to our attention immediately.

Talentify is not the EOR (Employer of Record) for this position. Our role in this specific opportunity is to connect outstanding candidates with a top-tier employer.

Talentify helps candidates around the world to discover and stay focused on the jobs they want until they can complete a full application in the hiring company career page/ATS.",,YEARLY,United States,2204084.0,3.0,150280.0,,Full-time,,1713484800000.0,1.0,https://www.linkedin.com/jobs/view/3905658764/?trk=jobs_biz_prem_srch,https://tfy.io/jo/aw4oi5j?utm_campaign=booc-linkedin&tdd=dDEsaDEsamtrYTNmLHI0LGVwcm82NjIyMjQ4NTg3ODJjOTQzMzA3NTEw&utm_medium=Xml&personalized=true&utm_source=linkedin,OffsiteApply,1716110013000.0,,Mid-Senior level,,1713518013000.0,tfy.io,0,FULL_TIME,USD,BASE_SALARY,150280.0,,,kaggle_us,"['Python', 'SQL', 'Excel', 'Tableau', 'Power BI', 'ETL']"
3905660585,Talentify.io,Data Analyst IV (Remote),"Employer Industry: Recruiting Software

Why Consider This Job Opportunity

 Competitive pay up to $120,000 per year Opportunity for career advancement and growth within the organization Flexibility of remote work Chance to work with top-tier companies such as Netflix, Yelp, Cirque du Soleil, Shopify, and Spotify Innovative and people-first culture Recognized as the #1 place to work in San Francisco and a top workplace in the entire United States

What To Expect (Job Responsibilities)

 Source, analyze, and interpret large datasets to support business decisions Develop and implement data models, algorithms, and statistical analyses Collaborate with cross-functional teams to identify and address data-related challenges Create visualizations and reports to communicate findings to stakeholders Continuously monitor and improve data quality and integrity

What Is Required (Qualifications)

 Bachelor's degree in a relevant field such as mathematics, statistics, or computer science Minimum of 5 years of experience as a data analyst or similar role Proficiency in SQL, Python, and data visualization tools Strong analytical and problem-solving skills Excellent written and verbal communication skills

How To Stand Out (Preferred Qualifications)

 Master's degree in a relevant field Experience with machine learning and predictive modeling Knowledge of cloud-based data platforms such as AWS or Google Cloud Familiarity with Agile methodologies and project management tools Strong attention to detail and ability to work independently

#RecruitingSoftware #DataAnalysis #RemoteWork #CareerOpportunity #CompetitivePay

At Talentify, we prioritize candidate privacy and champion equal-opportunity employment. Central to our mission is our partnership with companies that share this commitment. We aim to foster a fair, transparent, and secure hiring environment for all. If you encounter any employer not adhering to these principles, please bring it to our attention immediately.

Talentify is not the EOR (Employer of Record) for this position. Our role in this specific opportunity is to connect outstanding candidates with a top-tier employer.

Talentify helps candidates around the world to discover and stay focused on the jobs they want until they can complete a full application in the hiring company career page/ATS.",,YEARLY,United States,2204084.0,4.0,120000.0,,Full-time,,1712566846000.0,1.0,https://www.linkedin.com/jobs/view/3905660585/?trk=jobs_biz_prem_srch,https://tfy.io/jo/oenty4d?utm_campaign=booc-linkedin&tdd=dDEsaDEsajI4bGR2LHI0LGVwcm82NjIyMjQ4NTg3ODJjOTQzMzA3NTEw&utm_medium=Xml&personalized=true&utm_source=linkedin,OffsiteApply,1716110013000.0,,Mid-Senior level,,1713518013000.0,tfy.io,0,FULL_TIME,USD,BASE_SALARY,120000.0,,,kaggle_us,"['Python', 'SQL', 'Machine Learning', 'Statistics', 'Data Visualization']"
3905860144,Coders Data,Junior Data Analyst,"We are seeking an entry-level Java/J2EE developer who should be self-directed and will utilize their passion for Java development to provide insights to the business, covering a range of topics.
Hire Type : Fulltime on W2Role : Software DeveloperLocation : Arlington, TXEmployment Type: Hybrid or RemoteCompensation : $75,000-$80,000 per annumWork Authorization: Any EAD (CPT,OPT, H4-EAD, H1B,GC, etc.)Contact : 307-227-8046 | soham@codersdata.com
About Us:CodersData is a full-service placement firm that has been servicing clients in America for the past 10+ years. We are dedicated to fulfilling the IT needs of our clients. From recruiting to the full implementation of projects, we provide the highest quality IT services. We intend to deliver an exceptional student outcome. We don't just help you secure a tech job; we help you build a solid career in technology.
Job Description:This position encompasses a diverse range of skills, emphasizing cross-functional collaboration and comprehensive project planning, oversight, and execution. The software developer will play a crucial role in shaping and influencing the operational outcomes of the business through the implementation of innovative solutions.
Roles and responsibilities:Design, develop, and implement high-quality Java-based applications and services.Collaborate with cross-functional teams to define, design, and ship new features.Ensure code quality by writing clean, efficient, and well-tested code.Troubleshoot, debug, and resolve issues in production environments.Participate in code reviews and provide constructive feedback to peers.Stay updated with the latest technologies and industry trends to continuously improve development practices.Work closely with stakeholders to gather requirements and translate them into technical specifications.Deploy applications to AWS and manage cloud infrastructure as needed.Qualifications and requirements:Bachelor's degree in computer science, engineering, or a related field.Strong proficiency in the Java programming language and related frameworks such as Spring, Spring Boot, and Hibernate.Experience with cloud platforms, particularly AWS services such as EC2, S3, Lambda, and RDS.Familiarity with microservices architecture and containerization technologies like Docker.Solid understanding of the software development lifecycle (SDLC) and Agile methodologies.Excellent problem-solving skills and attention to detail.Ability to work independently as well as in a collaborative team environment.Effective communication skills, both verbal and written.Experience with continuous integration and deployment (CI/CD) tools is a plus.Other Benefits:Health Care Plan (Medical, Dental, and Vision).Visa SponsorshipOn-the-job Technical supportE- verified2 weeks of paid time off (vacation or sickness).Short-term and long-term disabilities.Training and development.Wellness Resources.Paid Time Off (PTO)
Candidates who are missing the required skills might be provided an option to enhance their skills so that they can also apply for the role and make a career in the IT industry.***Freshers can also apply***",80000.0,YEARLY,United States,14508644.0,2.0,,75000.0,Full-time,,1713536268000.0,1.0,https://www.linkedin.com/jobs/view/3905860144/?trk=jobs_biz_prem_srch,,ComplexOnsiteApply,1716128268000.0,,Entry level,,1713536268000.0,,0,FULL_TIME,USD,BASE_SALARY,77500.0,,,kaggle_us,[]
3905877360,Sunnova Energy,Energy Policy & Data Analyst,"Brief Description Of Sunnova

Sunnova (NYSE: NOVA) is an industry-leading adaptive energy services company focused on making clean energy more accessible, reliable, and affordable for homeowners and businesses.

At Sunnova, we embrace diverse perspectives, vibrant creativity and forward-thinkers who share our zeal for a sustainable future. A career with us means pushing beyond traditional limits, exploring new horizons, collaborating with like-minded peers, and transforming the energy industry for the better.

If you're excited about being a part of the fastest-growing segment of the energy industry, we encourage you to apply!

The Energy Policy & Data Analyst Position 

Sunnova Energy is searching for an Energy Policy & Data Analyst to be responsible for supporting the Government Affairs division within Sunnova. Our ambitious team is building a network of distributed energy assets to meet the challenge of providing clean, affordable, and reliable energy to all homeowners.

As an Energy Policy and Data Analyst at Sunnova, you will collect, model, and translate energy data to advance regulations and policy that drive deployment of distributed clean energy resources. This position involves working with cross functional teams to model the impact of regulatory, legislative, or third-party proposals on our company and customers. This individual will actively source and analyze data on energy consumption, production, and cost, as well as conduct modeling of energy programs and initiatives. A successful individual will be able to generate reports and provide recommendations for energy policy that furthers our goal of energy independence. Project examples include analysis of rate design, grid services or incentive proposals and their impact on customer savings and electrification. As an Energy Policy and Data Analyst, you will help empower decision makers to make data-informed policies which benefit ratepayers and help achieve decarbonization goals.


Strong communication skills, modeling, energy data analysis, and critical thinking are required for a successful candidate. Knowledge of energy systems and distributed solar is required.

Reporting to the Senior Manager of Government Affairs, you will work across different teams to model data to inform policy advocacy. The ability to obtain data from multiple sources, including regulatory or legislative hearings, academic articles, and reports, are fundamental to the role.

A willingness to perform under deadlines and collaborate within an organization is required. Honesty, accountability, and integrity are a must.

Energy Policy & Data Analyst Responsibilities

Support Government Affairs team members with energy policy recommendations based on data modelingEvaluate relevant regulatory or legislative filings and model the impacts to Sunnova’s customers and businessAnalyze program proposals (grid services, incentives, net energy metering, fixed charges) and develop recommendations that align with Sunnova’s objectivesCollaborate with interdisciplinary teams to model impacts to our customers by using a variety of software and data management tools Python, R, SQL, and ExcelDevelop clear and concise descriptions of data, methodology and results for inclusion in public filings, testimony and reportsPerform modeling to evaluate the impacts and effectiveness of policies and regulationsQuantify the benefits to ratepayers from solar and storage programsWork with customer management software such as Tableau


Minimum Requirements

Bachelor’s Degree in data science, economics or applicable area of focus; advanced degree preferred3-5 years of applicable experience including conducting data science projects in renewable energy, grid services, or distributed energy resource managementExceptional quantitative, modeling, analytical and communication skillsAbility to work independently and as part of a teamAnalytical thinker capable of defining value for customersSkill in managing multiple activities, delivering on commitments, and operating with speed and accuracy


Preferred Qualifications

Strong understanding of the solar energy market and regulatory environmentKnowledge and experience with energy systems analysisPrior work with Public Utility Commissions and energy market regulatorsThrives in a challenging and fast-paced workplaceExperience producing documents for regulators and legislators


Additional Knowledge, Skills And Abilities

Self-starter, diligent and detail orientedHonesty, integrity, and accountability


Working Conditions

Remote work from home office environment15% Travel


Benefits

Sunnova offers a generous employee reward package that includes:

Comprehensive benefits, including medical, dental, vision, life insurance, healthcare flexible spending account, and 401(k) with employer match.Competitive compensation & annual bonusPaid time off, including 10 holidays and paid parental LeaveCell phone allowance for many rolesFree access to onsite fitness center in Houston and/or discounted fitness memberships through health providerComplimentary garage parking in Houston


$95,000 - $105,000 a year

All qualified applicants will receive consideration for employment without regard to race, color, religion, sex, sexual orientation, gender identity, or national origin.

We appreciate the capabilities of artificial intelligence (AI), and we are looking to hire real people. If you use AI for any part of the job application process, we highly encourage that you review any AI generated content to ensure your personality and unique capabilities are highlighted. We reserve the right to disqualify candidates that we reasonably believe solely relied on AI generated content in the application process.

If you are selected for a position, your employment will be contingent upon submission to and successful completion of a post-offer/pre-placement drug test (and medical examination if required by the role) as well as pre-placement verification of the information and qualifications provided during the selection process.",105000.0,YEARLY,United States,3165266.0,3.0,,95000.0,Full-time,,1713539322000.0,1.0,https://www.linkedin.com/jobs/view/3905877360/?trk=jobs_biz_prem_srch,,ComplexOnsiteApply,1716131985000.0,,Entry level,,1713539985000.0,jobs.lever.co,0,FULL_TIME,USD,BASE_SALARY,100000.0,,,kaggle_us,"['Python', 'SQL', 'Tableau']"
3906225726,Medica,Senior Healthcare Data Analyst,"The Senior Healthcare Data Analyst analyzes data by collecting, monitoring, and creating models for decision support. Improves operational activities by analyzing results; monitoring variances; identifying trends; recommending actions to management. This is a senior level professional position that is accountable for more complex responsibilities with minimal supervision and serves as a resource to others.

Qualifications: 

Bachelor's degree or equivalent combination of education and experience required; degree within Finance, Business Administration, Analytics, Economics or related preferred 5+ years of work experience within finance and/or analytics required 

Skills and Abilities:

3+ years SAS, SQL or PowerBI experience requiredAdvanced Microsoft Excel skills required Healthcare, Health Plan experience preferredData-driven, analytic, reporting and financial background strongly preferred

This position is a Remote role. The employee must be located in any state in which Medica is an employer and will work remotely 100% of the time.

The full salary range for this position is $67,100 - $115,100. Annual salary range placement will depend on a variety of factors including, but not limited to, education, work experience, applicable certifications and/or licensure, the position's scope and responsibility, internal pay equity and external market salary data. In addition to compensation, Medica offers a generous total rewards package that includes competitive medical, dental, vision, PTO, Holidays, paid volunteer time off, 401K contributions, caregiver services and many other benefits to support our employees.

The compensation and benefits information is provided as of the date of this posting. Medica’s compensation and benefits are subject to change at any time, with or without notice, subject to applicable law.

Medica's commitment to diversity, equity and inclusion (DEI) includes unifying our workforce through learning and development, recruitment and retention. We consistently communicate the importance of DEI, celebrate achievements, and seek out community partnerships and diverse suppliers that are representative of everyone in our community. We are developing sustainable programs and investing time, talent and resources to ensure that we are living our values. We are an Equal Opportunity/Affirmative Action employer, where all qualified candidates receive consideration for employment indiscriminate of race, religion, ethnicity, national origin, citizenship, gender, gender identity, sexual orientation, age, veteran status, disability, genetic information, or any other protected characteristic.",115100.0,YEARLY,United States,10086.0,5.0,,67100.0,Full-time,,1713484800000.0,1.0,https://www.linkedin.com/jobs/view/3906225726/?trk=jobs_biz_prem_srch,https://recruiting2.ultipro.com/MED1007MHP/JobBoard/ffa5492f-9175-4dab-891d-a6a5d6dced2f/OpportunityDetail?opportunityId=11f852cc-ccba-4ff0-969e-09c1b97e0d57&utm_source=LINKEDIN&utm_medium=referrer,OffsiteApply,1716154955000.0,,Mid-Senior level,,1713562955000.0,recruiting2.ultipro.com,0,FULL_TIME,USD,BASE_SALARY,91100.0,,,kaggle_us,"['SQL', 'Excel', 'Power BI', 'SAS']"
3906254796,Huntress,Senior Data Analyst,"Reports to: Senior Director of Finance

Location: Remote US

Compensation Range: $120,000 to $140,000 base plus bonus and equity

What We Do: 

Founded in 2015 as a fully remote company by former NSA cyber operators, Huntress was built on a simple premise: to force hackers to earn every inch of their access.

Today’s cyber-attacks aren’t limited to large organizations with the security tools that can ward off threats. Hackers don't discriminate and will find a way to penetrate any vulnerability in any size business, which is why Huntress focuses on protecting those small to midsize businesses that make up the backbone of our economy.

Huntress stops hidden threats that sneak past preventive security tools by utilizing our award-winning security platform and expert human threat hunters through dynamic products, including Managed EDR, MDR for Microsoft 365, and Managed Security Awareness Training.

Join the hunt and help us stop hackers in their tracks!

What You’ll Do: 

We are seeking a highly skilled Sr. Data Analyst with expertise in revenue reporting (ARR), SQL, and complex data models. The ideal candidate will play a critical role in analyzing revenue data, identifying trends, and providing insights to drive strategic decision-making. This position offers an opportunity to work with cross-functional teams, utilizing advanced analytical techniques to optimize revenue performance.

Responsibilities: 

Revenue Analysis: Conduct in-depth analysis of revenue streams across multiple segments, regions, and products. Including variance analysis, trend identification, and forecastingData Modeling: Develop and maintain complex data models to support revenue reporting and analysis initiativesSQL Expertise: Write and optimize SQL queries to extract, transform, and manipulate large datasets from various sourcesARR Reporting: Prepare comprehensive reports and dashboards to communicate revenue performance metrics and insights to stakeholdersForecasting: Collaborate with finance and business teams to develop accurate revenue forecastsProcess Improvement & Automation: Identify opportunities to streamline revenue reporting processes and enhance data accuracy and integrityCross-functional Collaboration: Work closely with teams across the organization, including sales, marketing, and product, to gather data and insights for revenue analysisAd Hoc Analysis: Perform ad hoc analysis and provide decision support to senior management as needed

What You Bring To The Team: 

5+ years of experience in data analytics, with a focus on revenue reporting and analysis in the technology or SaaS industryAdvanced SQL skills, with experience using SQL to perform analysis, standardize queries, and build large-scale relational datasetsStrong analytical skills with experience in developing and interpreting complex data models. Providing insights to drive actionable resultsExperience developing, deploying, and maintaining enterprise-level reports using BI tools such as Sigma, Tableau, Power BI, Looker, or other relevant technologiesKnowledge of accounting principles and revenue recognition standards (e.g., ASC 606).Familiarity with statistical analysis and forecasting techniquesExcellent communication and presentation skills, with the ability to convey complex concepts to non-technical stakeholdersDetail-oriented with a strong commitment to accuracy and data integrityAbility to work independently and collaboratively in a fast-paced, dynamic environment 

What We Offer: 

100% remote work environment - since our founding in 2015Generous paid time off policy, including vacation, sick time, and paid holidays12 weeks paid parental leaveHighly competitive and comprehensive medical, dental, and vision benefits plans 401(k) with 5% contribution regardless of employee contributionLife and Disability insurance plansStock options for all full-time employees One-time $500 reimbursement to build/upgrade home officeAnnual allowance for education and professional development assistance $75 USD/month digital reimbursementAccess to both Udemy and BetterUp platforms for coaching, personal, and professional growth

Huntress is committed to creating a culture of inclusivity where every single member of our team is valued, has a voice, and is empowered to come to work every day just as they are.

We do not discriminate based on race, ethnicity, color, ancestry, national origin, religion, sex, sexual orientation, gender identity, disability, veteran status, genetic information, marital status, or any other legally protected status. 

We do discriminate against hackers who try to exploit small businesses.

Accommodations:

If you require reasonable accommodation in completing this application, interviewing, completing any pre-employment testing, or participating in the employee selection process, please direct your inquiries to accommodations@huntresslabs.com. Please note that non-accommodation requests to this inbox will not receive a response. 

If you have questions about your personal data privacy at Huntress, please visit our privacy page.

#BI-Remote",140000.0,YEARLY,United States,10172550.0,3.0,,120000.0,Full-time,,1713484800000.0,1.0,https://www.linkedin.com/jobs/view/3906254796/?trk=jobs_biz_prem_srch,https://boards.greenhouse.io/huntress/jobs/5959351003,OffsiteApply,1716160370000.0,,Mid-Senior level,,1713568370000.0,boards.greenhouse.io,0,FULL_TIME,USD,BASE_SALARY,130000.0,,,kaggle_us,"['SQL', 'Tableau', 'Power BI', 'Looker', 'Statistics']"
